date,close,high,low,open,volume,sma_5,daily_return,close_lag1,rsi_14,macd,macd_signal,macd_histogram,bb_upper,bb_middle,bb_lower
2023-06-13,180.77566528320312,181.60404834381112,179.91769818813273,180.2727216495119,54929100,,,,,0.0,0.0,0.0,,,
2023-06-14,181.4068145751953,181.84073380664427,179.50350482104812,180.83483150172444,57462900,,0.34913398935826295,180.77566528320312,,0.014160400781861426,0.007866889323256347,0.006293511458605079,,,
2023-06-15,183.43832397460935,183.94128262941163,181.23915892536104,181.41667817053525,65433200,,1.1198638839292054,181.4068145751953,,0.08104014616614563,0.03785592901296506,0.04318421715318057,,,
2023-06-16,182.3634185791016,184.4048073735327,181.7224110612984,184.1483923281464,101256200,,-0.5859764591266866,183.43832397460935,,0.07066322732657682,0.04896951245253543,0.021693714874041384,,,
2023-06-20,182.4521331787109,183.52707478677848,181.86043752572817,181.86043752572817,49799100,182.08727111816407,0.048647146615557385,182.3634185791016,,0.0670670841271317,0.05435313087072804,0.012713953256403655,,,
2023-06-21,181.4167022705078,182.84665255889604,180.06563271508736,182.34369383727915,49515700,182.215478515625,-0.5675082500618929,182.4521331787109,,0.01936904425423336,0.04487049832006919,-0.02550145406583583,,,
2023-06-22,184.4146423339844,184.46395407144703,181.1306792503188,181.19971869233248,51245300,182.81704406738282,1.6525160175199338,181.4167022705078,,0.12425793836280263,0.06496134153070247,0.05929659683210016,,,
2023-06-23,184.0990295410156,184.96686782724535,182.4521201007948,182.98466270291837,53117000,182.94918518066407,-0.17114302257909425,184.4146423339844,,0.17758077533287064,0.09202590928228555,0.0855548660505851,,,
2023-06-26,182.7085876464844,185.45015206010265,182.66913223239737,184.2470177435845,48088700,183.01821899414062,-0.755268454156308,184.0990295410156,,0.1428189863620446,0.10375936207346467,0.039059624288579925,,,
2023-06-27,185.4599609375,185.7854003052084,183.10300465121296,183.3199642296852,50730800,183.61978454589843,1.5058806630037114,182.7085876464844,,0.2578034852151916,0.13827418790628784,0.11952929730890374,,,
2023-06-28,186.6335601806641,187.2745677103686,185.00637796044083,185.33180236622024,51216800,184.66315612792968,0.6328046427010701,185.4599609375,,0.39980179702448027,0.19549493442930788,0.2043068625951724,,,
2023-06-29,186.96885681152344,187.44223149955704,186.3278492789131,186.46591313429835,46347300,185.1739990234375,0.17965505803713674,186.6335601806641,,0.5168867859568422,0.2645164254836045,0.25237036047323774,,,
2023-06-30,191.28831481933597,191.7912585176698,188.6157746627016,188.9806695476879,85213200,186.61185607910156,2.310255344913842,186.96885681152344,,0.8408617473514823,0.38649111957984167,0.45437062777164067,,,
2023-07-03,189.7991943359375,191.19956064074088,189.10885998965756,191.1009371490345,31458200,188.02997741699218,-0.7784691316899726,191.28831481933597,,0.9861365617021818,0.5119373934767423,0.4741991682254395,,,
2023-07-05,188.68479919433597,190.31198136153697,187.98460856583768,188.9214865295673,46920300,188.6749450683594,-0.5871442950538011,189.7991943359375,,1.016983420632755,0.6166301477285449,0.4003532729042102,,,
2023-07-06,189.15814208984372,189.36524537083605,186.5842258571581,187.2153769807983,45094300,189.17986145019532,0.25086435024383497,188.68479919433597,,1.0563155420400108,0.7071141241051678,0.34920141793484294,,,
2023-07-07,188.04379272460935,190.00628587990155,187.60988847797856,188.76371112125616,46815000,189.3948486328125,-0.5891099124377617,189.15814208984372,,1.004241966815414,0.7679086639829149,0.23633330283249898,,,
2023-07-10,186.00241088867188,187.36333679085425,184.45410938571573,186.6434184249519,59922200,188.3376678466797,-1.0855885250767523,188.04379272460935,,0.8233248899656758,0.7791952298752552,0.04412966009042052,,,
2023-07-11,185.4797515869141,186.6828860039108,184.0202171482648,186.544822138739,46638100,187.473779296875,-0.2809959823964925,186.00241088867188,,0.6407461522822757,0.751100527018039,-0.11035437473576326,,,
2023-07-12,187.1463623046875,189.04967210294507,185.86433228601203,187.05759515232103,60750200,187.1660919189453,0.8985405164252933,185.4797515869141,,0.600928988075708,0.7207159084277526,-0.11978692035204452,191.51192187378967,185.38702316284179,179.2621244518939
2023-07-13,187.9056854248047,188.5467078881079,187.1561982107916,187.86624506525828,41342300,186.9156005859375,0.4057375792754955,187.1463623046875,,0.613199042507631,0.6990123552986973,-0.0858133127910663,191.56056816108332,185.74352416992187,179.92648017876041
2023-07-14,188.05364990234372,188.53686585918996,187.00830716161784,187.6000029338883,41616200,186.91757202148438,0.07874401309599857,187.9056854248047,,0.6253170641880956,0.68416373358675,-0.05884666939865435,191.60190217773717,186.07586593627929,180.5498296948214
2023-07-17,191.3080291748047,191.6334686208352,189.1581605746784,189.2469126832782,50520200,187.97869567871095,1.730558951741147,188.05364990234372,,0.8483978506860126,0.7172056017701534,0.13119224891585923,192.31604896209376,186.46935119628907,180.62265343048438
2023-07-18,191.05160522460935,191.64331601668744,189.75971887799716,190.6768691009351,48288200,189.09306640625,-0.13403721281402026,191.3080291748047,,0.9940175858891394,0.7728306806018324,0.221186905287307,192.75701054967914,186.90376052856445,181.05051050744976
2023-07-19,192.40267944335935,195.489395852648,189.9865395225249,190.4303301514657,80507300,190.1443298339844,0.707177632536305,191.05160522460935,,1.1894760376380304,0.8564757541625442,0.33300028347548627,193.35210379146216,187.4012878417969,181.45047189213162
2023-07-20,190.4598846435547,193.7537038386121,189.8385898976753,192.3927782230016,59581200,190.65516967773436,-1.009754544700398,192.40267944335935,,1.191274542237096,0.9236384987174762,0.2676360435196199,193.2368286462493,187.85344696044922,182.47006527464913
2023-07-21,189.286376953125,192.2744851317762,188.58618628535973,191.41651794617292,71951700,190.90171508789064,-0.6161442828897565,190.4598846435547,,1.0955749028219657,0.958109124397179,0.1374657784247867,193.26169118708088,188.09703369140624,182.9323761957316
2023-07-24,190.08517456054688,192.2153155367517,189.5920872076012,190.7360534779148,45377800,190.65714416503906,0.422004805776218,189.286376953125,,1.0653033659296511,0.9795895218349985,0.08571384409465266,193.27113073640407,188.3963409423828,183.52155114836154
2023-07-25,190.943115234375,191.75178560391285,190.2527960456413,190.65713123041024,37283200,190.63544616699218,0.45134539072369867,190.08517456054688,,1.0911417516789186,1.001934545052432,0.08920720662648662,193.00385802713552,188.80806732177734,184.61227661641917
2023-07-26,191.8109893798828,192.93522799592876,190.6473103947794,190.9924625294884,47471900,190.51710815429686,0.45451973717016814,190.943115234375,,1.1616823358493207,1.033923703872336,0.12775863197698478,193.21445025161364,189.1256187438965,185.03678723617935
2023-07-27,190.5486602783203,194.47363103189025,189.8879250921341,193.3099522093675,47460200,190.53486328125,-0.6581109380873115,191.8109893798828,,1.110993986009106,1.0493530407748348,0.061640945234271216,193.2806764679661,189.3213737487793,185.36207102959253
2023-07-28,193.12255859375,193.91150122150717,191.45592124266815,191.9785925358936,48291400,191.302099609375,1.3507826880914224,190.5486602783203,,1.2480022158994473,1.0891143779766133,0.158887837922834,193.77082654109196,189.62905883789062,185.4872911346893
2023-07-31,193.73399353027344,193.77344894031904,192.56044337061044,193.34938604539337,38824100,192.0318634033203,0.31660461676548296,193.12255859375,,1.3859502158301211,1.1485191978250835,0.23743101800503763,194.23008624874151,189.7513427734375,185.27259929813349
2023-08-01,192.90560913085935,194.0101198390568,192.58016971551623,193.5269039281353,35175100,192.4243621826172,-0.42758856322478334,193.73399353027344,,1.4161302310114934,1.2020685572133938,0.2140616737980996,194.60258661947867,189.9066635131836,185.2107404068885
2023-08-02,189.91749572753903,192.48154051645844,189.19759252290805,192.3434766820384,50389300,192.0456634521484,-1.549002860405836,192.90560913085935,,1.199767451907178,1.2016081493885489,-0.0018406974813709454,194.62892250251974,189.96829833984376,185.30767417716777
2023-08-03,188.5269927978516,189.7103992851957,188.05363321247987,188.92147165885288,61235200,191.64132995605468,-0.732161575931002,189.91749572753903,,0.9121436917059498,1.1436964644357883,-0.23155277272983854,194.62890286322033,189.93674087524414,185.24457888726795
2023-08-04,179.47393798828125,184.7894189873242,179.40489853673822,182.95513345446872,115956800,188.91160583496094,-4.80199396129842,188.5269927978516,,-0.007166769595187361,0.9134640458764124,-0.9206308154715998,196.10637698988495,189.50824813842775,182.91011928697054
2023-08-07,176.37733459472656,180.5981607115797,174.89807268327343,179.6119861039443,97576100,185.44027404785157,-1.7253777502541232,179.47393798828125,,-0.9612878325419842,0.5384357798692351,-1.4997236124112194,197.76036151187694,189.02699432373046,180.293627135584
2023-08-08,177.31419372558594,177.77769698523286,175.12488493894773,177.205713919119,67823000,182.32199096679688,0.5311675295536447,176.37733459472656,,-1.6256339117505831,0.1055499160441245,-1.7311838277947076,198.7084562600038,188.61871643066405,178.5289766013243
2023-08-09,175.72647094726562,178.42857997538025,174.5627769846933,178.36941190145535,60378500,179.4837860107422,-0.8954290375521182,177.31419372558594,,-2.248250878917105,-0.36527282602510236,-1.8829780528920026,199.66517703900854,188.04772186279297,176.4302666865774
2023-08-10,175.50950622558594,178.25107058876787,175.14462641506705,176.9986245515979,54686900,176.88028869628906,-0.12346729579790923,175.72647094726562,,-2.7264674989933155,-0.8375619830163111,-1.8889055159770045,200.32906276380405,187.42791290283202,174.52676304186
2023-08-11,175.5687713623047,176.38840355314576,174.34427296435433,175.10465717699176,52036700,176.09925537109376,0.03376747960453795,175.50950622558594,,-3.065031297355034,-1.283093747534898,-1.7819375498201362,200.74370977785605,186.80366897583008,172.8636281738041
2023-08-14,177.21792602539062,177.44504830503124,175.0947779746906,175.74653589173266,43675600,176.26737365722656,0.9393211846785284,175.5687713623047,,-3.1678618792347493,-1.660073029755355,-1.5077888494793943,200.49735932073466,186.0991638183594,171.7009683159841
2023-08-15,175.23297119140625,177.2376075606865,174.83797474088598,176.64511288490613,43622600,175.85112915039062,-1.1200643628455418,177.21792602539062,,-3.365479955792381,-2.0011729862108463,-1.3643069695815346,200.28715883941862,185.30823211669923,170.32930539397984
2023-08-16,174.36402893066406,176.30940286172734,174.2948962433497,174.91703015656563,46964900,175.57864074707032,-0.49587828981855553,175.23297119140625,,-3.5489946591922887,-2.3107508048228613,-1.2382438543694274,199.75435911025792,184.40629959106445,169.05824007187098
2023-08-17,171.8260955810547,175.29223725703497,171.31258808782235,174.9268647491592,66062900,174.84195861816406,-1.455537225868178,174.36402893066406,,-3.849099087710357,-2.6184311824967748,-1.2306679052135823,199.5217686565505,183.47461013793946,167.42745161932842
2023-08-18,172.30999755859375,172.9123770667114,169.8116075662743,170.14735612669347,61172200,174.19020385742186,0.28162310032284577,171.8260955810547,,-4.0024335260015675,-2.895239367483736,-1.1071941585178315,199.16690884280436,182.62579116821288,166.0846734936214
2023-08-21,173.6431121826172,173.92949746098708,171.56935789788312,172.88274314562352,46311900,173.4752410888672,0.7736722435795486,172.30999755859375,,-3.972841026515482,-3.1107645056612756,-0.8620765208542065,198.41801146107355,181.8036880493164,165.18936463755927
2023-08-22,175.0157470703125,175.46012191641384,174.04799506153495,174.8478727981476,42038900,173.43179626464843,0.7904919869506475,173.6431121826172,,-3.7970725006438784,-3.2480285535302413,-0.549043947113637,197.30089433323278,181.00731964111327,164.71374494899376
2023-08-23,178.85714721679688,179.2817827873095,176.10201110060572,176.28963972003098,52722800,174.330419921875,2.194888294789322,175.0157470703125,,-3.315620728618967,-3.2615471814922916,-0.054073547126675336,195.85527444268683,180.359627532959,164.86398062323116
2023-08-24,174.17636108398438,178.83739189345877,173.81097351698816,178.41275636104422,54945800,174.80047302246095,-2.617052885864724,178.85714721679688,,-3.2671882111677064,-3.2626754003093565,-0.004512810858349869,194.49047399015288,179.5410125732422,164.59155115633152
2023-08-25,176.37852478027344,176.91177162464882,173.62338845938783,175.16389608553052,51449600,175.6141784667969,1.2643298336145758,174.17636108398438,,-3.019226892425081,-3.2139852539779477,0.19475836155286652,192.26136995048898,178.70381088256835,165.1462518146477
2023-08-28,177.93875122070312,178.33374768816518,176.31924159506977,177.83999456976295,43820700,176.47330627441406,0.8845898004722322,176.37852478027344,,-2.6680020455092404,-3.104787814323022,0.4367857688137815,189.4788741059551,177.91404876708984,166.34922342822458
2023-08-29,181.81964111328125,182.5898947624316,177.25736718090633,177.4548654120463,53003900,177.8340850830078,2.1810256989859016,177.93875122070312,,-2.0573302759011654,-2.8952950819427654,0.8379648060416001,186.7590948495407,177.35975036621093,167.96040588288116
2023-08-30,185.30555725097656,185.50307057198083,182.4319252754348,182.62942352828824,60813900,179.12376708984374,1.9172384877404092,181.81964111328125,,-1.2811544946603135,-2.5724654546749828,1.2913109600146693,185.38846199082025,177.1291534423828,168.86984489394536
2023-08-31,185.52281188964844,186.75719481874472,185.13768501849643,185.4931879048022,60794500,181.39305725097657,0.1172412969664082,185.30555725097656,,-0.6414099049240178,-2.1862528997320694,1.5448429948080515,184.435744177275,176.97894439697265,169.5221446166703
2023-09-01,187.09295654296875,187.5472010181368,185.9276912341992,187.12258052751665,45766500,183.53594360351562,0.8463350880290972,185.52281188964844,,-0.009142277448432878,-1.7508294719853787,1.7416871945369459,186.03270978391845,177.35989532470703,168.6870808654956
2023-09-05,187.3299560546875,187.6064566338381,185.26607135025952,185.92769881238064,45280000,185.4141845703125,0.12667473757320172,187.09295654296875,,0.5049542498600204,-1.2996716473079324,1.8046258971679527,187.63781351509698,177.90752639770508,168.1772392803132
2023-09-06,180.6248016357422,186.49059214043663,179.20278998997966,186.0462022000218,81755800,185.1752166748047,-3.579328453473756,187.3299560546875,,0.37233129654532604,-0.9652704179517898,1.337601714497116,187.87323240829244,178.07305679321288,168.27288117813333
2023-09-07,175.34161376953125,175.98350189646143,171.37183427986267,172.99134398653018,112488800,183.18242797851562,-2.9249515118445926,180.6248016357422,,-0.15339471277710004,-0.8028950280772907,0.6495003153001907,187.87487894268293,178.05381393432617,168.23274892596942
2023-09-08,175.95384216308594,177.98811753082185,175.56871535945672,176.12173147198052,65551300,181.2686340332031,0.34916320227290687,175.34161376953125,,-0.5150642405279768,-0.7453287999914378,0.23026455946346092,187.87484664268803,178.07603073120117,168.27721481971432
2023-09-11,177.11912536621094,178.0473836718388,175.1243584797436,177.82026144859472,58953100,179.27386779785155,0.6622664153277975,175.95384216308594,,-0.700289298501275,-0.7363208908584735,0.03603159235719855,187.89320049993617,178.15354843139647,168.41389636285678
2023-09-12,174.09738159179688,177.8795329175836,172.63587633671216,177.2475294233725,90370200,176.62735290527343,-1.7060516577000449,177.11912536621094,,-1.0766985965281606,-0.8043964854070899,-0.2723021111210707,187.8989205445577,177.9975212097168,168.0961218748759
2023-09-13,172.03347778320312,175.08486860955094,171.8063404869434,174.30473020059844,84267900,174.90908813476562,-1.1854881387205176,174.09738159179688,,-1.5228263345564983,-0.9480825454301732,-0.5747437891263251,188.02623331000413,177.83754653930663,167.64885976860913
2023-09-14,173.54434204101562,173.8998448696545,171.41132506918257,171.8260758579031,60895800,174.5496337890625,0.8782385133877799,172.03347778320312,,-1.7351829064209596,-1.1055026966797148,-0.6296802097412448,188.05046560547282,177.79656219482422,167.54265878417561
2023-09-15,172.823486328125,174.29487626046748,171.64836639188815,174.27512191376346,109259500,173.9235626220703,-0.4153726387232246,173.54434204101562,,-1.9389249254940637,-1.2721872094055058,-0.6667377160885579,187.98715022183248,177.84643173217773,167.705713242523
2023-09-18,175.74652099609375,177.13890868226434,173.96900640397726,174.2751309871455,67257600,173.64904174804687,1.6913411076657934,172.823486328125,,-1.8444973050066267,-1.3866492653124165,-0.4578480396942102,187.87650960807994,178.01825790405275,168.16000620002555
2023-09-19,176.83274841308594,177.38574949277796,174.91698390976052,175.30211073798526,51826900,174.19611511230468,0.618064819056265,175.74652099609375,,-1.6632629094371225,-1.441972008361393,-0.22129090107572957,187.83921171130314,178.17773971557617,168.5162677198492
2023-09-20,173.29750061035156,177.45489404541186,173.20861358406935,177.0203888259045,58436200,174.44891967773438,-1.9992042392939249,176.83274841308594,,-1.7830296876624345,-1.5101835582519032,-0.2728461294105313,187.9011152902331,178.09182739257812,168.28253949492316
2023-09-21,171.75697326660156,174.09737357666756,171.68785565712008,172.36923745366522,63149100,174.09144592285156,-0.8889495453334771,173.29750061035156,,-1.978893980998805,-1.6039256582265893,-0.3749683227722158,187.9356746875551,177.73681869506837,167.53796270258164
2023-09-22,172.60621643066406,174.86761425499944,171.87547142547365,172.48772049861157,56725400,174.04799194335936,0.4944446492686517,171.75697326660156,,-2.0422957490820863,-1.69159968793913,-0.3506960611429564,187.99579670451854,177.65831146240234,167.32082622028614
2023-09-25,173.880126953125,174.7590070374673,171.97423178505466,172.02361011818323,46172700,173.67471313476562,0.7380444046594739,172.60621643066406,,-1.967427246521396,-1.74676520546519,-0.2206620410562059,187.99562269086334,177.53339157104492,167.0711604512265
2023-09-26,169.8115692138672,173.01107959102313,169.51531434646242,172.63583748924898,64588900,172.27047729492188,-2.339863566096098,173.880126953125,,-2.2098013088500466,-1.8393724339443047,-0.37042887490574183,188.13981451534264,177.1270324707031,166.1142504260636
2023-09-27,168.30068969726562,170.87808171574733,166.93794126401278,170.46333088230946,66921800,171.2711151123047,-0.8897388579565525,169.8115692138672,,-2.494641409927823,-1.970426237974017,-0.524215171953806,187.90196074078182,176.45108489990236,165.0002090590229
2023-09-28,168.55746459960938,169.8807195182162,165.5258128129139,167.2243249736919,56294400,170.63121337890624,0.15256913254819646,168.30068969726562,,-2.6689316919254793,-2.1101273362969772,-0.5588043556285021,186.78426927024412,175.613680267334,164.44309126442386
2023-09-29,169.07095336914062,170.90771561508154,168.21181267677895,169.870831028669,51861100,169.92416076660157,0.30463721719532794,168.55746459960938,,-2.734198371286709,-2.234941548678899,-0.49925682260781024,185.2921948719581,174.79108734130858,164.28997981065908
2023-10-02,171.57923889160156,172.12237043121976,168.79446358018748,169.08084887750982,52164500,169.46398315429687,1.4835697513247463,169.07095336914062,,-2.5545652096365927,-2.298866283076399,-0.25569892656019366,182.85007233218053,174.01540145874023,165.18073058529993
2023-10-03,170.24610900878906,171.46075281316274,168.6858620497557,170.10785870603348,49594600,169.55089111328124,-0.7769762189321344,171.57923889160156,,-2.4908109296092675,-2.3372552134427753,-0.15355571616649222,179.5368453775205,173.1612091064453,166.78557283537012
2023-10-04,171.49034118652344,172.03347264460572,168.83394692911625,168.95244285882518,53020300,170.1888214111328,0.7308432392250097,170.24610900878906,,-2.31342337678808,-2.332488846006568,0.01906546921848795,178.05525922275928,172.70448608398436,167.35371294520945
2023-10-05,172.7247314453125,173.2579782200924,170.52258153582127,171.61871413723316,48527900,171.02227478027345,0.7198016227902093,171.49034118652344,,-2.049799914367867,-2.2759510586798917,0.22615114431202477,177.77889713432546,172.57364196777343,167.3683868012214
2023-10-06,175.27252197265625,175.76627518846593,171.01635659512883,171.62862082907645,57266700,172.26258850097656,1.4750583231622638,172.7247314453125,,-1.6170237598135486,-2.144165597043865,0.5271418372303165,177.6599116065351,172.53957595825196,167.4192403099688
2023-10-09,176.7537384033203,176.81298636382684,173.60359124576962,174.60096707330928,42390800,173.2974884033203,0.8450933517663097,175.27252197265625,,-1.1415687038849853,-1.9436462161446517,0.8020775122596664,177.57501693899567,172.52130661010742,167.46759628121916
2023-10-10,176.16127014160156,177.47465549196244,175.72676490471198,175.87489990900735,43698000,174.48052062988282,-0.3351941899903943,176.7537384033203,,-0.8032447833723495,-1.7155659275269186,0.9123211441545691,177.89342250488068,172.62450103759767,167.35557957031466
2023-10-11,177.55360412597656,177.60298244581088,175.38109366659629,175.97358830016492,47551100,175.69317321777345,0.7903746284616461,176.16127014160156,,-0.4181166164185868,-1.4560760634273227,1.0379594470087359,178.5998229703723,172.90050735473633,167.20119173910038
2023-10-12,178.45228576660156,180.0619109305439,176.80313684087554,177.8202822818536,56743100,176.83868408203125,0.5061466620454371,177.55360412597656,,-0.040023770766453026,-1.1728656032554723,1.1328418324890193,179.36122970356462,173.14590454101562,166.93057937846663
2023-10-13,176.6155242919922,179.65703072033497,175.91438812346496,179.15340788479125,51427100,177.10728454589844,-1.0292731565297417,178.45228576660156,,0.11031366527834052,-0.9162297483600537,1.0265434136383942,179.73795823566803,173.33550643920898,166.93305464274994
2023-10-16,176.4871063232422,176.8426091520335,174.3047110276888,174.54171793626583,52517000,177.0539581298828,-0.0727104648726638,176.6155242919922,,0.21660785954873063,-0.6896622259387857,0.9062700854875163,179.84191727663844,173.3725357055664,166.90315413449437
2023-10-17,174.93675231933594,176.19088966345473,172.61612132571108,174.44299912050275,57549400,176.80905456542968,-0.878451710272094,176.4871063232422,,0.17387328794302448,-0.5169551226504719,0.6908284105934964,179.5872145957806,173.2777359008789,166.96825720597718
2023-10-18,173.6431121826172,175.36137864838344,172.9222367694585,173.3863659573123,54764400,176.0269561767578,-0.7394901983531122,174.93675231933594,,0.03531568318592804,-0.40650096122125856,0.4418166444071866,179.6066158843025,173.29501647949218,166.98341707468185
2023-10-19,173.2678680419922,175.6181228712257,173.00123711265553,173.84060845589931,59302900,174.99007263183594,-0.21610079196827733,173.6431121826172,,-0.10354878289206226,-0.3459105254404709,0.24236174254840864,179.64068055623682,173.3705612182617,167.1004418802866
2023-10-20,170.7200927734375,173.22835212793277,170.4830858385587,173.11972583296543,64244000,173.810986328125,-1.4704257040533468,173.2678680419922,,-0.41423409633148367,-0.3595752396394125,-0.054658856692071156,179.65064904720631,173.2762550354004,166.90186102359448
2023-10-23,170.8385772705078,171.83595313524123,167.80692592091492,168.77469287243957,55980100,172.68128051757813,0.06940278390520392,170.7200927734375,,-0.6434804445289046,-0.4163562806862527,-0.22712416384265194,179.58248645006344,173.12417755126953,166.6658686524756
2023-10-24,171.2731170654297,171.50023932449824,169.30797385167378,170.88799016172553,43816600,171.94855346679688,0.25435695020675547,170.8385772705078,,-0.7811146770872313,-0.4893079600373089,-0.29180671704992234,179.5295876066228,173.19725494384767,166.86492228107252
2023-10-25,168.9623260498047,170.8978298690587,168.51793618108192,169.7325797223047,57157000,171.01239624023438,-1.3491848897350496,171.2731170654297,,-1.0642573508032456,-0.6042978382798511,-0.4599595125233945,179.46105791450924,173.2303367614746,166.99961560843997
2023-10-26,164.804931640625,169.2388405091802,163.600172706508,168.2414494672427,70625300,169.31980895996094,-2.4605452034048234,168.9623260498047,,-1.60539971355729,-0.8045182134598067,-0.8008815000974833,180.04423778053516,173.0427101135254,166.04118244651565
2023-10-27,166.11831665039062,166.8490767618186,164.7456834493569,164.82468576422622,58499100,168.39945373535156,0.7969330751761745,164.804931640625,,-1.9063603381952987,-1.0248866385164994,-0.8814736996787993,180.35850589367382,172.89507827758788,165.43165066150195
2023-10-30,168.1624298095703,169.0314401165317,166.7601727667049,166.90830774256386,51131000,167.86422424316407,1.2305164176938346,166.11831665039062,,-1.9574508510078203,-1.2113994810889692,-0.7460513699188511,180.46573053925738,172.72423782348633,164.9827451077153
2023-10-31,168.63645935058594,168.76482492650203,165.80230595130433,167.23420217717043,44846000,167.3368927001953,0.28188789942701425,168.1624298095703,,-1.9373741548907333,-1.3565944158955356,-0.5807797389951976,180.52591550127437,172.64375534057618,164.761595179878
2023-11-01,171.7964630126953,172.0532092124064,167.99455793411695,168.86356825336904,56934900,167.90372009277343,1.8738555554821634,168.63645935058594,,-1.6475995500368867,-1.4147954427386256,-0.23280410729826118,180.5329755437415,172.65906143188477,164.78514732002805
2023-11-02,175.3515167236328,175.55888462715336,173.26787764016203,173.32712561259646,77334800,170.013037109375,2.0693404559061213,171.7964630126953,,-1.1183177706704441,-1.3554999083129105,0.23718213764246632,180.75602406317708,172.79040069580077,164.82477732842446
2023-11-03,174.44300842285156,174.61089777938133,171.1842491912974,172.06312932936157,79829200,171.6779754638672,-0.5181068962255556,175.3515167236328,,-0.7633405219488907,-1.2370680310208064,0.47372750907191574,180.66863754468235,172.74892501831056,164.82921249193876
2023-11-06,176.9907684326172,177.1882666996337,174.0085099439187,174.1763842242903,63841300,173.44364318847656,1.4605113915427494,174.44300842285156,,-0.2733596597259407,-1.0443263567367056,0.7709666970107649,180.7063899009902,172.7607765197754,164.8151631385606
2023-11-07,179.54840087890625,180.1606499568927,176.73400192517136,176.9413698079054,70530000,175.62603149414062,1.4450654511185923,176.9907684326172,,0.3176014601723125,-0.7719407933264931,1.0895422534988057,181.31326802927614,172.9301330566406,164.54699808400508
2023-11-08,180.60504150390625,181.15804266662397,179.3212801943679,180.07179468790036,49340300,177.38774719238282,0.5884990452867557,179.54840087890625,,0.8612480020025828,-0.4453030342334244,1.306551036236007,181.91896626040779,173.08270492553712,164.24644359066644
2023-11-09,180.13101196289062,181.81963914926845,179.5385022077218,180.67414339377052,53763500,178.34364624023436,-0.2624675020521907,180.60504150390625,,1.2395615971928464,-0.1083301079256775,1.347891705118524,182.2462078943606,173.16664123535156,164.08707457634253
2023-11-10,184.3136749267578,184.48178544542023,181.475802800193,181.9108804268445,66133400,180.31777954101562,2.322011583840361,180.13101196289062,,1.8554043934205424,0.28441679236453893,1.5709876010560035,183.8213974362694,173.55154876708986,163.28170009791032
2023-11-13,182.73159790039065,183.94782669363863,182.1482051958573,183.74018560328048,43627500,181.46594543457033,-0.858361175314768,184.3136749267578,,2.190581216688429,0.6656496772456031,1.5249315394428258,184.86317649424063,173.86377334594727,162.8643701976539
2023-11-14,185.3420562744141,186.0045554032819,184.21481647353397,185.599140759526,60108400,182.6246765136719,1.4285752458895653,182.73159790039065,,2.636412739992636,1.0598022898084802,1.5766104501841558,186.52248384671284,174.38403854370117,162.2455932406895
2023-11-15,185.9056701660156,187.3789985945617,185.6782486931539,185.7474724520267,53790500,183.68480224609374,0.3040939023396984,185.3420562744141,,3.0006155137472774,1.4479649346068524,1.552650579140425,188.1725367281335,174.9971664428711,161.8217961576087
2023-11-16,187.58663940429688,188.8226485285232,186.5384909930313,187.4482069859036,54412900,185.175927734375,0.904205469784841,185.9056701660156,,3.385830892305563,1.8355381261550718,1.5502927661504913,190.00191042716202,175.71310501098634,161.42429959481066
2023-11-17,187.5668487548828,188.24912816814668,186.4593894684262,188.12057839811112,50922700,185.8265625,-0.010550138046563445,187.58663940429688,,3.647472539252277,2.197925008780854,1.4495475304714232,191.57260997748162,176.5554428100586,161.53827564263557
2023-11-20,189.30712890625,189.76198684131356,187.75470950144611,187.7645921414258,46505100,187.14166870117188,0.9278186219577801,187.5668487548828,,3.949696704920882,2.5482793480137635,1.4014173569071184,193.26738252440887,177.4788703918457,161.69035825928253
2023-11-21,188.50624084472656,189.3763961789433,187.61632022600733,189.26762676216623,38134500,187.77450561523438,-0.42306281129014367,189.30712890625,,4.077591024550941,2.8541416833246243,1.2234493412263165,194.5776432224182,178.34052658081055,162.1034099392029
2023-11-22,189.1687164306641,190.77057938008176,188.6940931656517,189.3467095850447,39617700,188.42711486816407,0.3514342989223431,188.50624084472656,,4.184163036782991,3.120145954018681,1.0640170827643098,195.6454556998092,179.35084609985353,163.05623649989786
2023-11-24,187.84375,188.76333367409984,187.13180743837248,188.7336706580324,24048300,188.4785369873047,-0.7004151932012131,189.1687164306641,,4.114294417393268,3.3189756466950233,0.7953187706982443,195.6872622350212,180.50278701782227,165.31831180062335
2023-11-27,187.66574096679688,188.5358962659671,186.7857030257735,187.79429075090235,40552600,188.4983154296875,-0.09476441627848944,187.84375,,3.9984682456504004,3.454874166486878,0.5435940791635225,195.4697962721476,181.58015823364258,167.69052019513757
2023-11-28,188.26890563964844,188.9413024556769,187.2800983304318,187.6558499360948,38415400,188.2906707763672,0.3214037201165441,187.66574096679688,,3.9102641539000444,3.545952163969929,0.3643119899301155,195.24183138053803,182.5854820251465,169.92913266975495
2023-11-29,187.25045776367188,189.9400151741752,186.854940827776,188.7633319210795,43014200,188.03951416015624,-0.5409538407398501,188.26890563964844,,3.715361174885203,3.579833966153109,0.135527208732094,194.47767260985955,183.51618194580078,172.554691281742
2023-11-30,187.82394409179688,188.18981305356235,186.08364867108205,187.71517468500207,48794400,187.77055969238282,0.306266983255547,187.25045776367188,,3.566062354507494,3.5770796438239776,-0.011017289316483492,193.93217002813788,184.31755599975585,174.70294197137383
2023-12-01,189.0995178222656,189.4159283197641,187.11200544734405,188.19969953750024,45704800,188.02171325683594,0.6791326508644174,187.82394409179688,,3.5101969486961195,3.563703104798374,-0.05350615610225429,193.85601291344642,185.0049560546875,176.1538991959286
2023-12-04,187.3097381591797,187.9228088748552,185.3519041538941,187.85358512953687,43389500,187.9505126953125,-0.9464750009400452,189.0995178222656,,3.2836625400854302,3.5076949918556797,-0.22403245177024944,193.01250732112462,185.6482925415039,178.2840777618832
2023-12-05,191.2550811767578,192.22410797955845,188.0513405114985,188.08101860758427,66628400,188.54774780273436,2.1063202887109322,187.3097381591797,,3.383461146746356,3.482848222833778,-0.09938707608742181,192.9134898953673,186.36150817871095,179.8095264620546
2023-12-06,190.16741943359372,192.5800964734148,189.95976327032972,192.27356863697855,41089700,189.13114013671876,-0.5686969132908289,191.2550811767578,,3.3363336501798244,3.4535453083029517,-0.11721165812312728,192.81011436082994,186.8924591064453,180.97480385206066
2023-12-07,192.0955810546875,192.817406093886,191.42318430562543,191.4627450433353,47477700,189.98546752929687,1.0139284777785453,190.16741943359372,,3.4151923441624206,3.445874715474838,-0.030682371312417356,193.0352758254334,187.46698608398438,181.89869634253537
2023-12-08,193.51950073242188,193.79636559429088,191.50232520965804,192.0263919187675,53406400,190.8694641113281,0.7412558216677565,192.0955810546875,,3.5516382421159562,3.4670274208030776,0.08461082131287867,193.18630111533616,188.13641052246095,183.08651992958573
2023-12-11,191.01780700683597,191.32434997590968,189.27751140798415,190.948598334338,60943700,191.61107788085937,-1.2927346939805227,193.51950073242188,,3.418511411449316,3.457324218932319,-0.038812807483002754,193.33984916626179,188.47161712646485,183.6033850866679
2023-12-12,192.5306854248047,192.54056806660665,189.57414602172835,190.9189246189266,52696900,191.86619873046874,0.7920091020176878,191.01780700683597,,3.3959311848766163,3.445045612121172,-0.049114427244555614,193.34576810045587,188.96157150268556,184.57737490491525
2023-12-13,195.7442779541016,195.783823602978,192.6690869899489,192.9063910592081,70404200,192.9815704345703,1.6691326487548463,192.5306854248047,,3.5958821720566334,3.4752129241082756,0.12066924794835776,194.48261954334959,189.48168258666993,184.48074562999028
2023-12-14,195.89260864257807,197.38570218691584,193.96443748585023,195.80361960949875,66831600,193.74097595214843,0.07577779030212982,195.7442779541016,,3.723391930351653,3.524848725356966,0.19854320499468692,195.45094090528053,189.98102951049805,184.51111811571556
2023-12-15,195.35867309570312,196.1793699091571,194.7950456705572,195.3191123528845,128538400,194.1088104248047,-0.27256543806058137,195.89260864257807,,3.738269214183788,3.5675328231223418,0.1707363910614461,196.21474416648516,190.36963119506837,184.52451822365157
2023-12-18,193.69747924804688,194.42920214917604,192.21426816132805,193.89523770867532,55751900,194.64474487304688,-0.8503302266198631,195.35867309570312,,3.574811830793891,3.5689886246566513,0.005823206137239634,196.545353349402,190.67616271972656,184.80697209005112
2023-12-19,194.7357177734375,194.7456004150459,193.69746706046115,193.9644492639128,40714100,195.08575134277345,0.5360103442859306,193.69747924804688,,3.4888276218201497,3.552956424089348,-0.06412880226919837,197.04776296954185,190.94759216308594,184.84742135663004
2023-12-20,192.6493377685547,195.46742966263125,192.6493377685547,194.69616113684165,52242800,194.46676330566407,-1.071390512607544,194.7357177734375,,3.215272840768222,3.4854197074251143,-0.27014686665689247,197.18685195065063,191.15474700927734,185.12264206790405
2023-12-21,192.50099182128903,194.87413831888384,191.33420648650613,193.90511142023345,46482500,193.78843994140624,-0.07700309224206806,192.6493377685547,,2.952474410587854,3.378830648057651,-0.4263562374697969,197.30639003668014,191.32136077880858,185.33633152093702
2023-12-22,191.4330902099609,193.22282892375424,190.81013681243016,192.9953923922105,37149600,193.00332336425782,-0.55475122555188,192.50099182128903,,2.6277453923128746,3.228613596908683,-0.6008682045958085,197.2576959229409,191.50082778930664,185.74395965567237
2023-12-26,190.8892517089844,191.719846217368,190.6717128965979,191.4429813812401,28919300,192.44167785644532,-0.2840880332548735,191.4330902099609,,2.3000002311176218,3.0428909237504587,-0.7428906926328369,197.1405520038793,191.66200332641603,186.18345464895276
2023-12-27,190.98812866210935,191.3342172608312,188.95118798803827,190.33552729492325,48087700,191.6921600341797,0.051798072568110656,190.8892517089844,,2.024896409835037,2.8392920209673633,-0.8143956111323263,197.05233890798505,191.79796447753907,186.5435900470931
2023-12-28,191.41331481933597,192.4812284908812,191.00790021395272,191.967044481322,34049900,191.44495544433593,0.222624390429442,190.98812866210935,,1.820200679130778,2.6354737526000376,-0.8152730734692595,196.81272140757665,192.00610733032227,187.19949325306789
2023-12-29,190.3750457763672,192.2241103808097,189.5839970121992,191.7297067892047,42672100,191.01976623535157,-0.5424225811818477,191.41331481933597,,1.5562603335921494,2.4196310687984526,-0.8633707352063031,196.5960496955155,192.13366241455077,187.67127513358605
2024-01-02,183.5622100830078,186.3308738952772,181.83179708633995,185.05530386559408,82488700,189.44559020996093,-3.5786390309591236,190.3750457763672,,0.7882707881637714,2.093359012671508,-1.3050882245077364,197.61173904989056,191.8567970275879,186.10185500528524
2024-01-03,182.18777465820312,183.7995356475199,181.3769452980792,182.15811164141851,58414500,187.70529479980468,-0.7487572873431632,183.5622100830078,,0.06794694962772496,1.6882766000627425,-1.6203296504350175,198.54134151506167,191.60069885253907,184.66005619001646
2024-01-04,179.87393188476562,181.04071720671112,178.85546161628733,180.11123597031312,71983600,185.48245544433593,-1.2700318546501976,182.18777465820312,,-0.6817605131907953,1.214269177412027,-1.8960296906028222,199.7342188244205,191.03164138793946,182.3290639514584
2024-01-05,179.15211486816406,180.71443234786256,178.1534248404595,179.95306152436652,62379700,183.03021545410155,-0.40129050887928946,179.87393188476562,,-1.318948623137203,0.707625617302174,-2.026574240439377,200.67943106962792,190.48087615966796,180.282321249708
2024-01-08,183.4830780029297,183.52263874374276,179.46852282651062,180.0519155054874,59144500,181.65182189941407,2.417478095613178,179.15211486816406,,-1.4576541929667997,0.27456965524837457,-1.7322238482151742,200.67993266194682,190.05025100708008,179.42056935221333
2024-01-09,183.06781005859372,183.0776927013781,180.68478049118508,181.8614637667107,42841800,181.55294189453124,-0.22632492808374152,183.4830780029297,,-1.5828414991007946,-0.09691257562146245,-1.4859289234793323,200.46249757639302,189.52766647338868,178.59283537038434
2024-01-10,184.1060485839844,184.31368968460143,181.86145160567415,182.28664662503843,46792900,181.9365966796875,0.5671333070835214,183.06781005859372,,-1.5800631580837319,-0.3935426921139183,-1.1865204659698136,200.35295068469597,189.18207855224608,178.0112064197962
2024-01-11,183.5127410888672,184.9564063690912,181.5647895230864,184.4521049955326,49128400,182.66435852050782,-0.32226398843521126,184.1060485839844,,-1.6072087806767286,-0.6362759098264816,-0.9709328708502469,200.05983042323373,188.7311813354492,177.40253224766468
2024-01-12,183.8390655517578,184.6498948423917,183.11724039185432,183.97749798089004,40477800,183.60174865722655,0.17782114797827597,183.5127410888672,,-1.5841296069516204,-0.8258466492515101,-0.7582829577001103,199.16000389022935,188.13592071533202,177.1118375404347
2024-01-16,181.5746612548828,182.19759949773237,178.90486988724322,180.1211135415678,65603000,183.22006530761718,-1.2317318357112095,183.8390655517578,,-1.7286293322318045,-1.0064031858475695,-0.722226146384235,198.17962795627537,187.42002334594727,176.66041873561917
2024-01-17,180.6352996826172,180.88250149305736,178.2819487070673,179.24109293861534,47317400,182.7335632324219,-0.5173417732262817,181.5746612548828,,-1.8970759977791545,-1.184537748233887,-0.7125382495452675,197.1676729142013,186.68385467529296,176.20003643638464
2024-01-18,186.5187225341797,187.02300881659585,183.75005912545996,184.0071435872404,78005800,183.21609802246093,3.2570725998184678,180.6352996826172,,-1.538101771796903,-1.2552505529464903,-0.28285121885041264,196.27568221290647,186.3249168395996,176.37415146629274
2024-01-19,189.4159240722656,189.80155831594575,186.70660172518024,187.2108880167613,68903000,184.39673461914063,1.5533033353018997,186.5187225341797,,-1.0082119309230961,-1.2058428285418115,0.19763089761871533,195.3238237547191,186.058927154541,176.79403055436293
2024-01-22,191.71983337402344,193.14371820043877,190.1080727596782,190.14763349819023,60133900,185.97288818359374,1.2163229216561844,189.4159240722656,,-0.39778017984107805,-1.0442302988016645,0.6464501189605865,195.14655363697213,186.01245193481446,176.8783502326568
2024-01-23,192.99539184570312,193.55901922053997,191.660511110776,192.83719415255703,42355600,188.2570343017578,0.6653242125405038,191.71983337402344,,0.1867646646828689,-0.7980313061047576,0.9847959707876265,195.2475687435561,186.03717193603515,176.8267751285142
2024-01-24,192.32302856445312,194.18199120084623,192.16481576816375,193.23272951111284,53631300,190.594580078125,-0.3483830752744315,192.99539184570312,,0.5889774949866649,-0.5206295458864728,1.1096070408731378,195.40967596807457,186.08166885375977,176.75366173944496
2024-01-25,191.9967041015625,194.07320538533628,190.9485708187439,193.0349547434494,54822100,191.69017639160157,-0.16967518935532155,192.32302856445312,,0.8713580501214437,-0.24223202668488936,1.1135900768063332,195.59742002345536,186.13704147338868,176.676662923322
2024-01-26,190.2662811279297,192.5800863732271,189.7916578927919,192.09558049769083,44594000,191.86024780273436,-0.9012774368863398,191.9967041015625,,0.9446276322929066,-0.0048600948893300815,0.9494877271822366,195.48863017342907,186.1009490966797,176.71326801993033
2024-01-29,189.583984375,190.04872492717024,187.45805510800795,189.86084916080364,47145600,191.43307800292968,-0.3586009822050027,190.2662811279297,,0.936839609806384,0.1834798460498128,0.7533597637565712,195.2130702465457,186.00948257446288,176.80589490238006
2024-01-30,185.9353179931641,189.6532430962833,185.37170567810733,188.80286821503816,55859400,190.02106323242188,-1.9245646692490606,189.583984375,,0.629001245227073,0.27258412588526487,0.35641711934180814,194.75897641117166,185.78749618530273,176.8160159594338
2024-01-31,182.3360290527344,185.00582037875984,182.28660076654825,184.9464792769375,55467800,188.02366333007814,-1.9357747518209611,185.9353179931641,,0.09352767673166795,0.2367728360545455,-0.14324515932287754,194.7780956151877,185.72618713378907,176.67427865239043
2024-02-01,184.76852416992188,184.857513201702,181.7625567551165,181.93065217781276,64885400,186.57802734375,1.3340726623392443,182.3360290527344,,-0.13302427337924883,0.1628134141677866,-0.29583768754703543,194.76724743004937,185.855224609375,176.94320178870063
2024-02-02,183.76983642578125,185.2332669548565,177.24370243482153,177.84687547061628,102551700,185.27873840332032,-0.54050750723223,184.76852416992188,,-0.38867339834797576,0.052516051664634106,-0.4411894500126099,194.57340924997445,186.05001983642578,177.5266304228771
2024-02-05,185.579345703125,187.1317803970082,183.75994390321247,186.0440863383638,69668800,184.47781066894532,0.9846606562522314,183.76983642578125,,-0.44019111859336135,-0.04602538238696502,-0.39416573620639633,194.2607982745045,186.37138137817382,178.48196448184314
2024-02-06,187.1812438964844,187.1911265388062,184.67956238073768,184.76855142564483,43490800,184.7269958496094,0.863187757931851,185.579345703125,,-0.34775121880119286,-0.10637054966981063,-0.24138066913138223,194.333226283136,186.55628967285156,178.7793530625671
2024-02-07,187.29000854492188,188.91165203661865,186.49895962721544,188.50623739169367,53439000,185.71779174804686,0.05810659560400238,187.1812438964844,,-0.26268746228731743,-0.137633932193312,-0.12505353009400544,194.37295206754064,186.76739959716798,179.16184712679532
2024-02-08,186.2122039794922,187.418535043408,185.2530596605407,187.2702199788289,40962000,186.00652770996095,-0.5754736057749572,187.29000854492188,,-0.27902696659450044,-0.1659125390735497,-0.11311442752095074,194.38080395429944,186.87270736694336,179.36461077958728
2024-02-09,186.9745330810547,188.10321111496148,186.13296840440984,186.7765071990768,45155200,186.64746704101563,0.4093872932444623,186.2122039794922,,-0.2278363463973676,-0.1782973005383133,-0.049539045859054304,194.38547268189686,187.04579696655273,179.7061212512086
2024-02-12,185.29139709472656,186.79630612181435,184.93497167008087,186.5487888854563,41781900,186.58987731933593,-0.9001953146199192,186.9745330810547,,-0.319400265515867,-0.20651789353382408,-0.1128823719820429,194.35248231698068,187.11841354370117,179.88434477042165
2024-02-13,183.20237731933597,184.3607714461939,181.68757282391297,183.9251386304961,56529500,185.79410400390626,-1.1274240510597622,185.29139709472656,,-0.5541435911658539,-0.2760430330602301,-0.2781005581056238,194.2042414655856,187.19979934692384,180.19535722826208
2024-02-14,182.3211975097656,183.68749754312392,180.6281880058035,183.47959151637605,54630500,184.800341796875,-0.4809871042417777,183.20237731933597,,-0.8020376791708088,-0.38124196228234586,-0.42079571688846296,193.9901242363094,187.28409423828126,180.5780642402531
2024-02-15,182.0341033935547,182.6578517542401,179.54903541760635,181.727184392981,65434500,183.9647216796875,-0.15746612030426774,182.3211975097656,,-1.0100187100552773,-0.5069973118369322,-0.5030213982183451,194.16186450656974,187.05986328125,179.95786205593024
2024-02-16,180.49948120117188,183.0142649801448,179.86583763061847,181.5984584212064,49752500,182.66971130371093,-0.8430410366924405,182.0341033935547,,-1.2838764211029456,-0.662373133690135,-0.6215032874128107,194.1964993501622,186.61404113769532,179.03158292522843
2024-02-20,179.75694274902344,180.6182980286837,178.2124373755958,179.98465441119404,53665600,181.5628204345703,-0.4113798262505015,180.49948120117188,,-1.543039973393519,-0.8385065016308118,-0.7045334717627072,193.7875060845281,186.01589660644532,178.24428712836254
2024-02-21,180.5094146728516,181.07374623255757,178.8658962581704,180.13318356154335,41371400,181.02422790527345,0.4186052078548946,179.75694274902344,,-1.6684776664846481,-1.004500734601579,-0.663976931883069,192.80002963133282,185.39159774780273,177.98316586427265
2024-02-22,182.5390472412109,183.12319953047427,180.64802661628636,181.6578862880503,52292200,181.0677978515625,1.1243915294045728,180.5094146728516,,-1.5858332667224033,-1.1207672410257439,-0.46506602569665945,191.64595850715318,184.90239868164062,178.15883885612806
2024-02-23,180.70741271972656,183.20237592421452,180.42028422645075,183.17267506039363,45119700,180.80245971679688,-1.0034206648750534,182.5390472412109,,-1.6491243216948988,-1.226438657159575,-0.42268566453532386,190.44065876126268,184.33793411254882,178.23520946383496
2024-02-26,179.3609161376953,180.9450175834942,178.85597124394113,180.43019254491847,40867400,180.57474670410156,-0.7451252617509599,180.70741271972656,,-1.787330598562903,-1.3386170454402406,-0.4487135531226625,189.6070670217631,183.79266586303712,177.97826470431113
2024-02-27,180.8163146972656,182.0934971193568,177.77679547469845,179.30151026553332,54318900,180.78662109375,0.8114357302083444,179.3609161376953,,-1.759143375931643,-1.4227223115385212,-0.3364210643931218,188.62705621303,183.3542823791504,178.0815085452708
2024-02-28,179.6183624267578,181.30147713878307,178.34117973501887,180.69753428895103,48953900,180.60841064453126,-0.6625244367542129,180.8163146972656,,-1.8125752005326206,-1.5006928893373412,-0.3118823111952793,188.41597738167036,183.03843460083007,177.66089181998979
2024-02-29,178.95497131347656,180.75690414056305,177.74708592784262,179.4698114222519,136682600,179.89159545898437,-0.3693336829923266,179.6183624267578,,-1.886701651507849,-1.577894641771443,-0.30880700973640596,188.54425823007077,182.8693817138672,177.19450519766363
2024-03-01,177.8758087158203,178.73716395290236,175.61845249589473,177.76690051629518,73563100,179.3252746582031,-0.6030358305977843,178.95497131347656,,-2.0093640272424693,-1.6641885188656487,-0.34517550837682065,188.54092788137228,182.5247459411621,176.50856400095194
2024-03-04,173.36111450195312,175.14322688917085,172.06411122315788,174.40067502541137,81510100,178.12531433105468,-2.5381159172015333,177.8758087158203,,-2.4427145598044717,-1.8198937270534137,-0.622820832751058,189.24350768710644,182.0043098449707,174.76511200283494
2024-03-05,168.43055725097656,170.33148818677603,167.93552268101038,169.06420089624305,95132400,175.64816284179688,-2.844096419858338,173.36111450195312,,-3.147717525575814,-2.085458486757894,-1.06225903881792,190.38854105585887,181.1468704223633,171.90519978886772
2024-03-06,167.44046020507812,169.53941670485264,167.00482743895031,169.36119643359416,68587700,173.21258239746095,-0.5878369472013945,168.43055725097656,,-3.7431808917631315,-2.4170029677589415,-1.32617792400419,190.79895815337008,180.15983123779296,169.52070432221583
2024-03-07,167.32168579101562,169.03450118476172,166.81675596481475,167.47019012011697,71765100,170.88592529296875,-0.0709353127177429,167.44046020507812,,-4.176529555344416,-2.7689082852760367,-1.4076212700683794,190.69351407048785,179.16141510009766,167.62931612970746
2024-03-08,169.03448486328125,171.9749911536114,167.26226790901475,167.32166963491963,76267000,169.11766052246094,1.0236563564180836,167.32168579101562,,-4.331818486567045,-3.0814903255342387,-1.2503281610328059,190.17719565170566,178.30252914428712,166.42786263686858
2024-03-11,171.034423828125,172.64824117092596,170.34137853305091,171.22253935977105,60139500,168.6523223876953,1.1831544116346107,169.03448486328125,,-4.244578938371859,-3.3141080481017635,-0.9304708902700956,189.0650168922053,177.50552368164062,165.94603047107594
2024-03-12,171.50965881347656,172.3017170819102,169.31170429451927,171.43045147590772,59825400,169.2681427001953,0.2778592605598117,171.034423828125,,-4.089947126823034,-3.4692758638460184,-0.6206712629770159,188.06050140831636,176.81643676757812,165.5723721268399
2024-03-13,169.43051147460938,171.4700511814422,169.0641756745517,171.05422401757613,52488700,169.66615295410156,-1.212262535679312,171.50965881347656,,-4.088045593523674,-3.5930298097815494,-0.4950157837421245,187.41198364569357,176.1278434753418,164.84370330499002
2024-03-14,171.2819366455078,172.57892461566286,170.34137411890524,171.1928340614332,72913500,170.458203125,1.0927342158061593,169.43051147460938,,-3.8922763956835524,-3.6528791269619503,-0.23939726872160216,186.66269628046598,175.5758804321289,164.48906458379184
2024-03-15,170.9057159423828,170.9057159423828,168.59885322457814,169.47011882986197,121752700,170.83244934082032,-0.21964995871318407,171.2819366455078,,-3.7245514382855447,-3.6672135892266695,-0.05733784905887518,185.85573347206565,175.01946105957032,164.18318864707499
2024-03-18,171.9948272705078,175.9452089236444,171.79681644661977,173.82646138280157,75604200,171.02453002929687,0.6372585738982367,170.9057159423828,,-3.463817318505221,-3.6265343350823795,0.16271701657715854,185.1898494140696,174.5942283630371,163.9986073120046
2024-03-19,174.3313751220703,174.8561105550952,171.3116612385504,172.6086493883763,55215200,171.58887329101563,1.358498908741979,171.9948272705078,,-3.033673526548796,-3.507962173375663,0.4742886468268672,184.63607665763965,174.32294998168945,164.00982330573925
2024-03-20,176.8956298828125,176.8956298828125,173.3511809805003,173.97492929704185,53423100,173.08189697265624,1.4709083542458408,174.3313751220703,,-2.4575386306404425,-3.297877464828619,0.8403388341881763,184.12019564281636,174.1422607421875,164.16432584155862
2024-03-21,169.66810607910156,175.7273381457555,169.1433707597941,175.29170540355622,106181300,172.759130859375,-4.085755995497985,176.8956298828125,,-2.554699196673141,-3.1492418111975238,0.5945426145243826,182.8360761912611,173.49871368408202,164.16135117690294
2024-03-22,170.56910705566406,171.33146450930536,168.37115239719608,170.05426688241553,71160100,172.69180908203126,0.5310373277476447,169.66810607910156,,-2.5298340615985353,-3.0253602612777266,0.4955261996791913,181.76512039582914,172.9917984008789,164.21847640592867
2024-03-25,169.1533203125,170.23249206020807,167.76721443821097,168.87610215909345,54288300,172.12350769042968,-0.8300370258150148,170.56910705566406,,-2.5944630372582083,-2.939180816473823,0.34471777921561486,180.8740419632632,172.48141860961914,164.08879525597507
2024-03-26,168.02464294433594,169.71765273934344,167.89592911986227,168.3117563520967,57388400,170.8621612548828,-0.6672510868121908,169.1533203125,,-2.705568663929739,-2.8924583859650066,0.18688972203526744,179.47531550453226,171.84183502197266,164.20835453941305
2024-03-27,171.58889770507812,171.87602624497308,168.4206791559846,168.71770294967473,60273300,169.80081481933593,2.1212690580886826,168.02464294433594,,-2.477456583054618,-2.8094580253829293,0.3320014423283113,178.13912206305162,171.44036178588868,164.74160150872575
2024-03-28,169.77703857421875,170.51959037094832,168.81667037520145,170.0443614510728,65672700,169.82260131835938,-1.0559302816744849,171.58889770507812,,-2.415038911267999,-2.7305742025599433,0.31553529129194446,176.6981841974306,170.9814651489258,165.26474610042098
2024-04-01,168.34146118164062,169.54934678777494,167.79692011211174,169.48994505423667,46240500,169.3770721435547,-0.8455662818918568,169.77703857421875,,-2.453133339255402,-2.675086029899035,0.22195269064363332,175.3197817462256,170.5047477722168,165.689713798208
2024-04-02,167.16326904296875,167.65830361021796,166.55932626663449,167.40089107386055,49329500,168.97906188964845,-0.6998823286918036,168.34146118164062,,-2.549010286575026,-2.6498708812342335,0.1008605946592076,175.0335723278271,170.1948554992676,165.35613867070808
2024-04-03,167.96519470214844,168.98496453257434,166.90582876011774,167.11373478373662,47691700,168.96717224121093,0.47972599708704866,167.16326904296875,,-2.5311077339378585,-2.6261182517749586,0.09501051783710013,175.05033653085354,170.17158737182618,165.2928382127988
2024-04-04,167.14349365234375,170.2126991824844,167.14349365234375,168.59888151299202,53704400,168.07809143066407,-0.4892091193427332,167.96519470214844,,-2.553785776714278,-2.611651756762823,0.057865980048544596,175.0721563571093,170.15673904418946,165.24132173126964
2024-04-05,167.89590454101562,168.69785802201392,167.27215623034843,167.90579979250484,42104800,167.70186462402344,0.45015864646031606,167.14349365234375,,-2.4824291279880697,-2.5858072310078724,0.10337810301980266,175.0374417442652,170.18544998168946,165.3334582191137
2024-04-08,166.77713012695312,167.51968192191484,166.5692240844266,167.3513719945941,37425500,167.38899841308594,-0.6663500322541771,167.89590454101562,,-2.487480081632299,-2.566141801132758,0.07866171950045908,175.137649508158,170.07258224487305,165.0075149815881
2024-04-09,167.98501586914062,168.39094781013864,166.67813256359855,167.02464767080627,42373800,167.5533477783203,0.7242514254010968,166.77713012695312,,-2.366734482622462,-2.526260337430699,0.159525854808237,175.04648647662904,169.92011184692382,164.7937372172186
2024-04-10,166.1138153076172,167.41080359039768,165.45047073196832,167.12369015897798,49709300,167.18307189941407,-1.1139092090101013,167.98501586914062,,-2.394431441361519,-2.4998945582168632,0.10546311685534437,174.98805292675704,169.65031967163085,164.31258641650467
2024-04-11,173.30166625976562,173.71750852250418,166.49000200344838,166.6682071669761,91070300,168.41470642089843,4.327063910269983,166.1138153076172,,-1.815454604860605,-2.363006567545612,0.5475519626850067,175.42332950119953,169.84387741088867,164.2644253205778
2024-04-12,174.7966766357422,176.58869902312352,172.47991891196477,172.5294102738014,101670900,169.79486083984375,0.8626635901674824,173.30166625976562,,-1.2218912567568054,-2.1347835053878508,0.9128922486310453,175.99699973339452,170.01961441040038,164.04222908740624
2024-04-15,170.97503662109375,174.8759113224836,170.7869210734751,173.61851932570818,73531800,170.6344421386719,-2.1863344819835056,174.7966766357422,,-1.0477842082029554,-1.9173836459508717,0.8695994377479164,176.00270916156757,170.02308044433593,164.0434517271043
2024-04-16,167.6979217529297,172.03441446797186,166.59894436401518,170.0443808641566,73711200,170.5770233154297,-1.9167212552945019,170.97503662109375,,-1.160857239902498,-1.766078364741197,0.6052211248386992,175.79833604842779,169.80823516845703,163.81813428848628
2024-04-17,166.3315887451172,168.9552655008738,166.3315887451172,167.9256004082147,50901200,170.62057800292968,-0.8147584618404073,167.6979217529297,,-1.3452132974382778,-1.6819053512806135,0.3366920538423357,175.1914276697383,169.4082458496094,163.62506402948048
2024-04-18,165.38113403320312,166.96525061902096,164.89600984807865,166.36130787024413,43122900,169.03647155761718,-0.5714216518249688,166.3315887451172,,-1.5501414818455146,-1.655552577393594,0.10541109554807937,173.69683127533142,168.8325210571289,163.96821083892638
2024-04-19,163.3613739013672,164.74746436429578,162.45051229612085,164.55936395716853,68149400,166.7494110107422,-1.2212760201719475,165.38113403320312,,-1.8541527779973137,-1.6952726175143382,-0.15888016048297549,173.93914168569788,168.51718444824218,163.09522721078648
2024-04-22,164.1930389404297,165.59893510418706,163.13367296874276,163.8762247169617,48116400,165.39301147460938,0.5090952770540698,163.3613739013672,,-2.0048646737566003,-1.7571910287627908,-0.2476736449938095,173.85698105732834,168.19838104248046,162.53978102763259
2024-04-23,165.2425079345703,165.391027347015,163.28217556978177,163.7079130900853,49537800,164.9019287109375,0.6391677752680972,164.1930389404297,,-2.016378013445973,-1.8090284256994273,-0.20734958774654544,173.79129328943856,168.002840423584,162.21438755772942
2024-04-24,167.34149169921875,167.6187098522012,164.5593998092657,164.8861093338651,48251800,165.10390930175782,1.2702444370304247,165.2425079345703,,-1.8349794770009566,-1.8142186359597332,-0.020760841041223443,173.76465166477777,167.96868286132812,162.17271405787847
2024-04-25,168.20281982421875,168.91567070440144,166.48009434590165,167.84639438412742,50558300,165.66824645996093,0.5147128283929485,167.34149169921875,,-1.6032367365955054,-1.7720222560868875,0.1687855194913821,173.34238872718026,167.79937896728515,162.25636920739004
2024-04-26,167.6186981201172,169.63843239437367,167.49987955768665,168.19293999888993,44838400,166.51971130371095,-0.34727224235122933,168.20281982421875,,-1.4499980086034157,-1.707617406590193,0.25761939798677735,173.15583715447104,167.69146194458008,162.22708673468912
2024-04-29,171.77696228027344,174.2818355072499,171.38094074443055,171.64824848286057,68169400,168.0364959716797,2.48078776818586,167.6186981201172,,-0.9817016146056403,-1.5624342481932825,0.5807326335876422,173.62172389248468,167.8632369995117,162.10475010653875
2024-04-30,168.6384735107422,173.2521991943247,168.31174889120035,171.60868084411632,65934800,168.71568908691407,-1.827071993746433,171.77696228027344,,-0.8539790153860451,-1.420743201631835,0.56676418624579,173.69552478973813,167.9369972229004,162.17846965606267
2024-05-01,167.6186981201172,170.99483730573115,167.43058257791944,167.8959162536964,50383100,168.77113037109376,-0.6047109947066978,168.6384735107422,,-0.8255290984462249,-1.3017003809947132,0.4761712825484883,173.67992741341973,167.91967239379883,162.15941737417793
2024-05-02,171.3116455078125,171.69777183075684,169.19289835753364,170.79680537480178,94214900,169.3928955078125,2.2031834330612154,167.6186981201172,,-0.4992374537403066,-1.141207795543832,0.6419703418035254,174.06887399084235,168.12807998657226,162.18728598230217
2024-05-03,181.5588531494141,185.14289799826796,180.84600228009177,184.796367814728,163224100,172.18092651367186,5.981617660157422,171.3116455078125,,0.5795345064040589,-0.7970593351542538,1.3765938415583125,177.25472211298487,168.81122741699218,160.3677327209995
2024-05-06,179.90545654296875,182.3707188474722,178.62825898838415,180.53910014061185,78569700,173.80662536621094,-0.9106670249148777,181.5588531494141,,1.286226948354198,-0.38040207845256335,1.6666290268067612,179.189746424872,169.46764373779297,159.74554105071394
2024-05-07,180.5885772705078,183.0637497391675,179.5193160584302,181.62815272879564,77305800,176.19664611816407,0.3797109552238097,179.90545654296875,,1.8797394656573374,0.07162623036941691,1.8081132352879206,180.97997593254274,170.09782180786132,159.2156676831799
2024-05-08,180.9252014160156,181.2519259752609,179.64800403830677,181.0341096024307,45057100,178.85794677734376,0.18640389696605614,180.5885772705078,,2.350173825160624,0.5273357493276585,1.8228380758329656,182.56233921629948,170.83839111328126,159.11444301026305
2024-05-09,182.73704528808597,182.82614787366472,180.3014688648197,180.74699689996783,48983000,181.14302673339844,1.0014325577033647,180.9252014160156,,2.8364996965838714,0.9891685387789012,1.84733115780497,184.1570395439586,171.31016006469727,158.46328058543594
2024-05-10,181.4779510498047,183.5004246665796,180.56585391849484,183.3120539854214,50759500,181.12684631347656,-0.6890196983848071,182.73704528808597,,3.0847588925580283,1.4082866095347268,1.6764722830233014,185.20071136038996,171.64422378540038,158.0877362104108
2024-05-13,184.68019104003903,185.4931559868038,183.03444380225457,183.8474087490193,72044800,182.08179321289063,1.7645339126379742,181.4779510498047,,3.4995593524291166,1.8265411581136048,1.6730181943155118,187.0767863872032,172.32948150634766,157.5821766254921
2024-05-14,185.82032775878903,186.6828664107388,184.6901187820661,185.8996425272296,52393600,183.12814331054685,0.6173573420783478,184.68019104003903,,3.875615525067957,2.2363560315044757,1.6392594935634812,188.97810052369232,173.23560180664063,157.49310308958894
2024-05-15,188.09068298339844,189.01268886802717,185.76085876781028,186.2962297111884,70400000,184.56123962402344,1.2218013238877299,185.82032775878903,,4.307190826046423,2.6505229904128655,1.6566678356335571,191.0347874986227,174.32355651855468,157.61232553848666
2024-05-16,188.20965576171875,189.458844598736,188.0312088580003,188.83425018022737,52845200,185.65576171874997,0.06325288229763804,188.09068298339844,,4.6057255330266855,3.0415634989356297,1.5641620340910558,192.71429780845963,175.46498260498046,158.2156674015013
2024-05-17,188.2393798828125,189.1713095252472,187.55530322495105,187.8824709799172,41282900,187.00804748535154,0.015793090409443166,188.20965576171875,,4.789504500589089,3.391151699266322,1.3983528013227673,193.87096951058905,176.70888290405273,159.5467962975164
2024-05-20,189.3993377685547,190.2717851507536,187.38677266186556,187.70403175639103,44361300,187.95187683105468,0.6162142514835703,188.2393798828125,,4.971441875068564,3.7072097344267703,1.2642321406417936,194.96260337010614,177.96919784545898,160.97579232081182
2024-05-21,190.69805908203125,191.07478526593155,189.28033239140817,189.4488705761584,42309400,188.92742309570312,0.6857053085706114,189.3993377685547,,5.160932492763578,3.9979542860941324,1.1629782066694458,196.03383569208316,179.24197540283203,162.4501151135809
2024-05-22,189.2605438232422,191.1640681663492,188.63596455316463,190.6187885434668,34648500,189.16139526367186,-0.7538174566164287,190.69805908203125,,5.1359061765869,4.225544664192687,0.9103615123942133,196.71550687636147,180.3379280090332,163.9603491417049
2024-05-23,185.2750396728516,189.3596513961204,185.027186725998,189.339818924604,51005900,188.57447204589843,-2.1058293872983977,189.2605438232422,,4.739837866523146,4.328403304658779,0.41143456186436733,196.66042363981825,181.19153900146483,165.72265436311142
2024-05-24,188.34841918945312,188.9432723510632,186.4250777783575,187.19839293954828,36327000,188.59627990722657,1.6588200558630768,185.2750396728516,,4.620682564404433,4.38685915660791,0.2338234077965229,196.60727340245606,182.22802505493163,167.8487767074072
2024-05-28,188.3583831787109,191.3425280405038,187.47602704829728,189.86531862155948,52280100,188.38808898925782,0.005290190010971979,188.34841918945312,,4.475464767639494,4.404580278814227,0.07088448882526688,196.79703114217568,183.0570960998535,169.31716105753134
2024-05-29,188.65577697753903,190.59895109353056,187.8824768517226,187.9816240997488,53068000,187.97963256835936,0.15788721150041055,188.3583831787109,,4.334411414662441,4.3905465059838695,-0.05613509132142891,196.1987715244271,184.05796127319337,171.91715102195965
2024-05-30,189.64718627929688,190.52954231443272,188.9928658858645,189.12173915319045,49889100,188.0569610595703,0.5255122942118418,188.65577697753903,,4.253591307856027,4.363155466358301,-0.10956415850227419,194.74966472892282,185.15938568115234,175.56910663338186
2024-05-31,190.5989532470703,190.9162123421418,188.2790528434088,189.7959119633218,75158300,189.12174377441406,0.5018618975826791,189.64718627929688,,4.21772116627568,4.334068606341777,-0.11634744006609665,193.466529452658,186.12375106811524,178.7809726835725
2024-06-03,192.3636474609375,193.3154095298356,190.8666209557148,191.24334718637152,50080500,189.92478942871094,0.9258677363141881,190.5989532470703,,4.282325907232348,4.323720066519892,-0.04139415928754353,194.18048084363284,186.66399078369142,179.14750072375
2024-06-04,192.680908203125,193.64257895328527,191.37223723797064,192.9684109970025,47471400,190.78929443359374,0.16492759748274416,192.3636474609375,,4.3094492714748185,4.3208659075108775,-0.011416636036059025,194.56808996556526,187.30276336669922,180.03743676783319
2024-06-05,194.18785095214844,195.20900403542356,193.19643901671665,193.72188613227584,54156800,191.8957092285156,0.7820924050424406,192.680908203125,,4.401801194041724,4.337052964817047,0.06474822922467727,195.1470499766706,187.98272705078125,180.8184041248919
2024-06-06,192.80978393554688,194.81244022862765,192.5024486640224,194.0093990023229,41181800,192.52822875976562,-0.7096566596955358,194.18785095214844,,4.314062440861477,4.3324548600259325,-0.018392419164455553,195.2297811277522,188.57695617675782,181.92413122576343
2024-06-07,195.19908142089844,195.2486550396786,192.4726987931798,192.9783133981505,53103900,193.44825439453126,1.23919929610536,192.80978393554688,,4.386757376460281,4.3433153633128025,0.04344201314747842,195.88418286047064,189.20005798339844,182.51593310632623
2024-06-10,191.4614715576172,195.60558138834557,190.49980075281104,195.20900753042525,97010200,193.2678192138672,-1.91476816185524,195.19908142089844,,4.09556365004255,4.2937650206587525,-0.1982013706162027,195.3694287941133,189.69923400878906,184.02903922346482
2024-06-11,205.37095642089844,205.3808802210458,191.96707924808356,191.98689659289,172373300,195.8058288574219,7.264900217324099,191.4614715576172,,4.930335858946279,4.421079188316258,0.5092566706300206,199.33884385133751,190.73377227783203,182.12870070432655
2024-06-12,211.2401580810547,218.3089152196564,205.1231328450552,205.58909768640683,198134300,199.21629028320314,2.8578537892804996,205.37095642089844,,5.996371927034232,4.736137736059853,1.260234190974379,204.28042223029152,192.0047637939453,179.72910535759908
2024-06-13,212.40008544921875,214.88852380834692,209.782758705521,212.8957913864929,97862700,203.1343505859375,0.5491036262711886,211.2401580810547,,6.8557804660485715,5.160066282057597,1.6957141839909742,208.3469809995339,193.22023391723633,178.09348683493874
2024-06-14,210.6651306152344,213.3221073788285,209.4853479747781,212.01345147179217,70122700,206.2275604248047,-0.8168333973665678,212.40008544921875,,7.312576737092911,5.59056837306466,1.7220083640282509,211.14459829227079,194.3430076599121,177.54141702755342
2024-06-17,214.8092498779297,217.069668171382,210.8931752545736,211.5375870444337,93728300,210.8971160888672,1.9671595629483822,210.6651306152344,,7.917716357045435,6.055997969860816,1.8617183871846192,214.51830055763799,195.67150115966797,176.82470176169795
2024-06-18,212.4496612548828,216.75240063817128,211.1707464886947,215.72132373307372,79943300,212.31285705566407,-1.0984576429496242,214.8092498779297,,8.113368917629145,6.467472159414483,1.6458967582146622,216.8387988599856,196.8240173339844,176.80923580798319
2024-06-20,207.8792266845703,212.4000773678065,207.0563681724187,212.0927269910851,86172500,211.6406707763672,-2.1513023571401226,212.4496612548828,,7.809604845869728,6.735898696705532,1.0737061491641962,218.0623231102439,197.68307571411134,177.30382831797877
2024-06-21,205.70806884765625,210.0702753319445,205.33132746963065,208.5831574221536,241805100,210.3022674560547,-1.044432323297273,207.8792266845703,,7.309416930127924,6.850602343390011,0.45881458673791276,218.78079664239442,198.50545196533204,178.23010728826966
2024-06-24,206.3524932861328,210.87332959032133,204.8158016590104,205.9361020610361,80727000,209.4397399902344,0.31327134715061267,205.70806884765625,,6.885640689913686,6.857610012694746,0.028030677218939815,219.11757719922429,199.5593246459961,180.0010720927679
2024-06-25,207.27452087402344,209.56468024841507,206.8184646829133,207.3538205241976,55549700,207.93279418945312,0.4468216367088532,206.3524932861328,,6.548705486460165,6.79582910744783,-0.24712362098766505,219.60605623071493,200.5056297302246,181.40520322973427
2024-06-26,211.4185943603516,213.01476817493463,208.8310086144187,209.68362348048936,66213200,207.72658081054686,1.9993163987805447,207.27452087402344,,6.540677151738379,6.744798716305939,-0.20412156456756048,220.45322753152843,201.65864028930665,182.86405304708487
2024-06-27,212.26129150390625,213.8872063968936,210.52632069800987,212.8462208878068,49772700,208.60299377441407,0.39859178238519893,211.4185943603516,,6.527073218173882,6.701253616679528,-0.17418039850564604,221.15401857462786,202.838916015625,184.52381345662212
2024-06-28,208.81118774414065,214.2143951724623,208.4939437749064,213.9169685509796,82542700,209.22361755371094,-1.6254041117535103,212.26129150390625,,6.166810312939191,6.594364955931462,-0.42755464299227075,221.18820583319769,203.7971160888672,186.4060263445367
2024-07-01,214.88856506347656,215.6420327867988,210.10004297476004,210.2685812104605,60402900,210.9308319091797,2.9104653754388905,208.81118774414065,,6.299081038036832,6.535308172352537,-0.23622713431570563,221.90735751644388,205.0115966796875,188.11583584293112
2024-07-02,218.3782958984375,218.48735180877676,213.2526983679821,214.293668724795,58046200,213.1515869140625,1.6239723290674382,214.88856506347656,,6.609310634893433,6.550108664860718,0.059201970032714435,223.11350023617632,206.3123291015625,189.5111579669487
2024-07-03,219.64730834960935,219.64730834960935,217.1489461385908,218.11061688690268,37369800,214.79732971191407,0.5811074062790718,218.3782958984375,,6.878279994380307,6.615742930764636,0.262537063615671,224.18159988178,207.66064910888673,191.13969833599347
2024-07-05,224.3961639404297,224.5052198536283,219.7464397478406,219.7464397478406,60412400,217.22430419921875,2.1620367790993633,219.64730834960935,,7.3894521034152945,6.770484765294769,0.6189673381205258,226.0259105485767,209.1710647583008,192.31621896802488
2024-07-08,225.86349487304688,225.89323602358715,221.3327346559492,225.1397532025748,59085900,220.634765625,0.6539019682202406,224.3961639404297,,7.822784831721151,6.980944778580046,0.8418400531411052,227.40354777110966,210.8237503051758,194.24395283924193
2024-07-09,226.7160797119141,227.4298975332092,224.4259205051531,225.97252074204383,48076100,223.0002685546875,0.3774779272526691,225.86349487304688,,8.141154451141546,7.212986713092345,0.9281677380492006,228.71553235090803,212.39960021972655,196.08366808854507
2024-07-10,230.97915649414065,231.0783037422216,227.28119408246096,227.3307677065015,62627700,225.52044067382812,1.8803592527021518,226.7160797119141,,8.637887150081582,7.497966800490192,1.1399203495913897,229.5461494040336,214.37548446655273,199.20481952907187
2024-07-11,225.6156463623047,230.39424455320685,223.8311016555944,229.40283250811748,64710600,226.7141082763672,-2.3220753825776588,230.97915649414065,,8.500769372397286,7.698527314871612,0.8022420575256746,230.72927206651315,215.38771896362306,200.04616586073297
2024-07-12,228.56008911132807,230.64206011910093,226.7160624017349,226.9540066999144,53046500,227.54689331054686,1.3050702805846408,225.6156463623047,,8.531350371126706,7.865091926122631,0.6662584450040754,232.5359985480639,216.25371551513672,199.97143248220954
2024-07-15,232.386962890625,235.1926606193721,231.0882156126273,234.44910163171727,62631300,228.8515869140625,1.674340342697767,228.56008911132807,,8.763364157188732,8.044746372335851,0.7186177848528814,234.93291983754648,217.25305938720703,199.57319893686758
2024-07-16,232.8033447265625,234.24088892580107,230.3347237014565,232.9817916034945,43234300,230.06903991699218,0.17917607371695538,232.386962890625,,8.878489587196754,8.211495015308031,0.666994571888722,237.0465738153976,218.35997009277344,199.67336637014927
2024-07-17,226.9143829345703,229.47222770464356,224.6936146131452,227.4794799069808,57345900,229.25608520507814,-2.529586419348496,232.8033447265625,,8.39773347557977,8.248742707362378,0.14899076821739143,237.94938721506392,218.96522674560546,199.981066276147
2024-07-18,222.2547149658203,228.46096321097224,220.36112971273343,228.3023336745397,66034600,228.58389892578126,-2.053491677560868,226.9143829345703,,7.553660633266674,8.109726292543238,-0.5560656592765643,238.2365076056947,219.45547943115236,200.67445125661
2024-07-19,222.38360595703125,224.8522270905052,221.3624528868853,222.88923571935769,49151500,227.34860229492188,0.05799246654036525,222.2547149658203,,6.816550301591207,7.851091094352832,-1.034540792761625,238.1836150475752,220.1806983947754,202.1777817419756
2024-07-22,222.03663635253903,225.82382229500527,221.17409763275572,225.06043082550624,48201800,225.27853698730468,-0.156023013926331,222.38360595703125,,6.133682235097922,7.50760932250185,-1.3739270874039278,237.66828170044832,220.99712677001952,204.32597183959072
2024-07-23,223.07760620117188,224.9910392063895,220.7676144514488,222.44310313331528,39960300,223.33338928222656,0.46882796719188236,222.03663635253903,,5.6118124588078615,7.128449949763052,-1.5166374909551905,237.02362732269324,221.8333824157715,206.64313750884975
2024-07-24,216.66314697265625,222.86939506256107,215.2652677100796,222.0762625279836,61777600,221.28314208984375,-2.875438434968256,223.07760620117188,,4.62729309515791,6.628218578842023,-2.000925483684113,236.11657792222712,222.3028137207031,208.4890495191791
2024-07-25,215.6221923828125,218.9533371697593,212.77682977395943,217.0498128962932,51391200,219.95663757324218,-0.48044838468773954,216.66314697265625,,3.7201742179817643,6.0466097066699716,-2.3264354886882073,235.7451422342578,222.51299362182618,209.28084500939457
2024-07-26,216.0881500244141,217.6050090608147,214.15488466672127,216.8217851678197,41601300,218.69754638671876,0.2160991113448733,215.6221923828125,,3.0042438073413393,5.438136526804246,-2.4338927194629063,235.4126042414012,222.70433654785157,209.99606885430194
2024-07-29,216.36573791503903,217.41663210574904,213.8971168447476,215.0967318967012,36311800,217.56336669921876,0.12846048734906598,216.0881500244141,,2.4312370346339947,4.836756628370196,-2.4055195937362015,234.42764060636765,223.0820640563965,211.73648750642533
2024-07-30,216.9209442138672,218.437803332798,214.26395224147615,217.3075942808937,41643800,216.3320343017578,0.25660546081753843,216.36573791503903,,1.9988836606443101,4.269182034825019,-2.270298374180709,234.25331385604625,223.183683013916,212.11405217178577
2024-07-31,220.1727600097656,221.89782218872543,218.7352157578384,219.53825698895488,50036300,217.0339569091797,1.4990787577857727,216.9209442138672,,1.8967700702462764,3.7946996419092707,-1.8979295716629943,234.20729713471925,223.2734062194824,212.33951530424557
2024-08-01,216.48471069335935,222.55214689360596,215.1562223313537,222.44309097566543,62501000,217.20646057128906,-1.6750706655276832,220.1727600097656,,1.5009475674725365,3.3359492270219238,-1.8350016595493872,234.3571160445381,223.11527633666992,211.87343662880176
2024-08-02,217.9718170166016,223.6625266661827,215.8402875210575,217.2679079240609,105568600,217.58319396972655,0.6869336492537167,216.48471069335935,,1.2923549706301856,2.927230375743576,-1.6348754051133905,234.24694600078482,222.7940589904785,211.3411719801722
2024-08-05,207.4727935791016,211.6664621054212,194.3167520967801,197.3802115476467,119548600,215.80460510253906,-4.816688497256667,217.9718170166016,,0.2766710954176119,2.3971185196783833,-2.1204474242607714,235.1049497183566,221.87452392578126,208.64409813320592
2024-08-06,205.4502868652344,208.18659343179937,199.343200967242,203.5368691310161,69660500,213.5104736328125,-0.9748298458689628,207.4727935791016,,-0.683585138317909,1.7809777880791247,-2.4645629263970337,235.7155819001092,220.81123428344728,205.90688666678534
2024-08-07,208.01806640625,211.80525225793107,204.61751548926864,205.12313014700663,63516400,211.07953491210938,1.2498301074166607,205.4502868652344,,-1.2232953850084414,1.1801231534616112,-2.403418538470053,234.80518071942862,219.66317977905274,204.52117883867686
2024-08-08,211.47808837890625,212.36044444161047,207.0365669160157,211.27980900719396,47161100,210.07821044921874,1.6633276293891615,208.01806640625,,-1.3561914564668882,0.6728602314759112,-2.0290516879427996,234.24751882769792,218.9563018798828,203.66508493206769
2024-08-09,214.3829345703125,214.91829038971971,210.1496011292121,210.27848952903548,42201600,209.36043395996094,1.3735920414608742,211.47808837890625,,-1.2131315148108683,0.2956618822185552,-1.5087933970294236,232.9678891089705,218.24744415283203,203.52699919669357
2024-08-12,215.91146850585935,217.8767320905019,213.9958359256548,214.4623401059105,38028100,211.0481689453125,0.7129923557630581,214.3829345703125,,-0.9652883233476075,0.0434718411053226,-1.00876016445293,230.57256028081423,217.42366943359374,204.27477858637326
2024-08-13,219.6236267089844,220.2390087017958,217.38043273085665,217.38043273085665,44155300,213.8828369140625,1.7192964453503854,215.91146850585935,,-0.46398216773829404,-0.05801896066340075,-0.4059632070748933,227.82303090593965,216.76468353271486,205.70633615949006
2024-08-14,220.07028198242188,221.3705324358261,218.06530765715263,218.9288446755302,41960600,216.29328002929688,0.20337305240356443,219.6236267089844,,-0.030302768541815794,-0.05247572223908376,0.022172953697267968,226.5420995384279,216.42247848510743,206.30285743178698
2024-08-15,223.04795837402344,223.67327566716008,221.1025352094067,222.9288560878089,46414000,218.6072540283203,1.3530570165032116,220.07028198242188,,0.5473553078341808,0.0674904837755692,0.47986482405861164,226.68371235858564,216.46214065551757,206.2405689524495
2024-08-16,224.3680877685547,225.1422830006272,221.98593577772976,222.25393109506464,44340200,220.60428466796876,0.5918589903959393,223.04795837402344,,1.099008221835902,0.27379403138763586,0.8252141904482662,227.05974405378407,216.56136474609374,206.06298543840342
2024-08-19,224.20925903320312,224.30852103873067,221.38045847347976,224.0405257400108,40687800,222.2638427734375,-0.07078936088067976,224.3680877685547,,1.5060205120736612,0.5202393275248409,0.9857811845488202,227.4481562720881,216.66999588012695,205.89183548816578
2024-08-20,224.8246307373047,225.4797235950926,223.772520166148,224.09014645304697,30299000,223.30404357910157,0.27446310948756675,224.20925903320312,,1.8568316387975585,0.7875577897793845,1.069273849018174,227.77971209059092,216.7573471069336,205.73498212327627
2024-08-21,224.7154693603516,226.2837152200136,223.375523094966,224.8345868015738,34765500,224.2330810546875,-0.0485540114511055,224.8246307373047,,2.1018151565731955,1.0504092631381468,1.0514058934350488,228.7418943265489,217.15996322631835,205.5780321260878
2024-08-22,222.859375,226.64102413052157,222.2340576918725,226.09511339685903,43695300,224.19536437988282,-0.8259753392300624,224.7154693603516,,2.1217369932574854,1.2646748091620146,0.8570621840954709,229.35104640822527,217.52182235717774,205.6925983061302
2024-08-23,225.15219116210935,226.52192810531065,222.66087229355688,223.98097823318813,38677300,224.35218505859376,1.0288174603870026,222.859375,,2.296068644679991,1.47095357626561,0.8251150684143811,230.25876927843024,217.9750244140625,205.69127954969474
2024-08-26,225.4896697998047,225.58893181224727,222.22415556593285,225.07279660900764,30602200,224.60826721191407,0.14988911986752848,225.15219116210935,,2.4334086202273966,1.6634445850579676,0.769964035169429,231.1338699494246,218.43122100830078,205.72857206717697
2024-08-27,226.33334350585935,227.1472495725316,223.21670725505916,224.31844891527624,35934600,224.910009765625,0.3741518211471477,225.4896697998047,,2.5805816189810002,1.8468719918425744,0.7337096271384258,232.05822880723943,218.9018409729004,205.74545313856137
2024-08-28,224.80479431152344,228.14971479709,224.0008084384826,226.22414704916855,38052200,224.92787475585936,-0.6753530746548344,226.33334350585935,,2.5445442136884537,1.9864064362117504,0.5581377774767033,232.5446469971659,219.1334426879883,205.7222383788107
2024-08-29,228.0802459716797,231.1869621230462,227.1770283167567,228.3879521456165,51906300,225.9720489501953,1.457020376361409,224.80479431152344,,2.748601715594532,2.1388454920883073,0.6097562235062246,233.6351339508823,219.7132194519043,205.7913049529263
2024-08-30,227.296142578125,228.6857199244299,225.787447784096,228.47729089511276,52990800,226.40083923339844,-0.34378400032594153,228.0802459716797,,2.814603171843146,2.273997028039275,0.540606143803871,234.47529217119916,220.17943572998047,205.88357928876178
2024-09-03,221.1124725341797,227.29611365629745,219.52437135882835,226.84946493362216,50190600,225.52539978027343,-2.7205345298897425,227.296142578125,,2.340954244659656,2.2873884713633514,0.05356577329630463,233.84622407542864,220.86141967773438,207.8766152800401
2024-09-04,219.20675659179688,220.1298295937355,215.86182100754212,220.01072730838987,43840200,224.10008239746094,-0.8618762752464024,221.1124725341797,,1.7911613149203731,2.1881430400747557,-0.39698172515438257,232.37462573726432,221.5492431640625,210.72386059086065
2024-09-05,220.72537231445312,223.8022974801588,219.8717705933337,219.9809527371486,36615400,223.28419799804686,0.692777789456641,219.20675659179688,,1.4611429083525707,2.042743013730319,-0.5816001053777482,230.96448437119983,222.18460845947266,213.40473254774548
2024-09-06,219.177001953125,223.56411324365837,218.13481142105056,222.2837029728863,48423000,221.50354919433593,-0.7014917882309706,220.72537231445312,,1.0624135534947072,1.8466771216831965,-0.7842635681884893,229.93393514294445,222.5695541381836,215.20517313342276
2024-09-09,219.2663116455078,219.62363365317324,215.0975649862482,219.17698492990527,67180000,219.8975830078125,0.04074774797855525,219.177001953125,,0.7450359027447178,1.6263488778955006,-0.8813129751507829,229.30761183501053,222.81372299194337,216.3198341488762
2024-09-10,218.4722595214844,219.83206111139577,215.1174037589381,217.29111136152255,51591000,219.36954040527343,-0.3621405030551017,219.2663116455078,,0.42454457214884656,1.38598801674617,-0.9614434445973234,228.94508827009676,222.9417625427246,216.93843681535245
2024-09-11,221.00331115722656,221.4301044903715,216.26879790334317,219.81224273641337,44587100,219.72885131835938,1.158523119267349,218.4722595214844,,0.3705165140184761,1.1828937162006312,-0.8123772021821551,228.8838255937072,223.01074676513673,217.13766793656626
2024-09-12,221.1124725341797,221.88666769221828,218.18442519080247,220.8444772424724,37455600,219.8062713623047,0.04939354816972186,221.00331115722656,,0.3326724584990757,1.01284946466032,-0.6801770061612444,228.84385629293553,223.0628562927246,217.28185629251368
2024-09-13,220.844482421875,222.37301734416337,220.2588759685165,221.91644846858935,36766600,220.1397674560547,-0.12120081207235445,221.1124725341797,,0.2778532897065702,0.86585022966957,-0.5879969399629998,228.81824676789446,222.9526824951172,217.0871182223399
2024-09-16,214.71051025390625,215.6038078787068,212.32835801234097,214.92885944275625,59357400,219.22860717773438,-2.77750754771004,220.844482421875,,-0.25758233785992957,0.6411637161636701,-0.8987460540235996,229.3475266380042,222.46980361938478,215.59208060076534
2024-09-17,215.17697143554688,215.28615358843467,212.904016801209,214.14471619981745,45519300,218.56954956054688,0.21725121005441725,214.71051025390625,,-0.63693719581903,0.38554353376713,-1.02248072958616,229.56830511573574,222.01818923950196,214.4680733632682
2024-09-18,219.0479431152344,221.05291740528648,215.921371822364,215.931307109631,59894900,218.17847595214843,1.7989711695737949,215.17697143554688,,-0.6180985352104074,0.18481511997162253,-0.80291365518203,229.2693943452507,221.72935485839844,214.18931537154617
2024-09-19,227.1670837402344,228.11002736409569,222.9586412306041,223.31596324984213,66781300,219.38939819335937,3.7065587147416257,219.0479431152344,,0.051385690726789335,0.1581292341226559,-0.10674354339586656,229.67093300095326,221.85193557739257,214.03293815383188
2024-09-20,226.50205993652344,231.35567496568984,225.9263736470506,228.25889437635817,318679900,220.52091369628906,-0.29274655146404077,227.1670837402344,,0.5222744453313339,0.23095827636439153,0.2913161689669424,230.11712146340932,222.03406982421876,213.9510181850282
2024-09-23,224.7849578857422,227.74278104335215,224.12986496132828,225.6484798300337,54146000,222.53580322265626,-0.7580955560679947,226.50205993652344,,0.7482757339746229,0.3344217678864379,0.413853966088185,230.0705550110979,222.01570816040038,213.96086130970286
2024-09-24,225.67825317382807,227.64353192764617,224.050456167142,226.94872814757065,43556100,224.6360595703125,0.397399940141876,224.7849578857422,,0.9880749348493225,0.46515240127901497,0.5229225335703076,230.09752949803197,222.02513732910157,213.95274516017116
2024-09-25,224.6856842041016,225.5988371064948,222.35317851779172,223.2563961324406,42308700,225.76360778808595,-0.439815957349667,225.67825317382807,,1.0855123973825584,0.5892244004997237,0.49628799688283476,229.86220181904392,221.94275436401367,214.02330690898341
2024-09-26,225.8271331787109,226.7998372114188,223.73283210674717,225.60876888531143,36636700,225.49561767578126,0.5080203390138734,224.6856842041016,,1.2405375366866451,0.719487027737108,0.5210505089495371,230.00378221092691,221.99387130737304,213.98396040381917
2024-09-27,226.0950927734375,227.81223139225995,225.60874837392768,226.76012088076428,34026000,225.41422424316406,0.11865695275622085,225.8271331787109,,1.3692344934219989,0.8494365208740863,0.5197979725479126,229.63150700661672,221.89461364746094,214.15772028830517
2024-09-30,231.2663726806641,231.2663726806641,227.94129216556476,228.32838978012128,54541900,226.71050720214845,2.2872145714407703,226.0950927734375,,1.866985383818843,1.0529462934630378,0.8140390903558052,230.58086157857986,222.0931251525879,213.60538872659595
2024-10-01,224.52688598632807,227.9412778656533,222.07526286618744,227.81225543239975,63285000,226.48023376464843,-2.9141662993270545,231.2663726806641,,1.6980620957400276,1.1819694539184358,0.5160926418215919,230.80571215710518,222.26384582519532,213.72197949328546
2024-10-02,225.09263610839844,225.6782425626932,221.360617941662,224.20925878310885,32880600,226.5616241455078,0.2519743324212937,224.52688598632807,,1.591494719139348,1.2638745069626183,0.32762021217672976,231.06201647803147,222.5581398010254,214.05426312401931
2024-10-03,223.9908905029297,225.1224076763777,221.65838486968207,223.46483520314055,34044200,226.19437561035156,-0.4894631936951414,225.09263610839844,,1.4019765299809706,1.2914949115662888,0.11048161841468174,231.2024927338642,222.7214157104492,214.2403386870342
2024-10-04,225.1125030517578,226.30357145139808,222.46237094034984,226.20430944090452,37245100,225.99785766601562,0.5007402516726254,223.9908905029297,,1.326990043452355,1.298593937943502,0.028396105508852854,231.39175935183545,223.01819076538087,214.64462217892628
2024-10-07,220.0405120849609,224.0107499786272,219.68319006872076,222.8296017820206,39505400,223.752685546875,-2.2530916310902342,225.1125030517578,,0.8485142855080596,1.2085780074564136,-0.360063721948354,231.36433684403056,223.05690078735353,214.7494647306765
2024-10-08,224.0901641845703,224.298593199742,221.58890998571715,222.631100497344,31855700,223.66534118652345,1.8404120501436447,220.0405120849609,,0.7870196080482117,1.1242663275747733,-0.3372467195265616,231.36780225752563,223.33779602050782,215.30778978349002
2024-10-09,227.83209228515625,228.0405364361267,223.15714569962597,223.55416342639623,33591100,224.213232421875,1.6698314779688073,224.0901641845703,,1.0283725199629146,1.1050875660524015,-0.07671504608948698,231.8703987053642,223.6792350769043,215.48807144844437
2024-10-10,227.33583068847656,227.7924147414137,225.47974919262128,226.08521111865923,28183500,224.88222045898436,-0.2178190050849215,227.83209228515625,,1.1661595170846795,1.117301956258857,0.04885756082582238,232.24360561305983,223.99040298461915,215.73720035617848
2024-10-11,225.85690307617188,227.7030642360917,225.648458930344,227.59388209213523,31759200,225.03110046386718,-0.6505475216228873,227.33583068847656,,1.1428455939959292,1.1224106838062715,0.020434910189657707,232.395825226152,224.24102401733398,216.08622280851597
2024-10-14,229.5790252685547,230.00581860221664,226.89911753216435,226.99836439928595,39882100,226.93880310058594,1.648000190247672,225.85690307617188,,1.4084772468756341,1.179623996420144,0.2288532504554901,232.12939492146307,224.9844497680664,217.83950461466975
2024-10-15,232.1100311279297,235.72294688412148,230.64103225198247,231.87181141001133,64751400,228.54277648925782,1.1024551813539172,229.5790252685547,,1.8024457927918434,1.304188355694484,0.49825743709735937,232.0336404143353,225.83110275268555,219.6285650910358
2024-10-16,230.0554351806641,230.3929017691756,228.12986736523644,229.8767817438953,34082200,228.98744506835936,-0.8851818843336359,232.1100311279297,,1.9266705233690118,1.4286847892293897,0.4979857341396221,231.9731061474965,226.38147735595703,220.78984856441755
2024-10-17,230.4226837158203,232.11004699556463,228.8048220166126,231.69315867439417,32993800,229.6048156738281,0.1596348005722268,230.0554351806641,,2.031337411686877,1.5492153137208873,0.4821220979659899,232.41477619611567,226.54425735473632,220.67373851335697
2024-10-18,233.25146484375,234.42267769537077,232.2688255608399,234.42267769537077,46431500,231.08372802734374,1.2276487203049922,230.4226837158203,,2.3158499935170767,1.7025422496801255,0.6133077438369512,233.47368981601988,226.88172760009766,220.28976538417544
2024-10-21,234.720458984375,235.0877162866724,232.7055644739604,232.7055644739604,36254500,232.1120147705078,0.6297898886118665,233.25146484375,,2.6295519763278605,1.8879441950096727,0.7416077813181878,234.7558491355161,227.3785026550293,220.00115617454253
2024-10-22,234.1051025390625,234.46242459274853,230.86936376892484,232.1497589598997,38846600,232.5110290527344,-0.26216566207100994,234.720458984375,,2.796275215356161,2.0696103990789707,0.7266648162771903,235.71153671675336,227.79984512329102,219.88815352982868
2024-10-23,229.04302978515625,233.39044533687328,226.0653512199268,232.33833466706656,52287000,232.3085479736328,-2.162307740841146,234.1051025390625,,2.491220379921401,2.1539323952474567,0.3372879846739445,235.8073653265767,228.01771240234376,220.22805947811082
2024-10-24,228.8544464111328,229.10258628095696,226.71051430099084,228.26882480795348,31109500,231.99490051269532,-0.08233534729274662,229.04302978515625,,2.2087836399302603,2.1649026441840173,0.043880995746242935,235.89690945345902,228.16907806396483,220.44124667447065
2024-10-25,229.6881866455078,231.48471683213373,227.86188088691333,228.0306141764868,38802300,231.28224487304686,0.3643102624614079,228.8544464111328,,2.0288391627370004,2.137689947894614,-0.10885078515761348,236.04053023614955,228.34873275756837,220.6569352789872
2024-10-28,231.6633758544922,232.98348177622344,230.81970938626557,231.5839844241638,36087100,230.67082824707032,0.8599437514968101,229.6881866455078,,2.022301299410316,2.1146122181977542,-0.09231091878743847,236.09405903114373,228.36858291625975,220.64310680137578
2024-10-29,231.93136596679688,232.5864588417728,230.5914197900792,231.36561495313973,35417200,230.2360809326172,0.11568082840725423,231.6633758544922,,2.0155110017807942,2.0947919749143624,-0.07928097313356819,236.39851190180357,228.7388069152832,221.0791019287628
2024-10-30,228.387939453125,231.7328600109945,227.8420287171323,230.87925826342104,47070900,230.10506286621094,-1.527790990623989,231.93136596679688,,1.7045556791657646,2.0167447157646428,-0.3121890365988782,236.37242991810422,228.90357208251953,221.43471424693485
2024-10-31,224.22911071777344,228.11994197442104,223.693120129287,227.63358238786927,64370100,229.17999572753905,-1.8209493659384464,228.387939453125,,1.109746160574872,1.8353450047266886,-0.7255988441518166,236.35204340174835,228.9154830932617,221.47892278477508
2024-11-01,221.25146484375,223.67331269945132,218.63110809640676,219.3258967897823,65276700,227.4926513671875,-1.3279479477449558,224.22911071777344,,0.3935476228902246,1.5469855283593958,-1.1534379054691712,236.7515318932567,228.72243118286133,220.69333047246596
2024-11-04,220.35812377929688,221.13231895883283,218.0752491010658,219.34572401852256,44944500,225.23160095214843,-0.40376729938670075,221.25146484375,,-0.2433251353989192,1.188923395607733,-1.4322485310066522,236.6960495020874,228.73831176757812,220.78057403306886
2024-11-05,221.7873992919922,222.28367900181772,219.49458945583885,220.14968230766976,28111300,223.2028076171875,0.6486148494016157,220.35812377929688,,-0.6255103024430753,0.8260366559975713,-1.4515469584406464,236.9233488384809,228.62317352294923,220.32299820741756
2024-11-06,221.06285095214844,224.387931303672,219.54423614319148,220.95366880237512,54561100,221.7377899169922,-0.32668598042842484,221.7873992919922,,-0.9756135310555294,0.4657066185869511,-1.4413201496424806,237.24641782828672,228.28471145629882,219.32300508431092
2024-11-07,225.78741455078125,226.18444740932767,222.8990781242877,222.95862926675596,42137700,222.04945068359376,2.1372037763393803,221.06285095214844,,-0.8619045651941235,0.20018438183073614,-1.0620889470248596,237.2300583157148,228.20729064941406,219.1845229831133
2024-11-08,225.51914978027344,227.20835428792037,224.9726384261151,225.72780810336752,38328800,222.90298767089843,-0.11881298656151527,225.78741455078125,,-0.7843941085033919,0.003268683763910497,-0.7876627922673024,237.23293608842363,228.19040298461914,219.14786988081465
2024-11-11,222.8064727783203,224.26714170400084,220.0938084143074,223.57158868270503,42005600,223.3926574707031,-1.2028588279958154,225.51914978027344,,-0.9311234647160234,-0.18360974593207635,-0.747513718783947,237.17814129862424,227.8517753601074,218.52540942159058
2024-11-12,222.8064727783203,224.15783943194583,221.9420008205612,223.12444853772337,40398300,223.59647216796876,0.0,222.8064727783203,,-1.035471268418604,-0.35398205042938197,-0.681489217989222,236.74670044195025,227.38659744262696,218.02649444330368
2024-11-13,223.6908264160156,225.2111120360391,221.34580821096,222.5878726169869,48566200,224.1220672607422,0.39691559525524434,222.8064727783203,,-1.0348782743704419,-0.490161295217594,-0.5447169791528479,236.47905941275903,227.06836700439453,217.65767459603003
2024-11-14,226.77114868164065,227.4170160979644,223.571589608512,223.59146688403663,44923900,224.31881408691407,1.3770445194280505,223.6908264160156,,-0.7768964797887747,-0.5475083321318301,-0.2293881476569446,236.16321716284676,226.88579025268555,217.60836334252434
2024-11-15,223.5715789794922,225.4793879673537,222.84621765747357,224.96268496170848,47923700,223.9292999267578,-1.4109245028521136,226.77114868164065,,-0.8211567995351743,-0.6022380256124991,-0.21891877392267522,235.28244033741294,226.40179595947265,217.52115158153237
2024-11-18,226.5724334716797,228.28151537171908,223.74052045447317,223.82001439888424,44633700,224.6824920654297,1.3422343331317452,223.5715789794922,,-0.6070913720449482,-0.603208694898989,-0.0038826771459592457,233.96964862595908,225.9943946838379,218.0191407417167
2024-11-19,226.83074951171875,228.69881907074452,225.221039030722,225.53899960732684,36211800,225.4873474121094,0.11401035690043493,226.5724334716797,,-0.4118514655803267,-0.5649372490352566,0.15308578345492985,232.65532993992176,225.63067703247071,218.60602412501967
2024-11-20,227.54620361328125,228.4702922716314,224.45594670445817,226.61216873586116,35169600,226.2584228515625,0.31541318939456114,226.83074951171875,,-0.19711900123894566,-0.49137359947599435,0.2942545982370487,232.45824371829764,225.55583572387695,218.65342772945627
2024-11-21,227.0692596435547,228.6988476019872,224.27710117470863,227.42697481306035,42108300,226.31804504394532,-0.2096031320905433,227.54620361328125,,-0.06468175751669492,-0.40603523108413453,0.3413534735674396,232.2342339368952,225.46657638549806,218.6989188341009
2024-11-22,228.41065979003903,229.25526960886552,226.6121530455377,226.6121530455377,38168300,227.28586120605468,0.5907449333256422,227.0692596435547,,0.14682300930729753,-0.29546358300584813,0.44228659231314565,232.02514475976662,225.4027000427246,218.7802553256826
2024-11-25,231.39161682128903,231.7692092379923,228.2814979784893,229.99057974831032,90152800,228.24969787597655,1.3050866513805321,228.41065979003903,,0.5486558176102392,-0.12663970288263063,0.6752955204928698,231.95837138690166,225.38911209106445,218.81985279522723
2024-11-26,233.56771850585935,234.07449047305911,231.84870566104107,231.84870566104107,45986200,229.5970916748047,0.9404410213577373,231.39161682128903,,1.0308217611452903,0.10485258992295364,0.9259691712223367,232.4134255711743,225.47092971801757,218.52843386486086
2024-11-27,233.4385223388672,234.19370712659864,232.32563759305356,232.98145117337265,33498400,230.7755554199219,-0.055314222281499924,233.56771850585935,,1.3865335980449345,0.3611887915473499,1.0253448064975845,233.43728579417512,225.72345886230468,218.00963193043424
2024-11-29,235.82330322265625,236.3002516789311,232.48463370489637,233.3192972938568,28481400,232.5263641357422,1.021588407900918,233.4385223388672,,1.8396631863677158,0.6568836705114232,1.1827795158562926,235.19660027942743,226.30316848754882,217.4097366956702
2024-12-02,238.06895446777344,239.26133321145704,235.654388648958,235.76369091824088,48137100,234.45802307128906,0.9522601093399666,235.82330322265625,,2.352854693223975,0.9960778750539336,1.3567768181700413,237.1384095408141,227.14404296875,217.1496763966859
2024-12-03,241.1095428466797,241.21884512379424,237.3833495294824,238.2875760799829,38861000,236.4016082763672,1.2771881095138107,238.06895446777344,,2.970668710950264,1.3909960422332,1.579672668717064,239.43861542077883,228.18161392211914,216.92461242345945
2024-12-04,241.4672393798828,242.5602620666903,239.71841824290905,241.32812877991805,44383900,237.98151245117188,0.148354365812299,241.1095428466797,,3.449391454427797,1.8026751246721195,1.6467163297556775,241.46175381105166,229.16560592651368,216.8694580419757
2024-12-05,241.4970550537109,242.98753231090083,240.59284370740727,242.4410361127995,40033900,239.5932189941406,0.012347709736801915,241.4672393798828,,3.7875282849286407,2.1996457567234238,1.587882528205217,243.03221776471068,230.18731613159179,217.3424144984729
2024-12-06,241.2983245849609,243.0769692456264,240.5431549096241,241.36788746709487,36870600,240.68822326660157,-0.08229105266140853,241.4970550537109,,3.9934344448232366,2.5584034943433864,1.4350309504798502,244.54129324381714,230.96286163330078,217.38443002278441
2024-12-09,245.1835021972656,245.6703968797777,240.2152448072501,240.29473874492052,44649200,242.11113281249996,1.6101137954386084,241.2983245849609,,4.419176408744107,2.930558077223531,1.488618331520576,246.66473090341353,231.9460792541504,217.22742760488725
2024-12-10,246.1970367431641,246.63424582967983,243.7824557106041,245.32261857013248,36914800,243.12863159179688,0.4133779543955783,245.1835021972656,,4.783225701417649,3.301091602062355,1.482134099355294,248.4795112460572,233.11560745239257,217.75170365872793
2024-12-11,244.92518615722656,249.20782208911243,244.69663537468304,246.38585520914904,45205800,243.82022094726562,-0.5165986572228078,246.1970367431641,,4.912481645216275,3.6233696106931395,1.2891120345231353,249.64511586151832,234.2215431213379,218.79797038115748
2024-12-12,246.3858184814453,247.1608653940442,244.1202792424049,245.32260415969785,32777500,244.7979736328125,0.5963585644806312,244.92518615722656,,5.074285528526474,3.9135527942598065,1.1607327342666673,250.85693311074587,235.35629272460938,219.85565233847288
2024-12-13,246.55474853515625,247.7073727380188,244.67674782957272,246.24671899982584,33155300,245.84925842285156,0.06856322119191255,246.3858184814453,,5.156704238783107,4.162183083164467,0.9945211556186395,252.06279786771512,236.34547271728516,220.6281475668552
2024-12-16,249.4462432861328,249.78409628857773,246.07776561283137,246.41561861527623,51694800,246.701806640625,1.1727597088093658,246.55474853515625,,5.39317199203893,4.408380864939359,0.9847911270995704,253.1880822675452,237.6392059326172,222.09032959768916
2024-12-17,251.87075805664065,252.2185421189052,248.19425082976372,248.49234928857376,51356400,247.8365509033203,0.9719588230987098,249.4462432861328,,5.710386686487368,4.668782029248962,1.0416046572384063,254.77504392988286,238.90412216186525,223.03320039384764
2024-12-18,246.4752655029297,252.6657103008961,246.1672359539693,250.55917390522964,56774100,248.14656677246094,-2.142167115921265,251.87075805664065,,5.463431423591288,4.827711908117427,0.6357195154738609,255.0258382073547,239.88634796142577,224.74685771549684
2024-12-19,248.2041931152344,250.400169527173,245.5213371883983,245.92873792847348,60882300,248.51024169921874,0.7014608986329159,246.4752655029297,,5.3456067801546965,4.931290882524881,0.41431589762981513,255.3143455953654,240.91924743652345,226.5241492776815
2024-12-20,252.87437438964844,253.38113119374523,244.1302382023433,246.46531011815412,147495300,249.7741668701172,1.8815883872863488,248.2041931152344,,5.564925502712754,5.058017806562456,0.5069076961502974,255.9904758956631,242.20950317382812,228.42853045199314
2024-12-23,253.6494140625,254.02699130961165,251.84096111600803,253.15258832932108,40858800,250.61480102539062,0.3064919783676148,252.87437438964844,,5.735164982862216,5.193447241822408,0.5417177410398075,256.53574331456707,243.47144088745117,230.40713846033523
2024-12-24,256.56085205078125,256.5707679464462,253.6693071300515,253.86804957710976,23234700,251.55281982421874,1.1478197176374563,253.6494140625,,6.035436950900703,5.361845183638068,0.6735917672626348,257.7436363264508,244.7299026489258,231.71616897140072
2024-12-26,257.37554931640625,258.44870970386563,255.9943897750778,256.55083207826743,27237100,253.73287658691407,0.31754543185869466,256.56085205078125,,6.266902953306641,5.542856737571783,0.724046215734858,258.99034343423796,245.92029418945313,232.8502449446683
2024-12-27,253.96739196777344,257.0576640072936,251.4534547993944,256.19316170058187,42355300,254.88551635742186,-1.3241962407404027,257.37554931640625,,6.1049574635251815,5.655276882762463,0.44968058076271866,259.0803258432923,246.94673767089844,234.81314949850454
2024-12-30,250.598876953125,251.89062678955744,249.15808547329988,250.62868528180357,35557500,254.4304168701172,-1.3263572888427648,253.96739196777344,,5.639791480749778,5.652179802359926,-0.012388321610147912,258.7166232605218,247.68551635742188,236.65440945432192
2024-12-31,248.8302001953125,251.6720440162376,247.84647977817443,250.837380417288,39480700,253.4665740966797,-0.7057800016172197,250.598876953125,,5.069983046547577,5.535740451197457,-0.4657574046498798,258.2870308681606,248.22357864379882,238.160126419437
2025-01-02,242.3019256591797,247.5185960625861,240.28481431614932,247.34966196417784,55740700,250.6147888183594,-2.6235860964660325,248.8302001953125,,4.045000315483492,5.2375924240546645,-1.1925921085711728,258.1819745892517,248.28319778442383,238.38442097959597
2025-01-03,241.8150177001953,242.6298040057451,240.3543488544026,241.8150177001953,40244100,247.5026824951172,-0.20095092420736954,242.3019256591797,,3.1570126369760203,4.821476466638936,-1.6644638296629157,258.1500481630631,248.30058670043945,238.45112523781583
2025-01-06,243.4445953369141,245.75980494056867,241.65601976736147,242.7589734384258,45045600,245.39812316894532,0.6738943065724501,241.8150177001953,,2.5553132400833363,4.368243821327816,-1.8129305812444798,257.99960224077097,248.3979637145996,238.79632518842826
2025-01-07,240.6723175048828,243.9911096142756,239.8177766758021,241.4374181829594,40856000,243.41281127929688,-1.1387715665630598,243.4445953369141,,1.833625586514387,3.86132017436513,-2.027694587850743,258.0693009367003,248.3666633605957,238.66402578449112
2025-01-08,241.1592254638672,242.1628232218062,238.5260549504929,240.38417847646195,37628900,241.8786163330078,0.20231157618470036,240.6723175048828,,1.28614642917546,3.346285425327196,-2.060138996151736,258.3031902829851,248.1654495239258,238.02770876486647
2025-01-10,235.3463897705078,238.63537417198495,231.52082500923515,238.4863173334105,61710900,240.48750915527344,-2.410372517235635,241.1592254638672,,0.37885083544625786,2.752798507351008,-2.3739476719047503,259.2553790920694,247.62291717529297,235.99045525851653
2025-01-13,232.9119110107422,233.18020116738663,228.26162915914,232.04743903723332,49630700,238.7068878173828,-1.0344236689330761,235.3463897705078,,-0.5305141129604465,2.0961359832887174,-2.626650096249164,260.3573067058485,247.02225341796876,233.68720013008905
2025-01-14,231.7990264892578,234.62099318079112,230.99417118008773,233.2596954436476,39435300,236.37777404785157,-0.4778134860750198,232.9119110107422,,-1.3257108963267115,1.4117666073656314,-2.737477503692343,261.2691418802527,246.29291381835938,231.3166857564661
2025-01-15,236.35987854003903,237.4429702030776,232.94171493841435,233.1503884256181,39832000,235.51528625488282,1.9675889583568134,231.7990264892578,,-1.5697918490861298,0.8154549160752791,-2.385246765161409,261.4020862913612,245.7831703186035,230.16425434584585
2025-01-16,226.81089782714844,236.4990004602556,226.58236221549976,235.8432019589194,71759100,232.64562072753907,-4.0400176086877675,236.35987854003903,,-2.5048760501499885,0.15138872283022545,-2.656264772980214,262.30107054514053,244.6514030456543,227.00173554616805
2025-01-17,228.5199737548828,230.8153063545454,227.02949646555183,230.6463874145182,68488300,231.28033752441405,0.7535246075507598,226.81089782714844,,-3.072609739937434,-0.4934109697233066,-2.5791987702141275,262.1809904959106,243.4838638305664,224.78673716522226
2025-01-21,221.2265625,222.99526090225285,217.9872641686431,222.57792910461188,98070400,228.94326782226562,-3.191585897303637,228.5199737548828,,-4.064210426172508,-1.2075708610131473,-2.8566395651593606,263.32309346733757,242.22142868041993,221.11976389350232
2025-01-22,222.4090118408203,222.6971640978084,218.39465138442915,218.39465138442915,64126500,227.0652648925781,0.5344970004767454,221.2265625,,-4.700463319240868,-1.9061493526586915,-2.794313966582176,263.5895370389802,240.93166961669922,218.2738021944182
2025-01-23,222.2401123046875,225.58871322146769,220.8887455720124,223.3132578125695,60234800,224.2413116455078,-0.07594095883744814,222.4090118408203,,-5.1588589868435974,-2.556691279495673,-2.6021677073479244,262.78854238530704,239.39995651245118,216.01137063959533
2025-01-24,221.36569213867188,224.19760513427784,220.0043943605744,223.352995248032,54697900,223.1522705078125,-0.39345739927309314,222.2401123046875,,-5.528964791093756,-3.15114598181529,-2.377818809278466,261.48764231367363,237.78577041625977,214.0838985188459
2025-01-27,228.40072631835935,230.67618150163648,222.5580508531902,222.5978054024586,94863400,223.1284210205078,3.1780146741440216,221.36569213867188,,-5.194726272498798,-3.5598620399519922,-1.6348642325468057,258.6883691256585,236.37776412963868,214.06715913361884
2025-01-28,236.74740600585935,238.66516132615985,229.3447052045828,229.3844597561093,75707600,226.2325897216797,3.6544015520624353,228.40072631835935,,-4.207827329611035,-3.689455097883801,-0.5183722317272341,255.35860763405955,235.34635696411132,215.3341062941631
2025-01-29,237.84043884277344,238.33726462451705,232.52439691334908,232.63369919180943,45486100,229.31887512207032,0.4616873550399277,236.74740600585935,,-3.2994699562601397,-3.6114580695590686,0.31198811329892884,252.59723943362397,234.54000930786134,216.4827791820987
2025-01-30,236.0816650390625,239.26134692510684,235.7040877651042,237.1548105184623,55658300,232.08718566894532,-0.7394763532510932,237.84043884277344,,-2.6904941984464017,-3.427265295336535,0.7367710968901333,250.2474519286699,233.81414871215821,217.38084549564653
2025-01-31,234.50177001953125,245.62073349000852,231.9580244316672,245.62073349000852,100959800,234.7144012451172,-0.6692154679906369,236.0816650390625,,-2.3087470484586845,-3.2035616459609653,0.8948145975022808,247.94771203221205,233.09772720336915,218.24774237452624
2025-02-03,226.5624542236328,230.3582099158304,224.26712187534005,228.5298949466701,73063300,234.34674682617188,-3.3856101790776187,234.50177001953125,,-2.616682626363769,-3.0861858420415262,0.46950321567775744,246.77003009585374,232.3107536315918,217.85147716732988
2025-02-04,231.32208251953125,231.64998934854387,225.21111642561868,225.8073134168997,45067300,233.26168212890624,2.100801879202966,226.5624542236328,,-2.4484375013873887,-2.958636173910699,0.5101986725233103,245.53748621795017,231.7861068725586,218.03472752716704
2025-02-05,230.99417114257807,231.19289841511937,226.820837771536,227.0791817096477,39620300,231.89242858886718,-0.14175532806103597,231.32208251953125,,-2.314877271132758,-2.829884393355111,0.5150071222223529,243.7725483634061,231.1635856628418,218.5546229622775
2025-02-06,231.7393951416016,232.3157148088948,228.9670990724139,229.82163993606684,29925300,231.023974609375,0.3226159324009709,230.99417114257807,,-2.1244076290324756,-2.688789040490584,0.5643814114581085,242.51443202615212,230.71693954467773,218.91944706320334
2025-02-07,226.18490600585935,232.5144614947352,225.81724462416,231.12335539671392,39707200,229.36060180664063,-2.396868746614377,231.7393951416016,,-2.394062653838972,-2.629843763160262,0.2357811093212896,240.83967742949164,229.96822357177734,219.09676971406304
2025-02-10,226.45346069335935,229.378010419489,226.0058289386349,228.3633824897372,33115600,229.33880310058595,0.11873236470210928,226.18490600585935,,-2.5566249044270535,-2.61519999141362,0.05857508698656666,240.19444345387092,229.52357711791993,218.85271078196894
2025-02-11,231.39735412597656,233.99363668198936,226.93096309298545,227.00058728303875,53718400,229.353857421875,2.183182989334724,226.45346069335935,,-2.2604685032325733,-2.544253693777411,0.28378519054483764,240.03866589432585,229.44784927368164,218.85703265303744
2025-02-12,235.6249847412109,235.71452322869936,229.467517519232,229.9847886016388,45243300,230.28002014160157,1.8270004128624366,231.39735412597656,,-1.665429923266828,-2.3684889396752946,0.7030590164084667,240.5423838350955,229.6391471862793,218.7359105374631
2025-02-13,240.2605133056641,241.06625350434595,234.33184765944375,235.6648009555,53614100,231.98424377441407,1.9673332051541248,235.6249847412109,,-0.8104665928157431,-2.0568844703033844,1.2464178774876413,241.36507239867734,229.83417892456055,218.30328545044375
2025-02-14,243.3143768310547,244.25938055012708,239.7233505557091,239.9819785190441,40896200,235.41013793945314,1.271063431678185,240.2605133056641,,0.11222560364078049,-1.6230624555145512,1.7352880591553317,243.55998045248865,230.65935287475585,217.75872529702306
2025-02-18,243.18507385253903,243.8913336127375,240.56889220053384,242.86674847770811,48822500,238.75646057128907,-0.05314235032048062,243.3143768310547,,0.8235389033916647,-1.1337421837333082,1.9572810871249728,245.4007851642256,231.39260787963866,217.38443059505173
2025-02-19,243.5829620361328,244.716969605811,241.88195827091008,243.37407429304395,32204200,241.1935821533203,0.16361538037282963,243.18507385253903,,1.403190957404604,-0.6263555555057256,2.0295465129103296,246.67007193658353,232.51042785644532,218.3507837763071
2025-02-20,244.5379180908203,245.4829218502696,243.00600383864503,243.65259654249155,32316900,242.97616882324218,0.392045505442964,243.5829620361328,,1.9175223549977147,-0.11757997340503742,2.0351023284027523,247.91071588816226,233.61687316894532,219.32303044972838
2025-02-21,244.2593688964844,247.38286415088768,243.93110158642,244.65726038702988,53197400,243.77593994140625,-0.11390838546047372,244.5379180908203,,2.276415994532499,0.36121922018247005,1.915196774350029,248.7109234498339,234.71783599853515,220.7247485472364
2025-02-24,245.80123901367188,247.551982922016,243.1353173033831,243.64263125957103,51326400,244.2733123779297,0.6312429791959818,244.2593688964844,,2.6546565933222155,0.8199066948104193,1.834749898511796,249.2756597632965,235.93961334228516,222.60356692127382
2025-02-25,245.74156188964844,248.68601093773057,243.62276739789988,246.69652285022872,48013300,244.78460998535155,-0.024278609930081824,245.80123901367188,,2.915985877713183,1.2391225313909722,1.676863346322211,250.33243001668714,236.8066551208496,223.28088022501206
2025-02-26,239.0966644287109,243.6923767743236,237.87313357927937,243.04579925662603,44433600,243.8873504638672,-2.7040185672464534,245.74156188964844,,2.557423144922325,1.5027826540972429,1.054640490825082,250.48847510822884,236.9241180419922,223.35976097575553
2025-02-27,236.052734375,241.1856166259971,235.81399037079515,238.151644645548,41153600,242.19031372070313,-1.2730959927793086,239.0966644287109,,2.0045328725545914,1.6031326977887128,0.40140017476587864,250.39722629194605,236.83473281860353,223.272239345261
2025-02-28,240.56886291503903,240.81754889188107,228.99004444041796,235.70456581515256,56833400,241.45221252441405,1.913186285258016,236.052734375,,1.9087740199327925,1.664260962217529,0.24451305771526344,250.71725555430982,237.05909271240233,223.40092987049485
2025-03-03,236.77891540527344,242.74737946323825,234.8690087281554,240.519147417306,47184000,239.6477478027344,-1.5754106594850892,240.56886291503903,,1.5096648722855832,1.63334174423114,-0.12367687194555677,250.77921818455027,237.17294998168944,223.5666817788286
2025-03-04,234.68995666503903,238.8082116075959,233.4465266012979,236.46061504010896,53798100,237.4374267578125,-0.8822401845446917,236.77891540527344,,1.013127778785048,1.5092989511419217,-0.4961711723568738,250.30848647871548,237.57932510375977,224.85016372880406
2025-03-05,234.5009613037109,235.30670153327668,228.0251680036218,234.18263593082168,47227600,236.5182861328125,-0.08052980366683028,234.68995666503903,,0.5974808216768679,1.3269353252489111,-0.7294545035720432,250.21534557835744,237.73826904296874,225.26119250758003
2025-03-06,234.09312438964844,236.60982567864423,231.93453157387603,233.207802772317,45170400,236.1263641357422,-0.17391694763002138,234.5009613037109,,0.232488599211905,1.10804598004151,-0.8755573808296049,250.09150719922218,237.89321670532226,225.69492621142234
2025-03-07,237.8134613037109,240.10136041796665,233.5261018066448,233.8742682867737,46273600,235.57528381347657,1.5892550982701925,234.09312438964844,,0.24065560211516868,0.9345679044562416,-0.6939123023410729,250.04760517437356,238.19692001342773,226.3462348524819
2025-03-10,226.28436279296875,234.91874867921032,223.0415027897028,234.3019970725287,72071200,233.47637329101562,-4.8479587520146215,237.8134613037109,,-0.6753884289698817,0.6125766377710169,-1.2879650667408986,250.03141928058162,238.2018928527832,226.3723664249848
2025-03-11,219.67926025390625,224.65298022983384,216.30707871737093,222.63365113389432,76137400,230.47423400878907,-2.918939009986128,226.28436279296875,,-1.91229277633812,0.1076027549491894,-2.0198955312873093,251.37708852876017,237.86318283081056,224.34927713286095
2025-03-12,215.83956909179688,220.58450266635003,213.78045671174684,218.98296406915983,62547500,226.74195556640626,-1.7478623870416548,219.67926025390625,,-3.165885018389389,-0.5470947997185265,-2.6187902186708625,253.61980111104583,237.08529357910157,220.55078604715732
2025-03-13,208.57791137695312,215.70028194858563,207.3245394208188,214.81496040955517,61368300,221.6389129638672,-3.3643774148545287,215.83956909179688,,-4.691243259147711,-1.3759244916043638,-3.3153187675433475,256.62143254264214,235.73293991088866,214.8444472791352
2025-03-14,212.36788940429688,212.8254631170957,208.47843695256688,210.13965751241795,60107600,216.54979858398437,1.8170562751941166,208.57791137695312,,-5.530528610732631,-2.2068453154300176,-3.3236832953026134,257.5494225780823,234.33830871582032,211.12719485355834
2025-03-17,212.87521362304688,214.0888025037831,208.8663965620962,212.18883784213668,48073400,213.86796875,0.2388893255816928,212.36788940429688,,-6.084592084003077,-2.9823946691446297,-3.1021974148584475,257.49473488052956,232.81635055541992,208.13796623031024
2025-03-18,211.57211303710935,214.019174884069,210.3784232206469,213.0343879953175,42432400,212.2465393066406,-0.6121429375263108,212.87521362304688,,-6.553298360982012,-3.696575407512107,-2.8567229534699052,257.13711821101487,231.23570251464838,205.3342868182819
2025-03-19,214.1086883544922,217.6101760496477,212.6265144386749,213.0940452987452,54385400,211.90036315917968,1.1989176082662323,211.57211303710935,,-6.643489027188764,-4.285958131447439,-2.3575308957413252,256.05643089892266,229.76198883056637,203.46754676221008
2025-03-20,212.9747009277344,216.3468825511506,211.10457731145533,212.8652784783013,48862900,212.77972106933595,-0.5296316723403028,214.1086883544922,,-6.728902488862019,-4.774547002930355,-1.9543554859316643,254.53295005207846,228.1838279724121,201.83470589274575
2025-03-21,217.12277221679688,217.68976839110027,210.16950634984832,210.4480334492585,94127800,213.73069763183594,1.9476826454002047,212.9747009277344,,-6.388238944448801,-5.097285391234045,-1.2909535532147567,252.47611347235818,226.82699813842774,201.1778828044973
2025-03-24,219.56983947753903,220.3158974796034,217.4311459430569,219.8384246082871,44299500,215.0696228027344,1.127043117475842,217.12277221679688,,-5.853329218545042,-5.248494156696244,-0.6048350618487977,249.72137143646822,225.51542816162106,201.3094848867739
2025-03-25,222.57395935058597,222.9221258053629,218.9232508666907,219.60962662242412,34493600,217.26999206542968,1.3681842097235033,219.56983947753903,,-5.127890905317031,-5.224373506420402,0.09648260110337148,246.62751651215086,224.35704803466797,202.08657955718508
2025-03-26,220.3656463623047,223.83730853242596,219.3112201065871,222.3352353150336,34466100,218.5213836669922,-0.9921704204411748,222.57395935058597,,-4.677251771165771,-5.114949159369477,0.43769738820370563,244.63125822073488,223.42049713134764,202.2097360419604
2025-03-27,222.67344665527344,223.80745418869532,219.40073045135125,220.22636977863215,37094800,220.4611328125,1.0472595574967614,220.3656463623047,,-4.086786878916797,-4.909316703278941,0.8225298243621442,243.11167044056867,222.75153274536132,202.39139505015396
2025-03-28,216.7547149658203,222.6336557419088,216.5358700680628,220.504904155295,39818600,220.38752136230468,-2.6580320996315594,222.67344665527344,,-4.0497484014824465,-4.7374030429196425,0.687654641437196,240.25048542239307,221.5608253479004,202.8711652734077
2025-03-31,220.9624786376953,224.4341253115235,215.09348022110552,215.86937928840504,65299300,220.66604919433593,1.9412558903452295,216.7547149658203,,-3.638916613126696,-4.517705756961053,0.8787891438343571,238.03238055060532,220.77000350952147,203.50762646843762
2025-04-01,222.01693725585935,222.50435214869168,217.74947658321983,218.65469735360887,36412700,220.5546447753906,0.477211617404507,220.9624786376953,,-3.1914543636710846,-4.25245547830306,1.061001114631975,236.13115674236371,220.13635253906244,204.14154833576117
2025-04-02,222.71324157714844,224.00641185945875,219.8583310514353,220.15675729790527,35905900,221.02416381835937,0.31362666735945816,222.01693725585935,,-2.748963033041207,-3.951756989250689,1.202793956209482,234.11846882308038,219.54696655273432,204.97546428238826
2025-04-03,202.1220245361328,206.39942653372108,200.19221885499385,204.4596636988396,103419000,216.91387939453125,-9.245618668741246,222.71324157714844,,-4.013558785443109,-3.964117348489174,-0.04944143695393555,232.8126502248126,217.94841156005856,203.08417289530453
2025-04-04,187.389892578125,198.8294493717933,186.35535024633944,192.87092693410324,125910900,211.0409149169922,-7.2887316420948425,202.1220245361328,,-6.133813177445859,-4.398056514280511,-1.7357566631653478,232.96856851400216,215.4272331237793,197.88589773355645
2025-04-07,180.5062561035156,193.12954493623215,173.70219548773406,176.26863687444822,160466300,202.94967041015624,-3.673429969943302,187.389892578125,,-8.274202141491543,-5.173285639722717,-3.1009165017688254,235.8881490417495,213.13832778930663,190.38850653686376
2025-04-08,171.5137481689453,189.33955773730443,168.32062862424334,185.7186904058969,120859500,192.84903259277343,-4.981826186352963,180.5062561035156,,-10.574203220450414,-6.253469155868258,-4.320734064582156,239.86570315077404,210.73005218505858,181.59440121934313
2025-04-09,197.8048553466797,199.55559936553783,170.98654976711688,171.04623198001363,184395900,187.8673553466797,15.328862822026942,171.5137481689453,,-10.158398328300365,-7.03445499035468,-3.1239433379456845,239.4110292732278,209.82831649780275,180.2456037223777
2025-04-10,189.4191436767578,193.7562279640405,182.03814529024515,188.07624843340895,121880000,185.3267791748047,-4.2393861643207815,197.8048553466797,,-10.385805701814178,-7.704725132646581,-2.681080569167597,239.83221593143224,208.87037811279296,177.90854029415368
2025-04-11,197.1085205078125,198.491214081568,185.0820690088969,185.1218672695082,87435900,187.2705047607422,4.0594507407216165,189.4191436767578,,-9.83221952984698,-8.13022401208666,-1.70199551776032,239.455991260632,208.10740966796874,176.75882807530547
2025-04-14,201.45556640625,211.8207974391945,200.10271391024364,210.3286813853017,101352900,191.46036682128906,2.2054074005721143,197.1085205078125,,-8.93967719205034,-8.292114648079396,-0.6475625439709436,238.9353179831015,207.53642730712892,176.13753663115634
2025-04-15,201.0775451660156,202.44033954558063,198.74984792281177,200.7990180691496,51343900,197.3731262207031,-0.18764497153287674,201.45556640625,,-8.168670762034054,-8.267425870870328,0.09875510883627392,238.4773115421985,207.0116989135742,175.54608628494992
2025-04-16,193.2489013671875,199.64509734735063,191.35887885331948,197.3174002682565,59732400,196.4619354248047,-3.893345620648261,201.0775451660156,,-8.09602282774506,-8.233145262245275,0.1371224345002151,237.82428330593825,205.96870956420898,174.1131358224797
2025-04-17,195.94467163085935,197.7849541282245,193.39812938355277,196.16351652823,52164700,197.767041015625,1.3949731380618198,193.2489013671875,,-7.731795361581931,-8.132875282112606,0.401079920530675,237.0944691784866,205.11720809936523,173.13994702024385
2025-04-21,192.14476013183597,192.7813957027465,188.8123615658979,192.25418258208256,46742500,196.7742889404297,-1.9392777907133107,195.94467163085935,,-7.661447177341074,-8.0385896611583,0.3771424838172255,235.8223719139292,203.8683074951172,171.91424307630518
2025-04-22,198.69017028808597,200.5304375648519,194.9399811908512,195.08918671811185,52976400,196.22120971679686,3.4064994287426877,192.14476013183597,,-6.996880158108581,-7.830247760548356,0.8333676024397745,233.9726029447738,202.82432403564454,171.67604512651528
2025-04-23,203.52462768554688,206.9067512010516,201.7340854567431,204.9172632087338,52929200,196.71062622070312,2.433163850255554,198.69017028808597,,-6.010816744859966,-7.4663615574106785,1.4555448125507127,231.61044147538217,201.8718574523926,172.133273429403
2025-04-24,207.2748107910156,207.73239972806863,201.87335793866916,203.81310578126343,47311000,199.51580810546875,1.8426188260925818,203.52462768554688,,-4.870600697635098,-6.947209385455562,2.076608687820464,229.79564471516613,201.21731567382812,172.63898663249012
2025-04-25,208.18003845214844,208.6475693809006,205.11622488486225,205.28532955589748,38222300,201.96288146972657,0.43672825350955685,207.2748107910156,,-3.8495517224524747,-6.327677852854944,2.4781261304024698,227.47035629374005,200.49264526367188,173.5149342336037
2025-04-28,209.03549194335935,210.38834431536768,206.36958545714225,208.8962283982374,38743100,205.34102783203124,0.41092003708489117,208.18003845214844,,-2.937473737213338,-5.649637029726624,2.712163292513286,226.31468304094122,200.10668411254883,173.89868518415645
2025-04-29,210.0998992919922,211.124484458046,207.27481462988692,207.59314001435672,36827600,207.6229736328125,0.5091993415746139,209.03549194335935,,-2.1044972510271975,-4.940609073986739,2.8361118229595412,224.36415632660547,199.56355514526368,174.7629539639219
2025-04-30,211.38311767578125,212.45744310704663,205.58375784941015,208.1999396453228,52286500,209.19467163085938,0.6107658252637589,210.0998992919922,,-1.3255324719633848,-4.217593753582068,2.892061281618683,222.20841958130288,199.03186416625977,175.85530875121665
2025-05-01,212.1988067626953,213.4322796630213,207.8020247308308,207.98108655162656,57365700,210.17947082519532,0.3858818508700226,211.38311767578125,,-0.6350574333195311,-3.5010864895295604,2.8660290562100292,219.8233383436028,198.50614242553712,177.18894650747143
2025-05-02,204.27069091796875,205.9020705063368,201.09745506032,205.0067917796952,101010600,209.39760131835936,-3.736173622122521,212.1988067626953,,-0.7192921293081724,-2.9447276174852828,2.2254354881771103,220.02893214392202,198.61357574462892,177.19821934533581
2025-05-05,197.8446502685547,203.0272736250085,197.1682315771274,202.03252954096357,69018500,207.15943298339843,-3.145845652421394,204.27069091796875,,-1.289709539744706,-2.6137240019371677,1.3240144621924617,219.8985676431003,199.13631362915038,178.37405961520045
2025-05-06,197.4666290283203,199.5953806140849,195.98447015970467,197.1682179665783,51216500,204.63277893066407,-0.19106973057964838,197.8446502685547,,-1.7520757632137531,-2.441394354192485,0.6893185909787318,218.84065469148908,199.9843322753906,181.12800985929215
2025-05-07,195.218505859375,198.39174158064424,192.2342739226712,198.1231564563361,68536700,201.3998565673828,-1.1384825780476004,197.4666290283203,,-2.2736992878052433,-2.4078553409150367,0.1341560531097934,214.72613715851892,201.1695701599121,187.61300316130527
2025-05-08,196.45199584960935,198.99853803284543,193.65675249053749,196.68078271707188,50478900,198.25049438476563,0.6318509532712472,195.218505859375,,-2.5580695225199293,-2.4378981772360153,-0.12017134528391393,214.74242499122042,201.1019271850586,187.46142937889678
2025-05-09,197.48654174804688,199.4859718922483,196.5017396407649,197.95407268173315,36453900,196.89366455078124,0.5266151122381614,196.45199584960935,,-2.669187047591805,-2.4841559513071734,-0.18503109628463177,214.13049780760156,201.50529708862305,188.88009636964455
2025-05-12,209.95704650878903,210.435160708662,205.9330174500644,210.13634313336476,63775800,199.31614379882814,6.314609922458421,197.48654174804688,,-1.7310287510208582,-2.3335305112499105,0.6025017602290523,215.13334892830267,202.14772338867186,189.16209784904106
2025-05-13,212.08859252929688,212.55673652410627,208.17412935394688,209.598471364776,51909300,202.24053649902345,1.015229570024749,209.95704650878903,,-0.8062397620313959,-2.0280723614062075,1.2218325993748116,216.39578416339205,202.67937469482422,188.9629652262564
2025-05-14,211.490966796875,213.09460539099956,209.7478820292828,211.5905625216416,49325800,205.49502868652343,-0.2817811770519067,212.08859252929688,,-0.12017591441767195,-1.6464930720085003,1.5263171575908283,217.440986027704,203.20004577636718,188.95910552503034
2025-05-15,210.61444091796875,212.11848379882832,208.71198473801,210.11641669484823,45029500,208.3275177001953,-0.41445074093784023,211.490966796875,,0.3487857298617314,-1.247437311634454,1.5962230414961853,217.8652765250084,204.06832275390624,190.2713689828041
2025-05-16,210.4252014160156,211.73003772257164,208.94109887256835,211.52086084946143,54737900,210.91524963378907,-0.08985115224214822,210.61444091796875,,0.6971350267355376,-0.8585228439604555,1.5556578706959932,218.311323005851,204.79234924316407,191.27337548047714
2025-05-19,207.9549865722656,208.65221742207612,203.45284348728632,207.08842931596485,46140500,210.51483764648438,-1.1739158746800138,210.4252014160156,,0.7650595307479193,-0.5338063690187805,1.2988658997667,217.7714246326227,205.58286056518554,193.39429649774837
2025-05-20,206.04258728027344,207.64622592622175,204.2198167548668,206.84938410987283,42496600,209.30563659667968,-0.919621752531329,207.9549865722656,,0.6570020387383124,-0.2956446874673619,0.9526467262056744,217.6992951442857,205.95048141479492,194.20166768530413
2025-05-21,201.2914276123047,206.2218644000924,199.91689108628387,204.3592586621154,59211800,207.26572875976564,-2.3059114771772364,206.04258728027344,,0.18584451976190053,-0.1993468460215094,0.38519136578340996,217.7263391559132,205.8388214111328,193.95130366635243
2025-05-22,200.56431579589844,201.94882252859867,198.91087172706412,199.9168903850684,46742400,205.25570373535157,-0.36122343858909695,201.2914276123047,,-0.24341709464530936,-0.2081608957462694,-0.03525619889903997,217.59717443365454,205.50329666137696,193.40941888909938
2025-05-23,194.49838256835935,196.91877297523905,192.6955373289648,192.9046989896,78432900,202.07033996582032,-3.0244329373685828,200.56431579589844,,-1.0608512996438435,-0.3786989765257843,-0.6821523231180592,217.7914735831341,204.8192138671875,191.8469541512409
2025-05-27,199.4188690185547,199.94677348688447,196.64984031499387,197.51641281084125,56288500,200.3631164550781,2.5298341226390213,194.49838256835935,,-1.2966842927223468,-0.5622960397650969,-0.7343882529572499,217.36540307743795,204.33838272094724,191.31136236445653
2025-05-28,199.62803649902344,201.9289060786693,199.11008702875665,199.7973629184677,45339700,199.08020629882813,0.10488851004830854,199.4188690185547,,-1.4499909778294295,-0.7398350273779635,-0.7101559504514661,216.70787034346887,203.8147895812988,190.92170881912875
2025-05-29,199.15989685058597,203.00464471322184,197.72558456215265,202.775557811137,51396800,198.65390014648438,-0.2345059625128165,199.62803649902344,,-1.5909234127279035,-0.9100527044479516,-0.6808707082799519,215.74004164776454,203.20362854003906,190.66721543231358
2025-05-30,200.0563507080078,201.16196516975768,196.00242594876025,198.58218796001185,70819900,198.55230712890625,0.45011765500882217,199.15989685058597,,-1.61169839260927,-1.0503818420802156,-0.5613165505290545,214.45654939728036,202.59650573730468,190.736462077329
2025-06-02,200.90298461914065,201.3312933884623,199.3292261245183,199.4885975362889,35423300,199.8332275390625,0.42319771811120616,200.0563507080078,,-1.542070405102777,-1.148719554684728,-0.39335085041804896,214.28370817579054,202.4281204223633,190.57253266893605
2025-06-03,202.46676635742188,202.9647905668523,200.16589694161212,200.55435521702816,46381600,200.44280700683595,0.7783765588379592,200.90298461914065,,-1.3451989895570193,-1.1880154416591864,-0.15718354789783295,214.3171682827322,202.65922622680665,191.0012841708811
2025-06-04,202.0185546875,205.42503857555045,201.30139858491117,202.10819540070028,43604000,200.92091064453126,-0.22137542767420448,202.46676635742188,,-1.2113798770911899,-1.1926883287455872,-0.018691548345602715,214.29293864054551,202.88682250976564,191.48070637898576
2025-06-05,199.83721923828125,203.9409342732031,199.35910500622677,202.69587362440456,55126100,201.0563751220703,-1.0797698521272123,202.0185546875,,-1.2667406096884974,-1.2074987849341694,-0.05924182475432804,214.04722514549817,203.11775817871094,192.1882912119237
2025-06-06,203.11419677734372,204.8871617909174,201.2515910514923,202.19783403313104,46607700,201.6679443359375,1.639823428064759,199.83721923828125,,-1.0342672989527557,-1.1728524877378868,0.13858518878513104,213.92139134118412,203.45086822509765,192.98034510901118
2025-06-09,200.6539764404297,205.18600036190864,199.2296343157191,203.5823615958005,72862600,201.6181427001953,-1.211249817072589,203.11419677734372,,-1.0366004607346895,-1.1456020823372473,0.10900162160255777,213.7917749480413,203.6092399597168,193.4267049713923
2025-06-10,201.8691253662109,203.54249456453348,199.77743286642308,199.80731310224203,54672600,201.4986145019531,0.6055942410600449,200.6539764404297,,-0.9296803687837496,-1.1024177396265478,0.17273737084279817,212.95932159654228,203.20484390258787,193.45036620863345
2025-06-11,197.9945068359375,203.69190510411792,197.62597377824,202.69585666840095,60989900,200.6938049316406,-1.919371535020257,201.8691253662109,,-1.144402796379211,-1.1108147509770805,-0.03358804540213045,211.5643105731035,202.5001396179199,193.4359686627363
2025-06-12,198.4128570556641,198.890956077424,196.58013147350607,198.29333609984755,43904600,200.4089324951172,0.21129385173965703,197.9945068359375,,-1.2662183241595244,-1.1418954656135694,-0.12432285854595504,210.02290485225996,201.8462341308594,193.66956340945882
2025-06-13,195.6737060546875,199.57821397711425,194.92666975119656,198.94074360607505,51447300,198.92083435058595,-1.3805310006740799,198.4128570556641,,-1.5657357739324596,-1.2266635272773474,-0.33907224665511215,208.6054419331439,201.0991973876953,193.59295284224672
2025-06-16,197.6359405517578,197.9048779009829,195.78328974313985,196.52037110088895,43020700,198.31722717285157,1.0028094916962942,195.6737060546875,,-1.6260257730032777,-1.3065359764225335,-0.31948979658074417,206.69164114381726,200.45973434448243,194.2278275451476
2025-06-17,194.86692810058597,197.6060614779548,194.43863454049264,196.4207613301707,38856200,196.91678771972656,-1.4010672570188138,197.6359405517578,,-1.8756212011664388,-1.4203530213713147,-0.45526817979512413,205.44373280286644,199.80533142089843,194.16693003893042
2025-06-18,195.80319213867188,196.78928550519316,194.29916455806156,195.16572178414583,45394700,196.47852478027343,0.4804632818980091,194.86692810058597,,-1.9751108446815238,-1.5313045860333567,-0.44380625864816703,204.37959604218733,199.29336166381836,194.2071272854494
2025-06-20,200.20574951171875,200.9029804255433,196.0821093088201,197.45666110928437,96813500,196.83710327148438,2.2484604693925996,195.80319213867188,,-1.6793490274240241,-1.5609134743114903,-0.11843555311253384,204.25825581949678,199.23907775878905,194.21989969808132
2025-06-23,200.70376586914065,201.5006076815208,198.1738094532141,200.83325703321927,55814300,197.843115234375,0.24875227541492398,200.20574951171875,,-1.3887611246795188,-1.526483004385096,0.13772187970557725,204.2733606873338,199.24605026245118,194.21873983756856
2025-06-24,199.5084991455078,202.636090538428,199.40888822531903,201.78944331230144,54064000,198.217626953125,-0.5955377660487734,200.70376586914065,,-1.2406151147315256,-1.4693094264543822,0.2286943117228566,203.99975391392076,199.4965560913086,194.99335826869645
2025-06-25,200.76353454589844,202.8651975026319,199.82724651799435,200.6539686022396,39525700,199.3969482421875,0.6290636267456898,199.5084991455078,,-1.0102914554564109,-1.3775058322547882,0.3672143767983773,204.10211849087105,199.5637893676758,195.02546024448057
2025-06-26,200.20574951171875,201.8392684520338,198.67184150130464,200.634043073606,50799100,200.27745971679687,-0.27783184602787864,200.76353454589844,,-0.8628208253554135,-1.2745688308749132,0.41174800551949975,204.14007093849915,199.59267501831056,195.04527909812197
2025-06-27,200.28543090820312,202.41697405518968,199.20969672208463,201.09222774816857,73188600,200.29339599609375,0.03979975434207546,200.20574951171875,,-0.731092091222223,-1.1658734829443753,0.43478139172215235,204.20165174820326,199.6489517211914,195.09625169417953
2025-06-30,204.3592529296875,206.57048164253425,198.4726031076903,201.211736268348,91912800,201.0244934082031,2.0340081667505467,200.28543090820312,,-0.29457702896274895,-0.99161419214805,0.6970371631853011,204.88088619053852,199.86409683227538,194.84730747401224
2025-07-01,206.998779296875,209.35940906738605,205.32541013409477,205.8533145536732,78788900,202.52254943847657,1.2916108907951742,204.3592529296875,,0.26133946254282137,-0.7410234612098757,1.0023629237526972,206.1074368740887,200.16888656616212,194.23033625823552
2025-07-02,211.6005401611328,212.49697770796604,207.31752868499885,208.08449026524104,67941800,204.68995056152343,2.2230859910811485,206.998779296875,,1.061000378534544,-0.38061869326099174,1.441619071795536,208.42228799204787,200.62557525634764,192.82886252064742
2025-07-03,212.70616149902344,213.80180573654255,210.9730316271009,211.3116844715072,34955800,207.19003295898438,0.5225040243511192,211.6005401611328,,1.7636218823650722,0.04822942186422116,1.715392460500851,210.64163200152683,201.15995559692382,191.67827919232082
2025-07-07,209.120361328125,215.37554414763463,207.97491173225177,211.8395692407974,50229000,208.95701904296874,-1.6857998591239214,212.70616149902344,,2.0079638232163006,0.4401763021346372,1.5677875210816634,211.72200181825082,201.624112701416,191.5262235845812
2025-07-08,209.1801300048828,210.59451698338924,207.6262968509882,209.26978591644843,42848900,209.92119445800782,0.028580993442351182,209.120361328125,,2.181284909798734,0.7883980236674567,1.392886886131277,212.56377450731776,201.92740936279296,191.29104421826815
2025-07-09,210.30567932128903,210.49493096772343,206.4011710318064,208.7020406311003,48749400,210.58257446289062,0.5380765928293229,209.1801300048828,,2.3820072460675306,1.1071198681474717,1.274887377920059,213.66113956417456,202.40999450683594,191.15884944949732
2025-07-10,211.5706329345703,212.63639676214427,209.20003300630609,209.67813195706395,44443600,210.57659301757812,0.6014833348122656,210.30567932128903,,2.6130309345619196,1.4083020814303613,1.2047288531315583,214.8618049520307,202.89506988525392,190.92833481847714
2025-07-11,210.3256072998047,211.29177557167307,209.03074119537857,209.73794232575935,39765800,210.10048217773436,-0.5884680768292913,211.5706329345703,,2.664935985343334,1.6596288622129562,1.0053071231303776,215.6841359575174,203.5116249084473,191.33911385937716
2025-07-14,207.79562377929688,210.07658325197187,206.71988962428105,209.1004448233413,38840100,209.83553466796874,-1.2028889648712604,210.3256072998047,,2.473410647592061,1.8223852192887775,0.6510254283032837,216.0486503141082,203.98076324462892,191.91287617514965
2025-07-15,208.28369140625,211.052704873644,208.0944397695192,208.393257343384,42296300,209.6562469482422,0.23487868419765642,207.79562377929688,,2.3341023372863674,1.9247286428882957,0.4093736943980717,216.15813196361097,204.61126251220702,193.06439306080307
2025-07-16,209.32955932617188,211.5606982702429,207.81556132948492,209.46900551017632,47490500,209.46102294921874,0.50213625121611,208.28369140625,,2.2817892520288297,1.9961407647164027,0.285648487312427,216.4358029225869,205.19594345092773,193.95608397926856
2025-07-17,209.1901092529297,210.9630743588066,208.7618004967043,209.7379389650813,48068100,208.98491821289062,-0.06661747805282485,209.32955932617188,,2.2036756978843073,2.0376477513499838,0.1660279465343235,216.1626041230511,205.91210250854493,195.66160089403877
2025-07-18,210.3455047607422,210.95309492429405,208.871357307622,210.0367321724359,48974600,208.98889770507813,0.5523184207602868,209.1901092529297,,2.2095308091021764,2.0720243629004225,0.1375064462017539,215.88426534571602,206.63921813964845,197.39417093358088
2025-07-21,211.64036560058597,214.92732845073888,210.7937335563828,211.2618775331451,51377400,209.75784606933593,0.6155875978032522,210.3455047607422,,2.292232050880301,2.116065900496398,0.17616615038390293,216.19129238888962,207.2109489440918,198.23060549929397
2025-07-22,213.55279541015625,214.1006251327807,211.39137195770533,212.2977797534573,46404100,210.8116668701172,0.9036224276702861,211.64036560058597,,2.4834626718302957,2.189545254763178,0.2939174170671177,216.71124745499546,207.85340042114257,198.99555338728968
2025-07-23,213.30377197265625,214.29982043425815,211.57065737650467,214.15041924441525,46989300,211.60650939941405,-0.11660977652936723,213.55279541015625,,2.585120545972501,2.2686603130050425,0.3164602329674584,216.79250983544455,208.5431640625,200.29381828955547
2025-07-24,212.91531372070312,214.83769515517372,212.68622683006964,213.05475989741396,46022600,212.35155029296874,-0.18211504107996837,213.30377197265625,,2.604318842697694,2.335792018943573,0.26852682375412096,216.75207385314113,209.15075302124023,201.54943218933934
2025-07-25,213.0348358154297,214.38946224202752,212.55672164240056,213.85158759699283,40268800,212.88941650390626,0.05613597849675976,212.91531372070312,,2.5992159221306963,2.3884767995809977,0.21073912254969862,216.3021044323454,209.79220733642578,203.28231024050615
2025-07-28,213.2041931152344,214.00103498726415,212.21809958876685,213.1842678888476,37858000,213.20218200683593,0.07949746770591296,213.0348358154297,,2.57910719720212,2.4266028791052223,0.15250431809689768,215.34179047123445,210.43814544677736,205.53450042232026
2025-07-29,210.43516540527344,213.96117031669576,209.9869466315705,213.33365491441555,51411700,212.5786560058594,-1.2987679414280273,213.2041931152344,,2.3130698638030935,2.403896276044797,-0.09082641224170329,214.72660847459198,210.74194107055663,206.7572736665213
2025-07-30,208.2239227294922,211.55072076453237,206.89917652304968,211.06265157316116,45512500,211.56268615722655,-1.0507952278425785,210.43516540527344,,1.9018808579289441,2.303493192421626,-0.4016123344926821,214.5776995478095,210.8031982421875,207.02869693656552
2025-07-31,206.74978637695312,209.01080544085684,206.3414028602417,207.6661491373953,80698400,210.32958068847657,-0.7079572477626128,208.2239227294922,,1.4404554507545697,2.130885644088215,-0.6904301933336452,214.72290914829966,210.5606605529785,206.39841195765734
2025-08-01,201.58030700683597,212.7360475386617,200.7037794341265,210.03674932642843,104434500,208.0386749267578,-2.500355362250286,206.74978637695312,,0.6501442509276671,1.8347373654561052,-1.184593114528438,215.66391648247887,210.00436782836914,204.3448191742594
2025-08-04,202.5464630126953,207.0585613783641,200.88304868853191,203.70186769022783,75109300,205.90712890625,0.47929086933406767,201.58030700683597,,0.10061778713262015,1.4879134497914082,-1.387295662658788,216.24230149390837,209.67567291259766,203.10904433128695
2025-08-05,202.1181488037109,204.52858421879685,201.3611574563388,202.59624780213056,44155100,204.2437255859375,-0.21146466969287797,202.5464630126953,,-0.36523704632529075,1.1172833505680684,-1.4825203968933591,216.70961700221307,209.32257385253905,201.93553070286504
2025-08-06,212.40733337402344,214.52892145014,204.77759854868276,204.8174489981037,108483100,205.08040771484374,5.09067821529722,202.1181488037109,,0.09472887092007909,0.9127724546384705,-0.8180435837183914,216.93243858583747,209.4276565551758,201.9228745245141
2025-08-07,219.16053771972656,219.9773047383464,215.7241736307253,218.0150880895572,90224800,207.56255798339845,3.179364967503996,212.40733337402344,,0.9927386527961062,0.9287656942699977,0.06397295852610851,218.44957620544255,209.8071517944336,201.16472738342463
2025-08-08,228.44374084472656,230.08721487155407,218.38364441813084,219.95740294972967,113854000,212.93524475097655,4.235800487436212,219.16053771972656,,2.4255347294477474,1.2281195013055477,1.1974152281421997,222.72555144871595,210.7130584716797,198.70056549464343
2025-08-11,226.5391082763672,228.91239906441297,224.1259370249458,227.2770261826339,61806100,217.73377380371093,-0.8337425054048452,228.44374084472656,,3.368517835565598,1.6561991681575579,1.71231866740804,225.49000343860632,211.6502326965332,197.8104619544601
2025-08-12,229.0021209716797,230.14888579943397,226.429412881848,227.36674823663387,55626200,223.11056823730468,1.0872350977508656,226.5391082763672,,4.2654142410040095,2.1780421827268484,2.087372058277161,228.43485983716604,212.6861541748047,196.93744851244335
2025-08-13,232.6717529296875,234.3370398551092,229.77992501054072,230.4181341091737,69878500,227.1634521484375,1.6024445286520423,229.0021209716797,,5.212236318940683,2.7848810099696153,2.4273553089710673,231.85336763357398,213.85326385498047,195.85316007638696
2025-08-14,232.1233062744141,234.4567012802976,230.19875827485632,233.39969406647396,51916300,229.756005859375,-0.23571690519697402,232.6717529296875,,5.8508990534397185,3.3980846186636366,2.452814434776082,234.5999806827421,214.9999237060547,195.39986672936726
2025-08-15,230.9366455078125,233.6190590405621,228.69299310222905,233.33985018068216,56038700,230.25458679199218,-0.5112200001143924,232.1233062744141,,6.189936530102472,3.9564550009514035,2.233481529151068,236.7323223550247,216.02948074340821,195.32663913179172
2025-08-18,230.23861694335935,232.4623214496413,229.46081868168693,231.0463293523468,37476200,230.99448852539064,-0.30225976605758714,230.9366455078125,,6.329340405194074,4.4310320817999385,1.8983083233941356,238.48649648888244,216.9593933105469,195.43229013221134
2025-08-19,229.90956115722656,232.2130419457167,228.70298322789472,230.62753117126795,39402600,231.1759765625,-0.14291945916863052,230.23861694335935,,6.340181265643395,4.81286191856863,1.5273193470747648,239.99126965427533,217.7772315979004,195.56319354152546
2025-08-20,225.3723907470703,229.81981519856652,225.1330775565405,229.33119207499823,42263900,229.71610412597656,-1.9734587754066688,229.90956115722656,,5.914482519422904,5.033186038739485,0.8812964806834191,240.73825202011594,218.3806625366211,196.02307305312624
2025-08-21,224.26551818847656,225.88095827873423,223.14868274098328,225.6316635652229,30621200,228.14454650878906,-0.49113050401810965,225.3723907470703,,5.425258824468614,5.111600595885311,0.3136582285833027,241.29785174969683,218.94817276000975,196.59849377032268
2025-08-22,227.11746215820312,228.44371192910324,224.77410085849388,225.53195134940427,42477800,227.38070983886718,1.2716818852774951,224.26551818847656,,5.207643097237963,5.130809096155842,0.0768340010821209,242.10467440889306,219.65230407714844,197.19993374540383
2025-08-25,226.5191650390625,228.65312729963856,225.59178073979157,225.8410754675025,30983100,226.6368194580078,-0.2634306994518411,227.11746215820312,,4.93007267925131,5.090661812774936,-0.1605891335236258,242.7549989653123,220.31805267333985,197.8811063813674
2025-08-26,228.6630859375,228.84258604761436,224.05612439304167,226.22996704217397,54575100,226.3875244140625,0.9464633591015523,226.5191650390625,,4.827444843048795,5.038018418829708,-0.21057357578091285,243.45595691304635,221.22944869995118,199.002940486856
2025-08-27,229.8397674560547,230.24859923631865,227.6160475796746,227.965066276898,31259500,227.28099975585937,0.5145918125483129,228.6630859375,,4.785891134193093,4.9875929619023855,-0.20170182770929213,243.96891157657836,222.31024093627929,200.6515702959802
2025-08-28,231.9039306640625,232.75153884501827,228.69301327644948,230.16884905542523,38074700,228.80868225097657,0.8980879291928799,229.8397674560547,,4.863457331777482,4.962765835877406,-0.09930850409992331,244.32463460056198,223.56794815063478,202.81126170070758
2025-08-29,231.485107421875,232.7216147258446,230.71727541448905,231.85405874294375,39418400,229.68221130371094,-0.18060204541949312,231.9039306640625,,4.835394152938022,4.937291499289529,-0.10189734635150671,243.30715096385944,225.0631881713867,206.81922537891398
2025-09-02,229.0719451904297,230.19876225122124,226.32970313085187,228.6032698757151,44075600,230.19276733398436,-1.0424697546729835,231.485107421875,,4.565800155009043,4.862993230433432,-0.29719307542438855,241.2918641213048,226.38946228027345,211.4870604392421
2025-09-03,237.79725646972656,238.17618932549604,233.6988505309185,236.5408165177042,66427800,232.01960144042968,3.8089829254487886,229.0719451904297,,4.998584103071153,4.890111404960976,0.10847269811017668,238.75919443888316,228.1734176635742,217.58764088826527
2025-09-04,239.1035614013672,239.2232180033205,236.0721441645207,237.7773116053272,47549400,233.8723602294922,0.549335577303823,237.79725646972656,,5.384902585665856,4.989069641101953,0.39583294456390306,238.30467429144161,229.50822906494142,220.71178383844122
2025-09-05,239.0137939453125,240.6392002919357,237.81718240373485,239.32291694518145,54870400,235.2943328857422,-0.03754333709149604,239.1035614013672,,5.619046413589928,5.115064995599548,0.5039814179903797,238.85006566880966,230.5008918762207,222.15171808363172
2025-09-08,237.2089080810547,239.47249309970456,235.67324414176576,238.62490021245955,48999500,236.43909301757813,-0.7551387869566972,239.0137939453125,,5.594478216511675,5.210947639781974,0.3835305767297008,239.74154874542324,230.93915023803712,222.13675173065099
2025-09-09,233.6888732910156,238.1063683630383,232.70166073618756,236.3313911991396,66313900,237.36247863769532,-1.4839387013392806,237.2089080810547,,5.23067439547566,5.214892990920712,0.015781404554948253,239.92566164698513,231.29663848876953,222.66761533055393
2025-09-10,226.1501922607422,231.76431424305807,225.31256565050364,231.53496736029476,83440800,235.03306579589844,-3.2259477843797026,233.6888732910156,,4.284657822215024,5.028845957179574,-0.74418813496455,240.03334520786245,231.15404205322267,222.27473889858288
2025-09-11,229.3810577392578,229.7998710451417,226.010588238333,226.23995033725743,50208600,233.08856506347655,1.4286370691166892,226.1501922607422,,3.752381595613656,4.773553084866391,-1.021171489252735,239.87234953399422,230.98950729370117,222.1066650534081
2025-09-12,233.40968322753903,233.84842918261825,228.373926506362,228.57335925244223,55824200,231.96774291992188,1.7563026031821003,229.3810577392578,,3.6139657123487723,4.541635610362867,-0.9276698980140949,239.98970559799594,231.05382614135743,222.11794668471893
2025-09-15,236.0322265625,237.5180285002954,234.3669397384463,236.33138325533855,42699500,231.73240661621094,1.1235794928029545,233.40968322753903,,3.6735411614418467,4.368016720578663,-0.6944755591368166,240.51683623788125,231.3086051940918,222.10037415030234
2025-09-16,237.4781494140625,240.53949594661788,235.65332541334,236.51088466190768,63421100,232.49026184082032,0.6125955224930388,236.0322265625,,3.7936976392156225,4.253152904306055,-0.45945526509043244,241.26287669200497,231.67058181762695,222.07828694324894
2025-09-17,238.3157958984375,239.42266510979977,237.05934071942244,238.2958480596019,46508000,234.9233825683594,0.35272570821431454,237.4781494140625,,3.9114251104219306,4.18480734552923,-0.27338223510729964,242.08649271087484,232.0908935546875,222.0952943985002
2025-09-18,237.2089080810547,240.51953392817583,235.98236714862816,239.2930082114909,44249600,236.48895263671875,-0.46446263169837565,238.3157958984375,,3.8707883447619054,4.122003545375765,-0.25121520061385993,242.4012058469609,232.6827194213867,222.96423299581252
2025-09-19,244.8074188232422,245.60516498271892,239.53234916144805,240.5494606794321,163741300,238.76849975585938,3.203299068174571,237.2089080810547,,4.400987879934831,4.177800412287579,0.22318746764725272,244.007419921592,233.709814453125,223.412208984658
2025-09-22,255.3575592041016,255.9160073848096,247.42002368458668,247.5995237986898,105517400,242.6335662841797,4.309567263758824,244.8074188232422,,5.6078393081880336,4.4638081914676695,1.144031116720364,248.80226106721565,235.12181930541993,221.4413775436242
2025-09-23,253.71221923828125,256.6140134777918,252.86462630601795,255.15814081026076,60275200,245.88038024902343,-0.6443278871197454,255.3575592041016,,6.358218984808872,4.842690350135911,1.515528634672961,251.861623350569,236.48147201538086,221.1013206801927
2025-09-24,251.59820556640625,255.018537102084,250.33178410429736,254.49999981420797,42303700,248.5368621826172,-0.8332328960039415,253.71221923828125,,6.705025686572355,5.2151574174232,1.4898682691491558,253.94544846745276,237.62822799682618,221.3110075261996
2025-09-25,256.14532470703125,256.4444966190252,250.99989343760635,252.49566170312627,55202100,252.3241455078125,1.8072939472634053,251.59820556640625,,7.263062940635507,5.624738522065662,1.6383244185698453,256.78679523236445,238.943505859375,221.10021648638553
2025-09-26,254.73931884765625,256.87328100426123,253.06405044687503,253.38315498635407,46076300,254.3105255126953,-0.5489094368531353,256.14532470703125,,7.50534165585583,6.000859148823696,1.504482507032134,258.9264310923283,240.08527526855468,221.24411944478106
2025-09-29,253.71221923828125,254.28061851263053,252.29622703166865,253.84185736381545,40127700,253.98145751953126,-0.4031963397017813,254.73931884765625,,7.52769633106854,6.3062265852726656,1.2214697457958748,260.5178870333281,241.196630859375,221.87537468542192
2025-09-30,253.9116668701172,255.1980209495745,252.39595068950493,254.1410137555297,37704300,254.02134704589844,0.07861175643598799,253.71221923828125,,7.475335316967744,6.540048331611683,0.9352869853560613,261.6714863693146,242.43861694335936,223.20574751740412
2025-10-01,254.72933959960935,258.0599285933123,254.21080232618837,254.32049261064776,48713900,254.64757385253907,0.3220303893756962,253.9116668701172,,7.414350178164909,6.7149087009223285,0.6994414772425808,263.1385007154475,243.28522109985352,223.43194148425954
2025-10-02,256.40460205078125,257.4516276685696,253.43299812845933,255.85613542550084,42630200,254.69942932128907,0.6576637201686808,254.72933959960935,,7.415714949530667,6.855069950643997,0.5606449988866702,264.7307491020902,244.15027313232423,223.56979716255825
2025-10-03,257.2920837402344,258.5086431914624,253.23357360959045,253.9515436206674,49155600,255.2099822998047,0.34612549164673656,256.40460205078125,,7.403070902898577,6.9646701410949134,0.4384007618036634,266.2972796281039,245.0641876220703,223.8310956160367
2025-10-06,255.9658660888672,258.339156849437,254.33049322602108,257.262186546101,44664100,255.66071166992188,-0.5154521787410121,257.2920837402344,,7.203003977902284,7.012336908456387,0.1906670694458974,267.4302998610929,246.00203552246094,224.573771183829
2025-10-07,255.7564392089844,256.67382669789566,254.70938317067183,256.0854948355218,31955800,256.0296661376953,-0.08181828424344459,255.9658660888672,,6.947464453907088,6.999362417546527,-0.05189796363943877,268.1329420839171,247.10541381835938,226.07788555280163
2025-10-08,257.3319702148437,257.7906639625656,255.3874592951906,255.7963062732735,36496900,256.55019226074216,0.6160278938556412,255.7564392089844,,6.793765426128601,6.958243019262943,-0.1644775931343414,267.6774704233794,248.66450271606445,229.65153500874948
2025-10-09,253.32330322265625,257.2721380835156,252.42584836214985,257.08267167133846,38322000,255.93393249511718,-1.5577803989300865,257.3319702148437,,6.276144428621933,6.821823301134742,-0.5456788725128092,266.6468408622828,249.8616149902344,233.076389118186
2025-10-10,244.57806396484372,255.6567217403356,243.3116425485481,254.2207817432353,61999100,253.39112854003906,-3.452204809648317,253.32330322265625,,5.101451974925169,6.477749035892827,-1.3762970609676577,265.5635322135429,250.4200340270996,235.27653584065635
2025-10-13,246.9613342285156,248.98560621270488,244.867252416582,248.67648318296307,38142900,251.59022216796876,0.974441544362888,244.57806396484372,,4.313091105171594,6.044817449748581,-1.7317263445769866,264.6414964495435,250.96648941040038,237.29148237125722
2025-10-14,247.07101440429688,248.1479694164288,244.00966795095763,245.90431694508948,35478000,249.85313720703124,0.044411881772468215,246.9613342285156,,3.6550268354250193,5.566859326883869,-1.91183249145885,263.7314760023991,251.4461326599121,239.16078931742513
2025-10-15,248.63656616210935,251.1095806192417,246.77184661648403,248.78615211625976,33893600,248.1140563964844,0.6336444449330131,247.07101440429688,,3.222684008350228,5.098024263177141,-1.875340254826913,262.694099880387,251.9621711730957,241.23024246580437
2025-10-16,246.7519073486328,248.33741809379524,244.43846029169785,247.54965348458143,39777000,246.79977722167968,-0.7579974428410299,248.63656616210935,,2.696884976280984,4.61779640579791,-1.9209114295169263,261.0479157519407,252.4393211364746,243.8307265210085
2025-10-17,251.5782470703125,252.66518358811555,246.5724201648456,247.3203043073955,49147000,248.19981384277344,1.955948293789928,246.7519073486328,,2.639207593041249,4.222078643246578,-1.5828710502053287,260.62127535093134,252.77786254882812,244.9344497467249
2025-10-20,261.50018310546875,263.63416054313814,254.90884523128253,255.168106265739,90483000,251.10758361816406,3.9438767662544416,251.5782470703125,,3.35543579310189,4.04875007321764,-0.6933142801157501,261.78772520216285,253.0849937438965,244.38226228563013
2025-10-21,262.0286865234375,264.5415968076956,261.0913359303388,261.141213133835,46695900,254.0991180419922,0.2021044160246699,261.50018310546875,,3.920504475573125,4.023100953688737,-0.10259647811561212,263.080305477896,253.5008171081543,243.92132873841263
2025-10-22,257.72088623046875,262.1084670888602,254.70938662410157,261.9090191460537,45015300,255.91598205566407,-1.6440185806081322,262.0286865234375,,3.974901801995202,4.01346112335003,-0.03855932135482831,263.5208156719754,253.80695114135742,244.09308661073942
2025-10-23,258.84765625,259.8847307097371,257.2821086816683,259.2066564378435,32754900,258.3351318359375,0.4372055505519362,257.72088623046875,,4.062107551582017,4.023190408996427,0.038917142585589204,263.8657938527172,253.94206771850585,244.0183415842945
2025-10-24,262.0785522460937,263.3848541030092,258.44880663072195,260.4531458541269,38253700,260.43519287109376,1.2481843733494085,258.84765625,,4.341874613749155,4.086927249946973,0.25494736380218264,264.87864991239667,254.30902938842775,243.7394088644588
2025-10-27,268.0516662597656,268.36078929414754,263.9033982511248,264.13276036080543,44888200,261.7454895019531,2.2791311850895504,262.0785522460937,,4.988073006979306,4.267156401353439,0.7209166056258667,267.2422813814293,255.02600173950196,242.80972209757465
2025-10-28,268.2411193847656,269.12862319727753,267.39351124836816,268.23113785786586,41534800,262.98797607421875,0.07067783895676413,268.0516662597656,,5.452622732365029,4.504249667555757,0.9483730648092719,269.2916751657862,255.7424743652344,242.19327356468256
2025-10-29,268.93914794921875,270.6443152614699,266.35642794866993,268.5203194424725,51086700,265.23162841796875,0.26022429598195623,268.2411193847656,,5.810131231955609,4.765425980435728,1.044705251519881,271.214499577025,256.45296478271484,241.69142998840468
2025-10-30,270.63433837890625,273.36662916750566,267.72259312931254,271.2226702585742,69886500,267.58896484375,0.6303249053230386,268.93914794921875,,6.1592470282258205,5.0441901899937465,1.115056838232074,273.23026078882424,257.1644515991211,241.09864240941795
2025-10-31,269.6072692871094,276.53767519933945,268.40069127196034,276.2085891024436,86167100,269.09470825195314,-0.37950435186791015,270.63433837890625,,6.280648513385643,5.291481854672126,0.9891666587135166,274.7832929541671,257.7802108764648,240.7771287987625
2025-11-03,268.2909545898437,270.08589475979994,265.49886601188945,269.65711516237894,50194600,269.14256591796874,-0.4882341269010502,269.6072692871094,,6.199184134017969,5.473022310541295,0.7261618234766738,276.00529261380734,258.3964653015137,240.78763798922003
2025-11-04,269.2781982421875,270.7240893859628,266.8650119182292,267.5730004152706,49274800,269.3499816894531,0.36797500454425663,268.2909545898437,,6.143467271919519,5.60711130281694,0.536355969102579,277.28265324074675,259.07255325317385,240.86245326560095
2025-11-05,269.3779296875,270.9335263776032,266.17696342424256,267.8522167164328,43683100,269.4377380371094,0.03703658371287898,269.2781982421875,,6.037759221503563,5.693240886554265,0.3445183349492984,278.4311984727906,259.67485122680665,240.9185039808227
2025-11-06,269.0089416503906,272.6287059365568,267.1342708755924,267.1342708755924,51204000,269.11265869140624,-0.13697782796735825,269.3779296875,,5.856698207858415,5.725932350815095,0.13076585704331922,279.40800501517714,260.45913314819336,241.51026128120955
2025-11-07,267.7126159667969,271.5218466038475,266.0173996929098,269.03885049148494,48227400,268.7337280273438,-0.48188944041811094,269.0089416503906,,5.54468769297381,5.689683419246839,-0.14499572627302904,279.26255758353267,261.615860748291,243.96916391304939
2025-11-10,268.93035888671875,273.22240319845355,266.96401085683,268.46122924118225,41312400,268.8616088867187,0.45486945601133194,267.7126159667969,,5.334189571585398,5.618584649714551,-0.2843950781291529,279.21817374269926,262.71431198120115,246.21045021970303
2025-11-11,274.73956298828125,275.3983427074405,269.2996575494418,269.3096487524697,46208300,269.9538818359375,2.1601146577912034,268.93035888671875,,5.571893198866292,5.609246359544899,-0.03735316067860772,279.6940235536728,264.0977394104004,248.5014552671279
2025-11-12,272.9628601074219,275.2186787593472,271.19615348009904,274.49002155435767,48398000,270.6708679199219,-0.6466862149501048,274.73956298828125,,5.552899592150368,5.597977006065993,-0.045077413915625364,279.57008465818603,265.31405410766604,251.05802355714607
2025-11-13,272.44384765625,276.1868935731559,271.5854266195937,273.6016697208788,49602800,271.35784912109375,-0.19014031834500222,272.9628601074219,,5.433334951556958,5.565048595164186,-0.13171364360722837,278.19393426046736,266.59865112304686,255.00336798562637
2025-11-14,271.9048156738281,275.44821996704485,269.1000292932184,270.54732197227213,47431300,272.1962890625,-0.19785067163710984,272.44384765625,,5.234740901764269,5.498987056484204,-0.2642461547199346,277.0240981113965,267.61497955322267,258.20586099504885
2025-11-17,266.9639892578125,269.98836893107386,265.237217022597,268.3214829895084,45018300,271.8030151367187,-1.8171161859606588,271.9048156738281,,4.625352107039248,5.324260066595213,-0.6989079595559646,276.85671226523317,267.88816986083987,258.91962745644656
2025-11-18,266.9440612792969,270.2079864201871,264.8279974843966,269.48932037088264,45677300,270.24391479492186,-0.007464669137971319,266.9639892578125,,4.093610482036468,5.078130149683464,-0.984519667646996,276.6861291664603,268.1339385986328,259.58174803080533
2025-11-19,268.0619506835937,271.7051756343288,265.00762791735707,265.0375710636542,40424500,269.2637329101562,0.4187729065555793,266.9440612792969,,3.7195293268125624,4.806409985109283,-1.086880658296721,275.66438455236823,268.65099182128904,261.63759909020985
2025-11-20,265.7562561035156,274.91922505965954,265.4268814706152,270.327749378444,45823600,267.92621459960935,-0.8601349703672005,268.0619506835937,,3.20012795007176,4.485153578101779,-1.2850256280300192,274.49339011825646,268.9964218139648,263.4994535096731
2025-11-21,270.98651123046875,272.8230952896135,265.17732758833057,265.4568071090486,59030800,267.7425537109375,1.9680647235321793,265.7562561035156,,3.1739491841192944,4.222912699305282,-1.0489635151859877,273.92958294817265,269.44181976318356,264.95405657819447
2025-11-24,275.4083251953125,276.4863089537433,270.397615191446,270.397615191446,65585800,269.4314208984375,1.631746888347178,270.98651123046875,,3.4700056902224787,4.072331297488722,-0.6023256072662431,274.9727959018639,269.8096527099609,264.64650951805794
2025-11-25,276.4563903808594,279.8600705608694,274.73957871594786,274.75953066216096,46914200,271.33388671875,0.3805495657415636,275.4083251953125,,3.7460209084925964,4.007069219689496,-0.2610483111969,276.11367766031054,270.22041625976556,264.32715485922057
2025-11-26,277.0352783203125,279.01161742605893,276.1170014953278,276.4463761157936,33431400,273.12855224609376,0.20939575267391058,276.4563903808594,,3.9657615458002056,3.9988076849116383,-0.033046139111432726,277.2185742504013,270.6252227783203,264.0318713062393
2025-11-28,278.3328857421875,278.4826014787427,275.4781737009374,276.7458380127342,20135600,275.6438781738281,0.46839067924579847,277.0352783203125,,4.196241992777118,4.038294546484734,0.15794744629238355,278.4502682971949,271.0101501464843,263.5700319957737
2025-12-01,282.57501220703125,282.89442609469603,275.6279276857388,277.4944549964911,46587700,277.9615783691406,1.5241197437133323,278.3328857421875,,4.667400670734935,4.1641157713347745,0.5032848994001604,280.6767386875604,271.65853729248045,262.6403358974005
2025-12-02,285.6592712402344,286.86701880065203,282.10587559562896,282.47518456741903,53669500,280.011767578125,1.0914832876105172,282.57501220703125,,5.229390091490302,4.37717063536588,0.8522194561244216,283.3451133885163,272.526953125,261.70879286148363
2025-12-03,283.623046875,288.0847586222564,282.77461708045536,285.6692634925469,43538700,281.4450988769531,-0.7128157809805328,285.6592712402344,,5.447667151647522,4.591269938622209,0.8563972130253132,285.0155699670181,273.24419555664065,261.4728211462632
2025-12-04,280.179443359375,284.20196835267484,278.0733405949076,283.5731318378766,43989100,282.0739318847656,-1.2141479874668595,283.623046875,,5.281896851075373,4.729395321112842,0.5525015299625311,285.79743050833343,273.7842712402344,261.7711119721353
2025-12-05,278.26300048828125,280.6186397013617,277.5343433093784,280.01974631085085,47265800,282.05995483398436,-0.6840055245008125,280.179443359375,,4.938948644658581,4.77130598582199,0.16764265883659046,286.1984052071288,274.2469741821289,262.295543157129
2025-12-08,277.3746643066406,279.15136205700173,275.6378704438954,277.6142094762677,38211800,281.01988525390624,-0.3192433705098484,278.26300048828125,,4.543108290159523,4.725666446689497,-0.1825581565299741,286.34577551470346,274.7300765991211,263.11437768353875
2025-12-09,276.6659545898437,279.5106752769474,276.40645748061854,277.64414811825674,32193300,279.2212219238281,-0.25550629094712335,277.3746643066406,,4.124668396375455,4.605466836626689,-0.48079844025123375,286.4306590133927,275.11685638427736,263.803053755162
2025-12-10,278.26300048828125,279.2312028389952,275.92734368017386,277.23491184461454,33038300,278.1492126464844,0.5772469911612984,276.6659545898437,,3.8772257775154912,4.459818624804449,-0.5825928472889581,286.69150700353754,275.2930282592773,263.8945495150171
2025-12-11,277.514404296875,279.07150890817053,273.3022288840155,278.5824273392719,33248000,277.6162048339844,-0.26902469609421764,278.26300048828125,,3.579458493595439,4.283746598562647,-0.7042881049672083,286.9049368908128,275.52060546875,264.13627404668716
2025-12-12,277.7639465332031,278.70220580092337,276.30666253778065,277.38464634485007,39532900,277.5163940429687,0.08992046267305592,277.514404296875,,3.325279990931051,4.092053277036328,-0.766773286105277,287.1167307449976,275.78661041259767,264.45649008019774
2025-12-15,273.6016540527344,279.6304615267261,272.33402020742307,279.6304615267261,50409100,276.7617919921875,-1.4984999069961016,277.7639465332031,,2.7562076329550678,3.8248841482200757,-1.068676515265008,287.10417677889353,275.87145233154297,264.6387278841924
2025-12-16,274.1007385253906,274.9891026980292,271.2859911871425,272.3140798989353,37648600,276.2487487792969,0.18241281266525375,273.6016540527344,,2.318756454206266,3.523658609417314,-1.2049021552110482,286.6970185408587,276.22828979492186,265.759561048985
2025-12-17,271.3358764648437,275.6478724530811,271.13626563598973,274.50001118897205,50138700,274.8633239746094,-1.0087028861802265,274.1007385253906,,1.7290406773741438,3.16473502300868,-1.4356943456345364,286.26030280380667,276.44788055419923,266.6354583045918
2025-12-18,271.68524169921875,273.12257373871984,266.4549687260805,273.1025913325419,51630700,273.69749145507814,0.12875747907974242,271.3358764648437,,1.2751780711752758,2.7868236326419997,-1.511645561466724,285.90890151948753,276.6290451049805,267.34918869047345
2025-12-19,273.1625061035156,274.09077415448866,269.399477884542,271.6453053723066,144632000,272.77720336914064,0.5437411303821745,271.68524169921875,,1.0229002202661377,2.4340389501668276,-1.41113872990069,284.94796180718976,276.99935760498045,269.05075340277114
2025-12-22,270.4674987792969,273.37210596231955,270.00836035897595,272.3539780142796,36571800,272.15037231445314,-0.9865948891234254,273.1625061035156,,0.5986033115505052,2.066951822443563,-1.4683485108930578,285.0075951951067,276.97340698242186,268.939218769737
2025-12-23,271.8549194335937,271.99467443806464,269.06012395403746,270.3377490962612,29642000,271.7012084960937,0.5129713035979091,270.4674987792969,,0.3700326995200385,1.727567997858858,-1.3575352983388196,285.12731208446667,276.7957366943359,268.46416130420516
2025-12-24,273.3022155761719,274.9192064044749,271.69521595033444,271.8349404799371,17910600,272.0944763183594,0.5323781322749668,271.8549194335937,,0.3021900866589249,1.4424924156188714,-1.1403023289599465,285.11479556339657,276.6380279541016,268.1612603448066
2025-12-26,272.8929748535156,274.859322715931,272.35396775197984,273.65157518449314,21521800,272.3360229492188,-0.14973926274014812,273.3022155761719,,0.21294729714946925,1.196583391924991,-0.9836360947755218,285.0677217578473,276.43091278076173,267.79410380367614
2025-12-29,273.2523498535156,273.8512128461511,271.8449608988494,272.1843267483383,23715200,272.35399169921874,0.13169082135328197,272.8929748535156,,0.16926907406195824,0.9911205283523845,-0.8218514542904263,284.8767819094482,276.1768859863281,267.476990063208
2025-12-30,272.5735778808594,273.5717234473003,271.77507361210075,272.304089543875,22139600,272.77520751953125,-0.24840480713894109,273.2523498535156,,0.07897219976086944,0.8086908626340814,-0.729718662873212,283.9684114602658,275.6768142700195,267.3852170797732
2025-12-31,271.3558349609375,273.17246717497864,271.24605357156486,272.553621806917,27293600,272.675390625,-0.44675750650128854,272.5735778808594,,-0.08981506801592332,0.6289896765040806,-0.7188047445200039,282.00074040054636,274.9616424560547,267.922544511563
2026-01-02,270.5074157714844,277.32473598417806,268.5011336129586,271.75509761912826,37838100,272.1164306640625,-0.31265927617707484,271.3558349609375,,-0.2887124346007113,0.44544925428312215,-0.7341616888838334,280.31596632564003,274.3058609008789,268.29575547611773
2026-01-05,266.7643737792969,271.0064921177503,265.6464557026853,270.1381104139889,45647200,270.8907104492188,-1.3837114156417423,270.5074157714844,,-0.739843778913098,0.20839064764387805,-0.9482344265569761,279.87510315054834,273.635107421875,267.3951116932016
2026-01-06,261.8734436035156,267.0538212812338,261.6338984265986,266.504853430471,52352100,268.61492919921875,-1.8334270451824577,266.7643737792969,,-1.4750226663550734,-0.12829201515591235,-1.346730651199161,280.60822808477496,272.81562957763674,265.0230310704985
2026-01-07,259.8471984863281,263.1909919246956,259.32817380451803,262.71190159101934,48309800,266.0696533203125,-0.7737497507594916,261.8734436035156,,-2.1958459331994504,-0.5418027987646201,-1.6540431344348303,281.3478370733793,271.9392562866211,262.5306754998629
2026-01-08,258.55963134765625,258.80916773471864,255.22581364132836,256.5433578451618,50419300,263.5104125976562,-0.4955093401707852,259.8471984863281,,-2.83828153015736,-1.0010985450431682,-1.8371829851141919,281.8992141524915,271.03394012451173,260.168666096532
2026-01-09,258.8890075683594,259.7274461787287,255.74485516422808,258.5995368285105,39997000,261.1867309570313,0.12738888084979114,258.55963134765625,,-3.2829941480009666,-1.4574776656347281,-1.8255164823662384,281.64771223141685,270.06524047851565,258.48276872561445
2026-01-12,259.76739501953125,260.8154357257053,256.32378048041085,258.6794199598783,45263800,259.78733520507814,0.3392911346148746,258.8890075683594,,-3.5239318821381858,-1.87076850893542,-1.6531633732027657,281.0724939141346,269.1778900146484,257.28328611516224
2026-01-13,260.5658874511719,261.3244878277737,257.9108470550362,258.24022168851656,45730800,259.52582397460935,0.30738747315866505,259.76739501953125,,-3.6088445923184054,-2.2183837256120174,-1.390460866706388,280.0849807646239,268.3179870605469,256.5509933564699
2026-01-14,259.4779052734375,261.334471811998,256.2339322781376,259.0087756526009,40019400,259.45196533203125,-0.4175458991876881,260.5658874511719,,-3.7210358114261908,-2.518914142774852,-1.2021216686513387,279.733559647432,267.611799621582,255.49003959573201
2026-01-15,257.73114013671875,260.5559089501236,256.5732877053955,260.1666175851947,39388600,259.28626708984376,-0.6731845375728662,259.4779052734375,,-3.905873036033256,-2.796305921426533,-1.109567114606723,279.2755089524238,266.79331970214844,254.31113045187305
2026-01-16,255.0561370849609,258.41988279267105,254.45724364888235,257.4217372195352,72142800,258.519692993164,-1.0379044807464208,257.73114013671875,,-4.219567708603108,-3.0809582788618486,-1.1386094297412597,279.30875502419764,265.9793327331543,252.64991044211098
2026-01-20,246.2425079345703,254.31750190322293,242.9685916985444,252.26132447540704,80267500,255.81471557617186,-3.455564430294307,255.0561370849609,,-5.1203351739400205,-3.4888336578774837,-1.6315015160625368,280.3920351165699,264.7071960449219,249.02235697327387
2026-01-21,247.1907501220703,251.09350304772093,244.72532928784557,248.2388060412761,54641700,253.13968811035156,0.3850846856026823,246.2425079345703,,-5.692070020156166,-3.92948093033322,-1.7625890898229457,280.3926524204013,263.4086082458496,246.42456407129794
2026-01-22,247.8894500732422,250.5345296526772,247.68980878155543,248.737864640942,39708300,250.8219970703125,0.2826561879143276,247.1907501220703,,-6.019406783677567,-4.34746610100209,-1.6719406826754772,280.26041046355806,262.2797058105469,244.29900115753568
2026-01-23,247.58001708984372,248.94748685874612,244.22624741136653,246.8613663013417,41689000,248.7917724609375,-0.12482700788881491,247.8894500732422,,-6.2319540952696855,-4.724363699855609,-1.5075903954140761,279.5940892522945,261.0659606933594,242.53783213442426
2026-01-26,254.9363555908203,256.0842168676608,249.336758511775,251.01363570547156,55969200,248.76781616210937,2.9712973556775655,247.58001708984372,,-5.740629925125546,-4.927616944909597,-0.8130129802159489,277.9277022510049,260.1476676940918,242.36763313717873
2026-01-27,257.791015625,261.46421404872183,257.73112933459527,258.68937090303496,49648300,251.0775177001953,1.1197539980376487,254.9363555908203,,-5.062546883965496,-4.9546029327207775,-0.10794395124471823,276.1466626043296,259.392569732666,242.6384768610024
2026-01-28,255.96446228027344,258.3799575946877,254.0380333360145,257.17220993748055,41288000,252.83226013183594,-0.7085403423770162,257.791015625,,-4.619300359171916,-4.887542418011005,0.268242058839089,274.0067724320282,258.5281753540039,243.04957827597963
2026-01-29,257.801025390625,259.16847988830324,253.93820707645816,257.52154586161765,67253000,254.8145751953125,0.7175070687510443,255.96446228027344,,-4.072879382406256,-4.724609810890056,0.6517304284837993,271.7849010577422,257.7895477294922,243.7941944012422
2026-01-30,258.9988098144531,261.41430490835,251.7123292610244,254.69678984095316,92443400,257.09833374023435,0.46461584937965994,257.801025390625,,-3.502807445063354,-4.4802493377247155,0.9774418926613615,269.6546571300758,257.171696472168,244.68873581426018
2026-02-02,269.5093078613281,269.9883982625768,258.7293169184304,259.5478036352127,73913400,260.01292419433594,4.058126002356817,258.9988098144531,,-2.177807565114449,-4.019760983202662,1.8419534180882131,269.3863389738131,257.12179107666014,244.85724317950715
2026-02-03,268.98028564453125,271.3758289780004,267.11372779647115,268.70080609664296,64394700,262.2507781982422,-0.19629088916998566,269.5093078613281,,-1.1570851287153232,-3.447225812305194,2.290140683589871,269.8974146409665,257.2325866699219,244.56775869887733
2026-02-04,275.97723388671875,278.432693698261,271.7850411492978,271.7850411492978,90545700,266.2533325195312,2.6012866427817913,268.98028564453125,,0.21397345050365857,-2.7149859597434234,2.928959410247082,273.02885596117443,257.93777618408205,242.84669640698968
2026-02-05,275.3983459472656,278.98168486317746,272.72332314901723,277.6142303156022,52977400,269.7727966308594,-0.20975930923734926,275.97723388671875,,1.2395471062829415,-1.9240793465381503,3.1636264528210916,275.7038867655151,258.71533355712893,241.72678034874278
2026-02-06,277.6042175292969,280.3890519626743,276.4164219647768,276.6060720438839,50453400,273.49387817382814,0.8009748840153307,275.3983459472656,,2.204900300616373,-1.0982834171072455,3.3031837177236185,278.6386369524796,259.6675628662109,240.69648877994223
2026-02-09,274.3672180175781,277.9439398399519,271.4499228389202,277.6541982366954,44623400,274.4654602050781,-1.1660483909532586,277.6042175292969,,2.677881898653709,-0.3430503539550544,3.0209322526087634,280.5099236748331,260.44147338867185,240.3730231025106
2026-02-10,273.4280700683594,275.11651686144285,272.68876099546605,274.6369782150198,34376900,275.3550170898437,-0.3422959769044204,274.3672180175781,,2.9430165689885825,0.3141630306336732,2.6288535383549094,282.00962861299394,261.12450714111327,240.2393856692326
2026-02-11,275.24639892578125,279.92208361183503,274.1973776592452,274.44714753122867,51931300,275.20885009765624,0.6650117732854849,273.4280700683594,,3.2622563868630436,0.9037817018795475,2.358474684983496,283.6722624353388,261.85853271484376,240.04480299434874
2026-02-12,261.4891052246094,275.46621856633783,259.94051360693726,275.3363333447182,81077200,272.427001953125,-4.9981739106717455,275.24639892578125,,2.3777484117496783,1.198575043853574,1.1791733678961043,283.74513925555965,261.95909271240237,240.17304616924508
2026-02-13,255.5445556640625,261.9886306947134,255.21485759663088,261.7688319830923,56290700,268.01506958007815,-2.2733450234726718,261.4891052246094,,1.183451903206958,1.195550415724251,-0.012098512517292992,283.74680875393534,261.84976348876955,239.9527182236038
2026-02-17,263.6371154785156,266.0449008431299,255.30478047881587,257.8124646511843,58469100,265.8690490722656,3.166790148756509,255.5445556640625,,0.8798232061774343,1.1324049738148876,-0.2525817676374533,283.9504888879282,262.27881240844727,240.60713592896633
2026-02-18,264.106689453125,266.57441720150126,262.20844437502524,263.35737977838915,34203300,264.00477294921876,0.17811375828364412,263.6371154785156,,0.6693698921638429,1.0397979574846787,-0.37042806532083583,283.49112859822134,263.172021484375,242.85291437052874
2026-02-19,260.3401184082031,264.2365527856389,259.81060750150084,262.35827847824623,30845300,261.0235168457031,-1.4261551090285371,264.106689453125,,0.1963894643000117,0.8711162588477452,-0.6747267945477335,282.77588179184784,263.82948989868163,244.88309800551542
2026-02-20,264.3364562988281,264.5063132392292,257.9223826043077,258.73163460792017,42070500,261.5929870605469,1.5350449692731944,260.3401184082031,,0.14237888144458566,0.7253687833671133,-0.5829899019225276,282.04956741790625,264.65184020996094,247.25411300201563
2026-02-23,265.9349670410156,269.1819753311392,263.13755670993424,263.24744081710827,37308200,263.6710693359375,0.6047257970275615,264.3364562988281,,0.22595687281278742,0.6254864012562482,-0.3995295284434608,281.00085052342536,265.56958770751953,250.1383248916137
2026-02-24,271.8895263671875,274.6369951599546,267.46358073991865,267.61343657617186,47014600,265.32155151367186,2.2391035644641244,265.9349670410156,,0.7638707795586583,0.6531632769167303,0.11070750264192808,281.23966093626035,266.41724624633787,251.5948315564154
2026-02-25,273.97760009765625,274.6869380517792,270.8005039088116,271.5298429675081,33714300,267.2957336425781,0.7679860855135704,271.8895263671875,,1.3431782031768762,0.7911662621687595,0.5520119410081167,281.83184280870324,267.2265754699707,252.6213081312382
2026-02-26,272.6987609863281,275.8558253670768,270.55071567552415,274.6969199809464,32345100,269.7674621582031,-0.46676776162441647,273.97760009765625,,1.6797290110546896,0.9688788119459456,0.710850199108744,281.8461821256864,268.06329040527345,254.28039868486044
2026-02-27,263.93682861328125,272.5588900215503,262.6480379442022,272.5588900215503,72366500,269.6875366210937,-3.2130444382496326,272.6987609863281,,1.2253086397637958,1.0201647775095157,0.20514386225428005,281.44621144811936,268.3700805664063,255.2939496846932
2026-03-02,264.476318359375,266.2846497598317,259.960490133898,262.16844722421786,41827900,269.39580688476565,0.20440108677830912,263.93682861328125,,0.8983538711785286,0.9958025962433183,-0.09744872506478974,281.1088136097036,268.64395599365236,256.1790983776011
2026-03-03,263.5072326660156,265.3155642216452,259.8905695547566,263.23749216234586,38568900,267.71934814453124,-0.3664168116717976,264.476318359375,,0.5546490955097738,0.9075718960966096,-0.3529228005868358,281.00839914707234,268.3438522338867,255.6793053207011
2026-03-04,262.2783508300781,265.9050144519466,261.179387723623,264.4063951364299,39803100,265.37949829101564,-0.46635601744376265,263.5072326660156,,0.18101347984821814,0.7622602128469314,-0.5812467329987132,280.9539478031981,268.0087554931641,255.06356318313004
2026-03-05,260.0504150390625,261.3192350446657,257.0132047817476,260.549954795684,49658600,262.8498291015625,-0.8494547048829946,262.2783508300781,,-0.29151088019381177,0.5515059942387828,-0.8430168744325945,280.0527365313106,267.21241455078126,254.37209257025197
2026-03-06,257.2229919433594,258.53178361058343,254.13584003818684,258.39192833924307,41120000,261.50706176757814,-1.0872595974432167,260.0504150390625,,-0.8839496328162681,0.2644148688277725,-1.1483645016440407,279.27659678270277,266.30364685058595,253.33069691846913
2026-03-09,259.6407775878906,260.9095975388004,253.44647267699952,255.45463216869052,38218500,260.5399536132812,0.9399570490431305,257.2229919433594,,-1.1451657592921265,-0.017501256796207405,-1.127664502495919,277.5447496314857,265.4054748535156,253.26620007554558
2026-03-10,260.58990478515625,262.2384104290217,256.71350175461305,257.4128391437035,30590800,259.95648803710935,0.3655539804198658,259.6407775878906,,-1.2610580961019764,-0.2662126246573613,-0.9948454714446151,276.2638177330457,264.7166091918945,253.16940065074334
2026-03-11,260.5699157714844,261.888707997661,259.3110658747261,260.8496568052655,26218900,259.61480102539065,-0.007670678451014813,260.58990478515625,,-1.3390804682418889,-0.48078619337426687,-0.858294274867622,274.993452084532,264.0737014770508,253.1539508695696
2026-03-12,255.52456665039065,258.71164792954545,253.94601921584928,258.4219063383753,40794000,258.7096313476562,-1.9362746102732795,260.5699157714844,,-1.7874269236724558,-0.7421143394339048,-1.045312584238551,273.29808470047027,263.0876098632813,252.8771350260923
2026-03-13,249.8897705078125,256.0940459350445,249.29033192864068,255.2448374700317,36930000,257.24298706054685,-2.20518763281485,255.52456665039065,,-2.5678253839029708,-1.1072565483277181,-1.4605688355752526,274.29618396106366,262.5076431274414,250.71910229381908
2026-03-16,252.58729553222656,253.6563027081548,249.6499992581203,251.8779423541949,32074200,255.83229064941406,1.0794859745288083,249.8897705078125,,-2.934798530182661,-1.472764944698707,-1.4620335854839541,274.5822571821904,262.3597801208496,250.13730305950887
2026-03-17,253.99598693847656,254.89516767044785,251.94787083452104,252.72716690012703,32361600,254.5135070800781,0.5577047742174629,252.58729553222656,,-3.0764938627501124,-1.7935107283089884,-1.282983134441124,274.63679785594917,261.87772369384766,249.11864953174612
2026-03-18,249.7099456787109,254.70534343896443,248.7708084606242,252.3974721128864,35757900,252.34151306152344,-1.6874444795081849,253.99598693847656,,-3.494355390609087,-2.1336796607690083,-1.3606757298400787,274.968596276939,261.15788650512695,247.34717673331485
2026-03-19,248.73085021972656,251.5982036354298,247.0723745163624,249.17043241392184,34864100,250.98276977539064,-0.3920930967820156,249.7099456787109,,-3.860022545738275,-2.4789482377628618,-1.381074307975413,275.4666161153719,260.5774230957031,245.6882300760344
2026-03-20,247.76173400878903,248.97061168291063,245.77356028907465,247.7517334570195,88331100,250.55716247558593,-0.38962445152317055,248.73085021972656,,-4.17983346136171,-2.8191252824826316,-1.3607081788790785,275.5726781730669,259.74868698120116,243.92469578933543
2026-03-23,251.25851440429688,254.3656523266213,250.0496214753341,253.73622734962268,40546100,250.29140625,1.4113480475495046,247.76173400878903,,-4.103818694628842,-3.076063964911874,-1.027754729716968,274.9914054953436,259.0148643493652,243.03832320338685
2026-03-24,251.4083709716797,254.5954370944537,249.32029842391177,250.1195650925759,45152300,249.7738830566406,0.05964238375686653,251.25851440429688,,-3.985541431048375,-3.257959458139174,-0.727581972909201,273.0944122927841,257.99080657958984,242.88720086639557
2026-03-25,252.3874664306641,254.76528059453105,251.3684162845015,253.86611511385965,28476700,250.30938720703125,0.3894442556547551,251.4083709716797,,-3.7693503026711994,-3.3602376270455796,-0.4091126756256198,270.1784176299503,256.9112998962402,243.6441821625302
2026-03-26,252.6572265625,256.7634441190972,250.53918279672283,251.88793104116343,41796700,251.09466247558595,0.10688333127271898,252.3874664306641,,-3.535494903224418,-3.395289082281347,-0.14020582094307077,267.0054341804733,255.90922317504882,244.81301216962436
2026-03-27,248.57098388671875,255.2548282141602,247.8416601166152,253.666280215245,47900000,251.2565124511719,-1.617306867243092,252.6572265625,,-3.6379523974155745,-3.443821745308193,-0.19413065210738134,266.02258973533407,255.14093093872071,244.25927214210736
2026-03-30,246.40298461914065,250.63907198816295,245.2840052006544,249.83982057534303,39446200,250.28540649414063,-0.872185173699163,248.57098388671875,,-3.849713026489951,-3.525000001544545,-0.3247130249454062,264.8532387514793,254.23726425170898,243.62128975193863
2026-03-31,253.55638122558597,255.24482803058763,246.8725521332485,247.6818040942864,49598100,250.7150085449219,2.9031290418426345,246.40298461914065,,-3.401109653011389,-3.5002219318379137,0.09911227882652485,263.4176962321112,253.7397216796875,244.06174712726383
2026-04-01,255.3946990966797,255.9441806293992,253.096813183035,253.8461228128272,40059400,251.316455078125,0.7250134515282394,253.55638122558597,,-2.864234249281253,-3.3730243953265817,0.5087901460453286,262.24946107561317,253.3955390930176,244.541617110422
2026-04-02,255.68443298339844,255.89424639361263,250.4192795609811,253.9660149621701,31289400,251.9218963623047,0.11344553655323567,255.3946990966797,,-2.3878518508452657,-3.1759898864303184,0.7881380355850527,261.5420819545719,253.17723999023437,244.81239802589684
2026-04-06,258.6217041015625,261.9186847371787,256.2239194053331,256.2738916739028,29329900,253.93204040527343,1.148787622262001,255.68443298339844,,-1.7530935651419384,-2.8914106221726428,1.1383170570307044,261.77621603257705,253.24717559814454,244.71813516371205
2026-04-07,253.26666259765625,255.96418954301225,245.47383916108728,255.92421782448065,62148000,255.30477600097657,-2.070607926163571,258.6217041015625,,-1.662980343718516,-2.645724566481818,0.9827442227633019,260.9103874024712,252.9284698486328,244.9465522947944
2026-04-08,258.66168212890625,259.51090582044134,256.29386854025813,258.2121146377317,41032800,256.3258361816406,2.1301735790709335,253.26666259765625,,-1.1430555455951037,-2.345190762304475,1.2021352167093715,260.46320711330134,252.83205871582032,245.2009103183393
2026-04-09,260.2502136230469,260.879638597066,255.8342992320816,258.7615948993736,28121600,257.29693908691405,0.614134834764187,258.66168212890625,,-0.5959603219419876,-1.9953446742319776,1.39938435228999,260.3800185940917,252.81607360839843,245.25212862270516
2026-04-10,260.240234375,261.94865175168746,258.7815563792568,259.7406946341393,31291500,258.2080993652344,-0.003834482173117137,260.2502136230469,,-0.16132895770527966,-1.6285415309266382,1.4672125732213586,261.23956736440306,253.0518569946289,244.86414662485478
2026-04-13,258.96142578125,259.9405042051452,256.4237552437805,259.49093671136296,36234700,258.2760437011719,-0.49139542039731915,260.240234375,,0.07901947639982154,-1.2870293294613464,1.366048805861168,261.95644805747537,253.50543975830078,245.0544314591262
2026-04-14,258.5917358398437,261.68888841493145,256.9532612999924,259.01136264890187,48370700,259.3410583496094,-0.14275869090966137,258.96142578125,,0.23693521176716104,-0.9822364212156449,1.219171632982806,262.54116193872835,253.80566177368163,245.07016160863492
2026-04-15,266.18475341796875,266.3146386359468,257.5726926972944,257.92237663273806,49913500,260.8456726074219,2.9362955291145574,258.5917358398437,,0.9636690538367816,-0.5930553262051595,1.556724380041941,264.75912923974704,254.41510009765625,244.07107095556546
2026-04-16,263.15753173828125,266.91408037974617,261.0294875448873,266.55439590858066,43323100,261.42713623046876,-1.1372633634406906,266.18475341796875,,1.2805776672913112,-0.2183287275058653,1.4989063947971766,265.8821634147559,255.08747940063478,244.2927953865137
2026-04-17,269.98126220703125,272.0493335842862,266.47448343207725,266.7142527536172,61436200,263.375341796875,2.5930211549242004,263.15753173828125,,2.0586175851142343,0.2370605350181548,1.8215570500960796,268.3960197214955,256.15,243.90398027850443
2026-04-20,272.79864501953125,274.0275237795767,270.04120633500696,270.08114756253855,36590200,266.1427856445313,1.0435475371396443,269.98126220703125,,2.86948147631324,0.763544723277172,2.105936753036068,271.07321998065714,257.40184555053713,243.73047112041712
2026-04-21,265.9250183105469,272.5488901425708,265.1557075406741,271.250098918132,50209800,267.60944213867185,-2.519670399569709,272.79864501953125,,2.9237495570052943,1.1955856900227968,1.7281638669824975,271.9912308969253,258.1351707458496,244.27911059477393
2026-04-22,272.9185791015625,273.48803128351057,266.62435952726383,267.5734973129919,43249200,268.9562072753906,2.629899524101397,265.9250183105469,,3.4908390900843074,1.6546363700350992,1.8362027200492081,274.16407744703594,259.21068115234374,244.25728485765154
2026-04-23,273.1783142089844,275.5161566987003,271.39995382845746,274.79681820267325,33399600,270.9603637695312,0.09516944880664154,272.9185791015625,,3.916077973970914,2.1069246908222623,1.8091532831486519,276.07189312541794,260.25022354125974,244.42855395710157
2026-04-24,270.8104858398437,272.80864483253174,269.4017800912603,272.50893317942314,38157100,271.12620849609374,-0.8667702544387427,273.1783142089844,,4.015728078919551,2.48868536844172,1.527042710477831,277.22638023219383,261.15788650512695,245.08939277806007
2026-04-27,267.3636474609375,268.1129570778125,264.8260075108844,265.84505761361925,41466800,270.039208984375,-1.2727861582673872,270.8104858398437,,3.7730767738934787,2.745563649532072,1.0275131243614068,277.2379602803918,262.0975196838379,246.957079087284
2026-04-28,270.4608154296875,272.97851539952296,268.4127145556596,272.0893199684016,40018900,270.9463684082031,1.1584102768505595,267.3636474609375,,3.787034856934042,2.953857891012466,0.833176965921576,276.93893094335124,263.30041122436523,249.66189150537926
2026-04-29,269.9213256835937,270.7905199823619,266.7942019267937,267.3037117460274,30047900,270.34691772460934,-0.19947057588978523,270.4608154296875,,3.711777365531759,3.1054417859163252,0.6063355796154339,277.2499277802112,264.1186584472656,250.98738911432002
2026-04-30,271.1002502441406,275.7459641951834,267.893213328058,270.25102650288807,91848200,269.93130493164057,0.4367659937803088,269.9213256835937,,3.7045607504251166,3.2252655788180844,0.47929517160703217,277.71302449945733,264.9039360046387,252.09484750982008
2026-05-01,279.88214111328125,286.95561044034525,278.1137509144006,278.6032901046287,79915400,271.7456359863281,3.239351812192003,271.1002502441406,,4.357239189684151,3.451660300991298,0.9055788886928529,279.7975919880218,266.1138214111328,252.43005083424381
2026-05-04,276.5751647949219,280.3716851917065,274.60697695873915,279.4025768563376,46668400,273.587939453125,-1.1815603186417274,279.88214111328125,,4.555137415107026,3.6723557238144435,0.8827816912925828,280.97843313591903,267.0114944458008,253.04455575568252
2026-05-05,283.9184265136719,284.3080821831616,276.2455026895375,276.6750995896243,49311700,276.2794616699219,2.6550690927708445,276.5751647949219,,5.244062744041059,3.9866971278597676,1.2573656161812918,282.88251429355995,268.54408264160156,254.20565098964317
2026-05-06,287.245361328125,287.7648717000964,280.8112868075762,281.66051049385584,58336100,279.7442687988281,1.171792495226765,283.9184265136719,,5.989454166506562,4.387248535589127,1.6022056309174344,285.7865195670806,269.9732666015625,254.1600136360444
2026-05-07,287.1754150390625,291.8611003514943,285.5169394038565,289.00371711581823,45224300,282.9593017578125,-0.024350711440244713,287.245361328125,,6.499614646330599,4.809721757737422,1.6898928885931772,288.19621836922954,271.3195266723633,254.44283497549702
2026-05-08,293.0500183105469,294.4886952888782,289.7330669166447,289.7430674686918,52692800,285.59287719726564,2.045649788887845,287.1754150390625,,7.29387266618204,5.306551939426346,1.9873207267556934,291.58963227578863,272.96001586914065,254.3303994624927
2026-05-11,292.67999267578125,293.8800048828125,290.2300109863281,291.9800109863281,42247300,288.8138427734375,-0.12626705737772947,293.0500183105469,,7.80351582008791,5.80594471555866,1.99757110452925,294.0291559327703,274.6459442138672,255.2627324949641
2026-05-12,294.79998779296875,295.2699890136719,292.5599975585937,292.5599975585937,45748100,290.9901550292969,0.7243389265544853,292.67999267578125,,8.282996353777435,6.301355043202416,1.9816413105750188,296.2846367176039,276.45635681152345,256.628076905443
2026-05-13,298.8699951171875,300.9200134277344,293.5,293.5,52684300,293.31508178710936,1.3805995565634226,294.79998779296875,,8.888937568670997,6.818871548296133,2.070066020374864,299.66527431844094,278.0906188964844,256.51596347452784
2026-05-14,298.2099914550781,300.45001220703125,295.3800048828125,299.82000732421875,35324900,295.5219970703125,-0.22083302870553678,298.8699951171875,,9.20972953813532,7.297043146263971,1.9126863918713495,301.99734644299275,279.8432418823242,257.68913732165566
2026-05-15,300.2300109863281,303.20001220703125,296.5199890136719,297.8999938964844,54862800,296.95799560546874,0.6773815730967192,298.2099914550781,,9.517249254161413,7.74108436784346,1.7761648863179529,304.76927424053633,281.3556793212891,257.9420844020418
2026-05-18,297.8399963378906,300.6600036621094,294.9100036621094,300.239990234375,34483000,297.9899963378906,-0.7960612067347047,300.2300109863281,,9.459068384458476,8.084681171166464,1.374387213292012,306.7611576134368,282.60774688720704,258.4543361609773
2026-05-19,298.9700012207031,300.510009765625,296.3500061035156,296.9700012207031,42243600,298.8239990234375,0.37939997874917475,297.8399963378906,,9.3958322705343,8.346911391040031,1.0489208794942684,308.12761702172827,284.25999603271487,260.39237504370146
2026-05-20,302.25,302.79998779296875,298.0799865722656,298.17999267578125,38229800,299.5,1.0970996307002527,298.9700012207031,,9.500865619277931,8.577702236687612,0.9231633825903192,310.2553759941475,285.72656707763673,261.19775816112593
2026-05-21,304.989990234375,305.5400085449219,300.3999938964844,301.0599975585937,42965100,300.8559997558594,0.9065310949131513,302.25,,9.693459451157992,8.800853679581689,0.8926057715763029,312.5358507188456,287.31715087890626,262.0984510389669
2026-05-22,308.82000732421875,311.3999938964844,305.8399963378906,306.1199951171875,43670200,302.5739990234375,1.2557845216167602,304.989990234375,,10.039413708930056,9.048565685451363,0.9908480234786925,314.92277720955957,289.217626953125,263.5124766966904
2026-05-26,308.3299865722656,311.82000732421875,307.6700134277344,309.5599975585937,48000500,304.6719970703125,-0.15867519601431465,308.82000732421875,,10.156961244533818,9.270244797267855,0.8867164472659628,316.1545753639949,291.2659439086914,266.37731245338784
2026-05-27,310.8500061035156,313.260009765625,308.29998779296875,308.3299865722656,50430900,307.047998046875,0.817312503161078,308.3299865722656,,10.334335245069155,9.483062886828115,0.8512723582410402,317.6141893792485,293.2854034423828,268.9566175055171
2026-05-28,312.510009765625,312.79998779296875,309.57000732421875,310.67999267578125,48220400,309.1,0.5340207912225616,310.8500061035156,,10.487955221439506,9.684041353750395,0.8039138676891113,318.55965508475515,295.4148376464844,272.2700202082136
2026-05-29,312.0599975585937,315.0,309.5299987792969,311.7799987792969,70026800,310.5140014648438,-0.14399929377263954,312.510009765625,,10.452893485881702,9.837811780176658,0.6150817057050446,318.72048924316647,297.462825012207,276.20516078124757
2026-06-01,306.3099975585937,310.94000244140625,305.0199890136719,309.6300048828125,48849900,310.0119995117187,-1.842594387292577,312.0599975585937,,9.847612713169724,9.839771966775272,0.00784074639445187,318.68259019075464,298.78421783447266,278.8858454781907
2026-06-02,315.20001220703125,315.45001220703125,306.69000244140625,307.4599914550781,44534700,311.38600463867186,2.9022933365852666,306.3099975585937,,9.970341336553645,9.865885840730947,0.1044554958226982,318.9673938164264,300.7154602050781,282.4635265937298
2026-06-03,310.260009765625,316.94000244140625,308.8500061035156,314.17999267578125,50836700,311.26800537109375,-1.5672595971098924,315.20001220703125,,9.558799848590638,9.804468642302886,-0.24566879371224815,318.93253169218104,302.0325393676758,285.1325470431705
2026-06-04,311.2300109863281,313.5400085449219,309.6499938964844,313.2300109863281,44869100,311.0120056152344,0.31264139436979915,310.260009765625,,9.20481388162625,9.68453769016756,-0.47972380854130847,319.0851523404361,303.2317718505859,287.37839136073575
2026-06-05,307.3399963378906,315.1700134277344,307.1499938964844,312.8599853515625,65310500,310.06800537109376,-1.24988417283717,311.2300109863281,,8.512261726076531,9.450082497349355,-0.9378207712728237,318.25169786352586,304.24000091552733,290.2283039675288
2026-06-08,301.5400085449219,317.3999938964844,301.1700134277344,308.739990234375,77949100,309.1140075683594,-1.8871568497684967,307.3399963378906,,7.409980962875352,9.042062190454555,-1.632081227579203,317.7313455372721,304.6645004272461,291.5976553172201
2026-06-09,290.54998779296875,300.75,287.7799987792969,300.2799987792969,70108800,304.1840026855469,-3.64463104083115,301.5400085449219,,5.585229638697285,8.350695680103101,-2.7654660414058156,318.06348281391655,304.5580001831055,291.05251755229443
2026-06-10,291.5799865722656,294.75,287.3800048828125,290.739990234375,52793300,300.447998046875,0.3544996808021896,290.54998779296875,,4.174096969513641,7.515375937985209,-3.341278968471568,318.4576387335082,304.3970001220703,290.33636151063246
2026-06-11,295.6300048828125,297.0,289.6000061035156,293.7200012207031,42458923,297.3279968261719,1.3889904990249091,291.5799865722656,,3.3440190230514304,6.681104554998454,-3.3370855319470234,318.6343423031414,304.23500061035156,289.8356589175617
