date,open,high,low,close,volume,ticker
2023-06-22,181.19974867789384,184.4639845971855,181.13070922445527,184.4146728515625,51245300,AAPL
2023-06-23,182.98470820219737,184.96691381940127,182.45216546765664,184.0990753173828,53117000,AAPL
2023-06-26,184.24700235631448,185.4501365723536,182.6691169769034,182.7085723876953,48088700,AAPL
2023-06-27,183.31997931240525,185.78541559077308,183.10301971608257,185.45997619628906,50730800,AAPL
2023-06-28,185.33177206150037,187.27453708797546,185.0063477089331,186.63352966308594,51216800,AAPL
2023-06-29,186.46591313429835,187.44223149955704,186.3278492789131,186.96885681152344,46347300,AAPL
2023-06-30,188.98065447297634,191.79124321876165,188.61575961709715,191.28829956054688,85213200,AAPL
2023-07-03,191.10090642215079,191.19952989799955,189.10882958307744,189.79916381835938,31458200,AAPL
2023-07-05,188.92147125163748,190.311965971159,187.98459336367247,188.68478393554688,46920300,AAPL
2023-07-06,187.2153769807983,189.36524537083605,186.5842258571581,189.15814208984375,45094300,AAPL
2023-07-07,188.7636804868427,190.0062550438309,187.60985803081866,188.04376220703125,46815000,AAPL
2023-07-10,186.6434031135775,187.36332142042107,184.4540942539423,186.0023956298828,59922200,AAPL
2023-07-11,186.54480679233018,186.68287064614393,184.02020200954667,185.479736328125,46638100,AAPL
2023-07-12,187.05762565542406,189.04970293089204,185.8643625945321,187.14639282226562,60750200,AAPL
2023-07-13,187.86627557643092,188.54673850979384,187.15622860664624,187.9057159423828,41342300,AAPL
2023-07-14,187.6000029338883,188.53686585918993,187.00830716161786,188.05364990234375,41616200,AAPL
2023-07-17,189.2469126832782,191.6334686208352,189.1581605746784,191.3080291748047,50520200,AAPL
2023-07-18,190.6768691009351,191.64331601668746,189.75971887799713,191.05160522460938,48288200,AAPL
2023-07-19,190.4303150490968,195.48938034906212,189.9865244553515,192.4026641845703,80507300,AAPL
2023-07-20,192.39277822300156,193.7537038386121,189.83858989767532,190.4598846435547,59581200,AAPL
2023-07-21,191.41650251566858,192.2744696321092,188.5861710830146,189.28636169433594,71951700,AAPL
2023-07-24,190.73603816687742,192.21530010696893,189.59207198839397,190.0851593017578,45377800,AAPL
2023-07-25,190.65714646634552,191.75180092732498,190.25281124926505,190.94313049316406,37283200,AAPL
2023-07-26,190.9924625294884,192.93522799592873,190.6473103947794,191.8109893798828,47471900,AAPL
2023-07-27,193.30998316918408,194.47366217807738,189.8879555038913,190.54869079589844,47460200,AAPL
2023-07-28,191.97860770429688,193.91151654263126,191.4559363697747,193.12257385253906,48291400,AAPL
2023-07-31,193.3493708168966,193.7734336784224,192.560428204252,193.73397827148438,38824100,AAPL
2023-08-01,193.52691923606866,194.01013518521242,192.5801849485631,192.90562438964844,35175100,AAPL
2023-08-02,192.3434921357412,192.48155598125388,189.19760772385698,189.91751098632812,50389300,AAPL
2023-08-03,188.92148694956984,189.71041463976601,188.0536484329567,188.52700805664062,61235200,AAPL
2023-08-04,182.95513345446872,184.7894189873242,179.40489853673822,179.47393798828125,115956800,AAPL
2023-08-07,179.6119550266926,180.59812946369578,174.89804242164368,176.37730407714844,97576100,AAPL
2023-08-08,177.20574441802665,177.77772758258462,175.12491507972354,177.31422424316406,67823000,AAPL
2023-08-09,178.36941190145535,178.42857997538025,174.5627769846933,175.72647094726562,60378500,AAPL
2023-08-10,176.99859377509202,178.25103959448677,175.1445959609342,175.5094757080078,54686900,AAPL
2023-08-11,175.10462674008653,176.3883728930982,174.34424265962002,175.56874084472656,52036700,AAPL
2023-08-14,175.74650562753334,177.44501774834183,175.09474782272636,177.2178955078125,43675600,AAPL
2023-08-15,176.64514364841483,177.23763842738072,174.8380051896738,175.23300170898438,43622600,AAPL
2023-08-16,174.9169842350172,176.30935657463468,174.29485048513217,174.36398315429688,46964900,AAPL
2023-08-17,174.9268647491592,175.29223725703497,171.31258808782235,171.8260955810547,66062900,AAPL
2023-08-18,170.14732599213767,172.9123464424467,169.81157749118245,172.30996704101562,61172200,AAPL
2023-08-21,172.88275833759562,173.92951274494206,171.56937297444222,173.64312744140625,46311900,AAPL
2023-08-22,174.84785755399471,175.46010661888187,174.04797988711957,175.01573181152344,42038900,AAPL
2023-08-23,176.28966979952702,179.28181337734125,176.10204114808752,178.857177734375,52722800,AAPL
2023-08-24,178.41277199096436,178.8374075605793,173.8109887437673,174.17637634277344,54945800,AAPL
2023-08-25,175.16386577811136,176.91174101480664,173.62335841851225,176.3784942626953,51449600,AAPL
2023-08-28,177.8400098200833,178.33376298082638,176.31925671498092,177.9387664794922,43820700,AAPL
2023-08-29,177.45489519701718,182.5899254092932,177.25739693272806,181.81967163085938,53003900,AAPL
2023-08-30,182.62942352828824,185.50307057198083,182.43192527543482,185.30555725097656,60813900,AAPL
2023-08-31,185.4931879048022,186.75719481874472,185.13768501849643,185.52281188964844,60794500,AAPL
2023-09-01,187.12258052751662,187.54720101813678,185.92769123419916,187.09295654296875,45766500,AAPL
2023-09-05,185.92768366781115,187.6064413525269,185.26605625958229,187.32994079589844,45280000,AAPL
2023-09-06,186.04618648324464,186.4905763861184,179.20277485131902,180.62478637695312,81755800,AAPL
2023-09-07,172.99135904079122,175.98351721110967,171.3718491931888,175.3416290283203,112488800,AAPL
2023-09-08,176.12176201867752,177.98814840122637,175.56874581023814,175.95387268066406,65551300,AAPL
2023-09-11,177.82026144859472,178.0473836718388,175.1243584797436,177.11912536621094,58953100,AAPL
2023-09-12,177.24751388848827,177.87951732730735,172.6358612060169,174.0973663330078,90370200,AAPL
2023-09-13,174.30471474035696,175.08485308011382,171.80632524830068,172.03346252441406,84267900,AAPL
2023-09-14,171.82610607332606,173.89987544974738,171.41135521167203,173.54437255859375,60895800,AAPL
2023-09-15,174.27512191376346,174.29487626046748,171.64836639188815,172.823486328125,109259500,AAPL
2023-09-18,174.27511585610648,177.13889330258442,173.96899129951683,175.7465057373047,67257600,AAPL
2023-09-19,175.30212586469654,177.38576479928514,174.91699900323943,176.832763671875,51826900,AAPL
2023-09-20,177.0203732393163,177.45487842056565,173.20859833310675,173.2974853515625,58436200,AAPL
2023-09-21,172.36922214048295,174.0973581099587,171.6878404044714,171.7569580078125,63149100,AAPL
2023-09-22,172.4877052502978,174.86759879629756,171.87545623128412,172.606201171875,56725400,AAPL
2023-09-25,172.0236252140543,174.7590223733822,171.97424687659256,173.88014221191406,46172700,AAPL
2023-09-26,172.63588402695854,173.01112622988728,169.5153600429677,169.81161499023438,64588900,AAPL
2023-09-27,170.4633463371719,170.87809720821267,166.93795639924983,168.3007049560547,66921800,AAPL
2023-09-28,167.22430983558627,169.88070413963854,165.52579782856736,168.5574493408203,56294400,AAPL
2023-09-29,169.870831028669,170.90771561508154,168.21181267677895,169.07095336914062,51861100,AAPL
2023-10-02,169.08084887750982,172.12237043121976,168.79446358018748,171.57923889160156,52164500,AAPL
2023-10-03,170.1078282132375,171.46072207785286,168.6858318118607,170.24607849121094,49594600,AAPL
2023-10-04,168.95244285882518,172.03347264460572,168.83394692911625,171.49034118652344,53020300,AAPL
2023-10-05,171.61871413723316,173.2579782200924,170.52258153582127,172.7247314453125,48527900,AAPL
2023-10-06,171.62862082907643,175.76627518846593,171.01635659512883,175.27252197265625,57266700,AAPL
2023-10-09,174.6009972191987,176.81301689163445,173.60362121945622,176.75376892089844,42390800,AAPL
2023-10-10,175.87486944103904,177.4746247468579,175.72673446240606,176.16123962402344,43698000,AAPL
2023-10-11,175.9736487921809,177.60304349794123,175.38115395493855,177.5536651611328,47551100,AAPL
2023-10-12,177.8202822818536,180.0619109305439,176.80313684087554,178.45228576660156,56743100,AAPL
2023-10-13,179.1533924067404,179.6570151987734,175.91437292525092,176.61550903320312,51427100,AAPL
2023-10-16,174.5417330268598,176.84262444155877,174.3047260977915,176.48712158203125,52517000,AAPL
2023-10-17,174.44296868905948,176.19085892709333,172.6160912129652,174.9367218017578,57549400,AAPL
2023-10-18,173.38638119353993,175.36139405816417,172.92225196490105,173.64312744140625,54764400,AAPL
2023-10-19,173.84059314667203,175.61810740546204,173.00122187734726,173.26785278320312,59302900,AAPL
2023-10-20,173.11972583296543,173.22835212793277,170.4830858385587,170.7200927734375,64244000,AAPL
2023-10-23,168.77469287243957,171.83595313524123,167.80692592091492,170.8385772705078,55980100,AAPL
2023-10-24,170.88799016172553,171.50023932449824,169.30797385167378,171.2731170654297,43816600,AAPL
2023-10-25,169.73259505065448,170.89784530264086,168.51795139973865,168.96234130859375,57157000,AAPL
2023-10-26,168.2414494672427,169.2388405091802,163.600172706508,164.804931640625,70625300,AAPL
2023-10-27,164.82467062426355,166.8490614359056,164.745668316651,166.11830139160156,58499100,AAPL
2023-10-30,166.90832288755587,169.03145545417337,166.7601878982554,168.16244506835938,51131000,AAPL
2023-10-31,167.23421730907862,168.76484019690602,165.80232095364974,168.636474609375,44846000,AAPL
2023-11-01,168.86356825336904,172.0532092124064,167.99455793411695,171.7964630126953,56934900,AAPL
2023-11-02,173.32711052996643,175.5588693503195,173.26786256268767,175.35150146484375,77334800,AAPL
2023-11-03,172.06309922812656,174.61086723243213,171.1842192438163,174.44297790527344,79829200,AAPL
2023-11-06,174.17635419198152,177.18823614800198,174.00847994055556,176.99073791503906,63841300,AAPL
2023-11-07,176.94139988237026,180.1606805785339,176.7340319643902,179.54843139648438,70530000,AAPL
2023-11-08,180.07177947416378,181.15802736111343,179.32126504404005,180.6050262451172,49340300,AAPL
2023-11-09,180.67415869856794,181.81965455110011,179.53851741631973,180.1310272216797,53763500,AAPL
2023-11-10,181.910910546582,184.48181599083316,181.47583284789292,184.31370544433594,66133400,AAPL
2023-11-13,183.74020094629049,183.94784205398747,182.14822040593083,182.7316131591797,43627500,AAPL
2023-11-14,185.59914075952597,186.0045554032819,184.21481647353394,185.34205627441406,60108400,AAPL
2023-11-15,185.74744196041772,187.3789678351275,185.67821821290843,185.9056396484375,53790500,AAPL
2023-11-16,187.4482222334322,188.82266388785246,186.5385061665612,187.58665466308594,54412900,AAPL
2023-11-17,188.12059370194675,188.24914348244,186.4594046371221,187.56686401367188,50922700,AAPL
2023-11-20,187.76462241033667,189.7620174322178,187.75473976876387,189.30715942382812,46505100,AAPL
2023-11-21,189.26759612132614,189.37636552049437,187.61628985249988,188.50621032714844,38134500,AAPL
2023-11-22,189.3467095850447,190.77057938008178,188.6940931656517,189.16871643066406,39617700,AAPL
2023-11-24,188.73363999587542,188.76330300712377,187.13177703645835,187.84371948242188,24048300,AAPL
2023-11-27,187.79427548166112,188.53588093642713,186.78568783853885,187.6657257080078,40552600,AAPL
2023-11-28,187.65581951789036,188.9412718291061,187.28006797313506,188.2688751220703,38415400,AAPL
2023-11-29,188.7633011569372,189.9399842182602,186.85491037465812,187.25042724609375,43014200,AAPL
2023-11-30,187.71515943504943,188.18979776505014,186.08363355367433,187.8239288330078,48794400,AAPL
2023-12-01,188.19969953750024,189.4159283197641,187.11200544734405,189.09951782226562,45704800,AAPL
2023-12-04,187.85361573572166,187.9228394923183,185.35193435249073,187.3097686767578,43389500,AAPL
2023-12-05,188.08107862980322,192.22416932395984,188.05140052424628,191.25514221191406,66628400,AAPL
2023-12-06,192.27355320919483,192.58008102103562,189.95974802820277,190.1674041748047,41089700,AAPL
2023-12-07,191.46279066889767,192.81745204226402,191.42322992176048,192.0956268310547,47477700,AAPL
2023-12-08,192.02637677770835,193.79635031367135,191.50231010992096,193.5194854736328,53406400,AAPL
2023-12-11,190.9485830810774,191.3243346926335,189.27749628821252,191.01779174804688,60943700,AAPL
2023-12-12,190.9189094878757,192.54055280703432,189.57413099725628,192.53067016601562,52696900,AAPL
2023-12-13,192.90642113434447,195.78385412672148,192.66911702808835,195.7443084716797,70404200,AAPL
2023-12-14,195.80361960949875,197.38570218691584,193.96443748585023,195.89260864257812,66831600,AAPL
2023-12-15,195.3190970971854,196.17935458626624,194.79503045579114,195.35865783691406,128538400,AAPL
2023-12-18,193.8952224343076,194.4291868327445,192.21425301938103,193.6974639892578,55751900,AAPL
2023-12-19,193.96443406555753,194.74558515548247,193.69745188302565,194.73570251464844,40714100,AAPL
2023-12-20,194.69613029502625,195.46739869863922,192.64930725097656,192.64930725097656,52242800,AAPL
2023-12-21,193.9051267903215,194.8741537657828,191.33422165280876,192.50100708007812,46482500,AAPL
2023-12-22,192.99543854216262,193.22287512809206,190.81018243983385,191.43313598632812,37149600,AAPL
2023-12-26,191.44298138124012,191.719846217368,190.6717128965979,190.88925170898438,28919300,AAPL
2023-12-27,190.33552729492325,191.33421726083122,188.95118798803827,190.98812866210938,48087700,AAPL
2023-12-28,191.96704448132198,192.48122849088116,191.00790021395272,191.41331481933594,34049900,AAPL
2023-12-29,191.72972215657148,192.2241257878035,189.58401220758475,190.37506103515625,42672100,AAPL
2024-01-02,185.05525771688224,186.3308274284663,181.83175174149957,183.56216430664062,82488700,AAPL
2024-01-03,182.15808112880916,183.79950485996184,181.37691491631995,182.187744140625,58414500,AAPL
2024-01-04,180.1112512492328,181.04073256447913,178.85547678867908,179.8739471435547,71983600,AAPL
2024-01-05,179.95303087035154,180.71440156415224,178.15339449300276,179.15208435058594,62379700,AAPL
2024-01-08,180.0519155054874,183.52263874374273,179.46852282651062,183.4830780029297,59144500,AAPL
2024-01-09,181.8614486084712,183.07767744176536,180.68476543102267,183.0677947998047,42841800,AAPL
2024-01-10,182.28661640904596,184.31365913260458,181.8614214601624,184.10601806640625,46792900,AAPL
2024-01-11,184.45208965863696,184.9563909902637,181.56477442626638,183.51272583007812,49128400,AAPL
2024-01-12,183.9774674403319,184.64986419021457,183.1172099941003,183.8390350341797,40477800,AAPL
2024-01-16,180.1211286782067,182.19761480887055,178.90488492167398,181.57467651367188,65603000,AAPL
2024-01-17,179.24109293861534,180.88250149305736,178.2819487070673,180.6352996826172,47317400,AAPL
2024-01-18,184.00715864056133,187.0230241166397,183.7500741577492,186.51873779296875,78005800,AAPL
2024-01-19,187.21088801676132,189.80155831594578,186.70660172518024,189.41592407226562,68903000,AAPL
2024-01-22,190.14763349819026,193.14371820043874,190.1080727596782,191.71983337402344,60133900,AAPL
2024-01-23,192.8371789062756,193.55900391718882,191.6604959575266,192.99537658691406,42355600,AAPL
2024-01-24,193.232744842077,194.18200660712424,192.16483101440033,192.3230438232422,53631300,AAPL
2024-01-25,193.03497008475262,194.07322080915367,190.94858599423335,191.99671936035156,54822100,AAPL
2024-01-26,192.09558049769083,192.5800863732271,189.7916578927919,190.2662811279297,44594000,AAPL
2024-01-29,189.86086444187634,190.04874022336423,187.45807019569023,189.58399963378906,47145600,AAPL
2024-01-30,188.80286821503816,189.65324309628332,185.37170567810733,185.93531799316406,55859400,AAPL
2024-01-31,184.94651023142666,185.00585134318092,182.28663127585358,182.3360595703125,55467800,AAPL
2024-02-01,181.93066720224104,184.85752846784007,181.76257176566293,184.76853942871094,64885400,AAPL
2024-02-02,177.84687547061628,185.2332669548565,177.24370243482153,183.76983642578125,102551700,AAPL
2024-02-05,186.04410163536497,187.13179578344227,183.75995901240586,185.57936096191406,69668800,AAPL
2024-02-06,184.76853636353553,187.19111127921153,184.67954732588265,187.1812286376953,43490800,AAPL
2024-02-07,188.50622203381667,188.91163664571195,186.49894443287428,187.2899932861328,53439000,AAPL
2024-02-08,187.27021997882892,187.418535043408,185.2530596605407,186.2122039794922,40962000,AAPL
2024-02-09,186.77652244170517,188.10322646586073,186.13298359451971,186.97454833984375,45155200,AAPL
2024-02-12,186.5487888854563,186.79630612181433,184.93497167008087,185.29139709472656,41781900,AAPL
2024-02-13,183.92513863049606,184.36077144619387,181.68757282391297,183.20237731933594,56529500,AAPL
2024-02-14,183.4796068721132,183.6875129162611,180.62820312290157,182.3212127685547,54630500,AAPL
2024-02-15,181.72716915991907,182.65783644316613,179.5490203671251,182.03408813476562,65434500,AAPL
2024-02-16,181.59844306951368,183.01424950876478,179.8658224253954,180.4994659423828,49752500,AAPL
2024-02-20,179.98463913307552,180.61828269677792,178.21242224791314,179.75692749023438,53665600,AAPL
2024-02-21,180.13316833455778,181.0737309260645,178.86588113831095,180.5093994140625,41371400,AAPL
2024-02-22,181.65784073265692,183.12315360761588,180.64798131414128,182.53900146484375,52292200,AAPL
2024-02-23,183.1726595934398,183.20236045475278,180.4202689919066,180.7073974609375,45119700,AAPL
2024-02-26,180.43019254491847,180.9450175834942,178.85597124394113,179.3609161376953,40867400,AAPL
2024-02-27,179.30152539649055,182.09351248592515,177.77681047698752,180.8163299560547,54318900,AAPL
2024-02-28,180.69748823755316,181.30143093346823,178.34113428414614,179.61831665039062,48953900,AAPL
2024-02-29,179.4698267249393,180.75691955299587,177.74710108364005,178.95498657226562,136682600,AAPL
2024-03-01,177.76690051629518,178.73716395290236,175.61845249589473,177.8758087158203,73563100,AAPL
2024-03-04,174.40064432483445,175.14319605787904,172.06408093389737,173.361083984375,81510100,AAPL
2024-03-05,169.06417026385637,170.3314573247722,167.9354922531265,168.43052673339844,95132400,AAPL
2024-03-06,169.36121186741923,169.53943215491887,167.00484265804033,167.4404754638672,68587700,AAPL
2024-03-07,167.47017484778516,169.0344857697736,166.81674075207243,167.32167053222656,71765100,AAPL
2024-03-08,167.32166963491963,171.9749911536114,167.26226790901475,169.03448486328125,76267000,AAPL
2024-03-11,171.22256991091453,172.64827197645664,170.34140892696936,171.03445434570312,60139500,AAPL
2024-03-12,171.43045147590772,172.3017170819102,169.31170429451927,171.50965881347656,59825400,AAPL
2024-03-13,171.05422401757613,171.4700511814422,169.0641756745517,169.43051147460938,52488700,AAPL
2024-03-14,171.19284931228447,172.57893998999515,170.34138929390355,171.28195190429688,72913500,AAPL
2024-03-15,169.47013396047814,170.90573120117188,168.5988682774061,170.90573120117188,121752700,AAPL
2024-03-18,173.82641511894556,175.94516209588443,171.79677072295308,171.99478149414062,75604200,AAPL
2024-03-19,172.6086342803731,174.85609525037736,171.31164624406932,174.33135986328125,55215200,AAPL
2024-03-20,173.97492929704185,176.8956298828125,173.3511809805003,176.8956298828125,53423100,AAPL
2024-03-21,175.29172116809335,175.72735394947048,169.14338597139206,169.66812133789062,106181300,AAPL
2024-03-22,170.05426688241553,171.33146450930536,168.37115239719608,170.56910705566406,71160100,AAPL
2024-03-25,168.87608692531137,170.2324767040703,167.76719930445816,169.15330505371094,54288300,AAPL
2024-03-26,168.3117257823714,169.71762191427138,167.89589862566189,168.0246124267578,57388400,AAPL
2024-03-27,168.71767294274684,171.87599567632833,168.42064920188324,171.5888671875,60273300,AAPL
2024-03-28,170.04434616825796,170.51957504542207,168.8166552027259,169.7770233154297,65672700,AAPL
2024-04-01,169.48992969134684,169.54933141950085,167.79690490268092,168.34144592285156,46240500,AAPL
2024-04-02,167.40089107386055,167.65830361021796,166.55932626663449,167.16326904296875,49329500,AAPL
2024-04-03,167.11374996517486,168.98497988400436,166.90584392266877,167.9652099609375,47691700,AAPL
2024-04-04,168.5988199463773,170.212637026558,167.1434326171875,167.1434326171875,53704400,AAPL
2024-04-05,167.90581505219322,168.69787335368648,167.2721714324497,167.8959197998047,42104800,AAPL
2024-04-08,167.35140261724945,167.51971257536823,166.5692545639612,166.77716064453125,37425500,AAPL
2024-04-09,167.02464767080627,168.39094781013864,166.67813256359855,167.98501586914062,42373800,AAPL
2024-04-10,167.12365945587084,167.4107728345435,165.45044033625643,166.11378479003906,49709300,AAPL
2024-04-11,166.66823651643443,173.7175391133101,166.49003132152566,173.30169677734375,91070300,AAPL
2024-04-12,172.52944039553972,176.58872985356905,172.47994902506244,174.7967071533203,101670900,AAPL
2024-04-15,173.61848833629102,174.87588010863277,170.78689058947398,170.97500610351562,73531800,AAPL
2024-04-16,170.04436539186383,172.0343988146065,166.59892920522176,167.69790649414062,73711200,AAPL
2024-04-17,167.9256158132339,168.95528100035153,166.33160400390625,166.33160400390625,50901200,AAPL
2024-04-18,166.36129252101995,166.96523521407434,164.8959946340493,165.38111877441406,43122900,AAPL
2024-04-19,164.55936395716853,164.74746436429578,162.45051229612085,163.3613739013672,68149400,AAPL
2024-04-22,163.8762247169617,165.59893510418706,163.13367296874276,164.1930389404297,48116400,AAPL
2024-04-23,163.70792820716713,165.39104261951863,163.28219064755024,165.24252319335938,49537800,AAPL
2024-04-24,164.88609429896647,167.6186945681344,164.55938480415762,167.3414764404297,48251800,AAPL
2024-04-25,167.84640961058278,168.9156860278579,166.4801094484109,168.2028350830078,50558300,AAPL
2024-04-26,168.19292468782604,169.63841695172266,167.49986430971396,167.61868286132812,44838400,AAPL
2024-04-29,171.64827897757164,174.28186646983917,171.38097119165224,171.77699279785156,68169400,AAPL
2024-04-30,171.6086653165762,173.25218351807536,168.31173366197407,168.63845825195312,65934800,AAPL
2024-05-01,167.8959009696714,170.9948217396029,167.43056733625505,167.61868286132812,50383100,AAPL
2024-05-02,170.79680537480178,171.69777183075684,169.19289835753364,171.3116455078125,94214900,AAPL
2024-05-03,184.7963833456082,185.14291355827163,180.84601747897057,181.55886840820312,163224100,AAPL
2024-05-06,180.53911545314375,182.37073431535399,178.62827413884693,179.9054718017578,78569700,AAPL
2024-05-07,181.6281680754234,183.06376520709566,179.51933122687228,180.58859252929688,77305800,AAPL
2024-05-08,181.0341248704048,181.25194126160505,179.64801918938014,180.9252166748047,45057100,AAPL
2024-05-09,180.74699689996783,182.82614787366472,180.3014688648197,182.73704528808594,48983000,AAPL
2024-05-10,183.3120539854214,183.50042466657956,180.56585391849484,181.4779510498047,50759500,AAPL
2024-05-13,183.84743912898392,185.49318663872077,183.0344740478803,184.6802215576172,72044800,AAPL
2024-05-14,185.89964252722956,186.68286641073877,184.69011878206607,185.82032775878906,52393600,AAPL
2024-05-15,186.29621459797372,189.0126735344407,185.76084369802737,188.09066772460938,70400000,AAPL
2024-05-16,188.83423487080034,189.458829238671,188.03119361367854,188.2096405029297,52845200,AAPL
2024-05-17,187.8824709799172,189.1713095252472,187.55530322495105,188.2393798828125,41282900,AAPL
2024-05-20,187.7040166341828,190.27176982167657,187.38675756521698,189.39932250976562,44361300,AAPL
2024-05-21,189.44891605266244,191.07483113273048,189.2803778274553,190.69810485839844,42309400,AAPL
2024-05-22,190.6187885434668,191.16406816634918,188.63596455316463,189.2605438232422,34648500,AAPL
2024-05-23,189.33980333104984,189.3596358009329,185.02717148762147,185.2750244140625,51005900,AAPL
2024-05-24,187.1984232707908,188.94330296502375,186.4251079843019,188.34844970703125,36327000,AAPL
2024-05-28,189.86528785982966,191.34249703943843,187.47599667367734,188.3583526611328,52280100,AAPL
2024-05-29,187.98160889548626,190.5989356775744,187.88246165547932,188.65576171875,53068000,AAPL
2024-05-30,189.12173915319045,190.52954231443272,188.99286588586446,189.64718627929688,49889100,AAPL
2024-05-31,189.7959119633218,190.9162123421418,188.27905284340878,190.5989532470703,75158300,AAPL
2024-06-03,191.24336235629542,193.31542486412093,190.86663609575578,192.36366271972656,50080500,AAPL
2024-06-04,192.96841099700254,193.64257895328527,191.37223723797064,192.680908203125,47471400,AAPL
2024-06-05,193.72188613227584,195.20900403542353,193.19643901671662,194.18785095214844,54156800,AAPL
2024-06-06,194.0093836485974,194.8124248113502,192.50243342955554,192.8097686767578,41181800,AAPL
2024-06-07,192.97832848334124,195.24867030234284,192.47271383884646,195.1990966796875,53103900,AAPL
2024-06-10,195.20899197297106,195.60556579928584,190.49978557066368,191.46145629882812,97010200,AAPL
2024-06-11,191.98691085726122,205.38089548057218,191.96709351098235,205.3709716796875,172373300,AAPL
2024-06-12,205.58908283581826,218.30889945026047,205.1231180281253,211.24014282226562,198134300,AAPL
2024-06-13,212.8958066808934,214.888539245905,209.7827737762817,212.4001007080078,97862700,AAPL
2024-06-14,212.01345147179217,213.32210737882852,209.4853479747781,210.66513061523438,70122700,AAPL
2024-06-17,211.5375569916551,217.06963733267014,210.8931452933454,214.80921936035156,93728300,AAPL
2024-06-18,215.72132373307375,216.75240063817128,211.1707464886947,212.4496612548828,79943300,AAPL
2024-06-20,212.09275812722348,212.40010854906527,207.0563985691976,207.87925720214844,86172500,AAPL
2024-06-21,208.58315742215362,210.07027533194446,205.33132746963062,205.70806884765625,241805100,AAPL
2024-06-24,205.93610206103614,210.87332959032133,204.8158016590104,206.3524932861328,80727000,AAPL
2024-06-25,207.35378999494392,209.56464939365068,206.8184342324815,207.2744903564453,55549700,AAPL
2024-06-26,209.68360834691896,213.01475280094434,208.83099354238436,211.4185791015625,66213200,AAPL
2024-06-27,212.84622088780682,213.88720639689362,210.52632069800987,212.26129150390625,49772700,AAPL
2024-06-28,213.91696855097956,214.2143951724623,208.49394377490637,208.81118774414062,82542700,AAPL
2024-07-01,210.26856627972688,215.64201747450758,210.10002805599396,214.8885498046875,60402900,AAPL
2024-07-02,214.293668724795,218.48735180877674,213.2526983679821,218.3782958984375,58046200,AAPL
2024-07-03,218.11063203893852,219.64732360839844,217.1489612238199,219.64732360839844,37369800,AAPL
2024-07-05,219.74642480522968,224.5052045874235,219.74642480522968,224.39614868164062,60412400,AAPL
2024-07-08,225.1397075728903,225.89319024119226,221.3326897978435,225.8634490966797,59085900,AAPL
2024-07-09,225.9725055332989,227.42988222637766,224.4259054004998,226.716064453125,48076100,AAPL
2024-07-10,227.3307677065015,231.0783037422216,227.28119408246098,230.97915649414062,62627700,AAPL
2024-07-11,229.40280147827102,230.39421338925845,223.83107137940016,225.61561584472656,64710600,AAPL
2024-07-12,226.9540218514806,230.64207551688347,226.71607753741577,228.5601043701172,53046500,AAPL
2024-07-15,234.44908623752588,235.1926451763578,231.08820043911544,232.38694763183594,62631300,AAPL
2024-07-16,232.98182214446476,234.2409196318231,230.3347538954296,232.80337524414062,43234300,AAPL
2024-07-17,227.47946461019197,229.47221227385296,224.69359950369105,226.91436767578125,57345900,AAPL
2024-07-18,228.3023493485251,228.46097889584826,220.36114484151935,222.25473022460938,66034600,AAPL
2024-07-19,222.88925101284036,224.85224251867803,221.36246807560826,222.3836212158203,49151500,AAPL
2024-07-22,225.06044629209634,225.8238378140571,221.17411283226946,222.03665161132812,48201800,AAPL
2024-07-23,222.44310313331528,224.9910392063895,220.7676144514488,223.07760620117188,39960300,AAPL
2024-07-24,222.0762625279836,222.86939506256107,215.2652677100796,216.66314697265625,61777600,AAPL
2024-07-25,217.0498282561097,218.95335266428125,212.7768448313927,215.62220764160156,51391200,AAPL
2024-07-26,216.8217851678197,217.6050090608147,214.15488466672127,216.08815002441406,41601300,AAPL
2024-07-29,215.0967318967012,217.41663210574902,213.89711684474761,216.36573791503906,36311800,AAPL
2024-07-30,217.3075942808937,218.43780333279796,214.26395224147618,216.9209442138672,41643800,AAPL
2024-07-31,219.5382417741392,221.8978068103832,218.73520059867647,220.17274475097656,50036300,AAPL
2024-08-01,222.44309097566543,222.55214689360594,215.15622233135366,216.48471069335938,62501000,AAPL
2024-08-02,217.26790792406092,223.6625266661827,215.8402875210575,217.97181701660156,105568600,AAPL
2024-08-05,197.3802115476467,211.6664621054212,194.3167520967801,207.47279357910156,119548600,AAPL
2024-08-06,203.53685401433648,208.18657796978488,199.3431861620261,205.4502716064453,69660500,AAPL
2024-08-07,205.12314519344287,211.8052677945223,204.61753049861642,208.01808166503906,63516400,AAPL
2024-08-08,211.27982425167653,212.36045976406422,207.03658185433542,211.4781036376953,47161100,AAPL
2024-08-09,210.2784595957283,214.9182597959333,210.1495712142523,214.38290405273438,42201600,AAPL
2024-08-12,214.46235526228747,217.87674748817912,213.99585104906322,215.91148376464844,38028100,AAPL
2024-08-13,217.38044783379533,220.23902400333975,217.38044783379533,219.62364196777344,44155300,AAPL
2024-08-14,218.92885985517657,221.37054778476931,218.06532277692483,220.07029724121094,41960600,AAPL
2024-08-15,222.92884083716766,223.67326036559285,221.10252008370475,223.04794311523438,46414000,AAPL
2024-08-16,222.25391598005478,225.14226768918678,221.98592068094572,224.36807250976562,44340200,AAPL
2024-08-19,224.04054098731652,224.30853630427512,221.38047353975193,224.2092742919922,40687800,AAPL
2024-08-20,224.09013124410717,225.47970829184257,223.7725049787654,224.82461547851562,30299000,AAPL
2024-08-21,224.83457153469638,226.2836998547364,223.37550792716294,224.7154541015625,34765500,AAPL
2024-08-22,226.09512887719345,226.64103964823346,222.23407290784718,222.85939025878906,43695300,AAPL
2024-08-23,223.9809934126029,226.5219434569281,222.66088738350675,225.15220642089844,38677300,AAPL
2024-08-26,225.07276614784877,225.58890128123517,222.22412549030662,225.48963928222656,30602200,AAPL
2024-08-27,224.31844891527626,227.14724957253156,223.21670725505913,226.33334350585938,35934600,AAPL
2024-08-28,226.22416240429726,228.149730282918,224.00082364270057,224.8048095703125,38052200,AAPL
2024-08-29,228.38793686624163,231.18694665641485,227.17701311839377,228.08023071289062,51906300,AAPL
2024-08-30,228.4772602189495,228.68568922028223,225.78741746908054,227.29611206054688,52990800,AAPL
2024-09-03,226.84948058831634,227.2961293418145,219.52438650802387,221.11248779296875,50190600,AAPL
2024-09-04,220.01074262314262,220.12984491677884,215.86183603349318,219.20677185058594,43840200,AAPL
2024-09-05,219.9809527371486,223.80229748015876,219.87177059333374,220.72537231445312,36615400,AAPL
2024-09-06,222.28368749781316,223.56409767944487,218.13479623481732,219.17698669433594,48423000,AAPL
2024-09-09,219.17698492990527,219.62363365317324,215.0975649862482,219.2663116455078,67180000,AAPL
2024-09-10,217.29111136152258,219.83206111139577,215.1174037589381,218.47225952148438,51591000,AAPL
2024-09-11,219.81221238330573,221.43007391385896,216.2687680395375,221.00328063964844,44587100,AAPL
2024-09-12,220.84449248276735,221.8866830044339,218.1844402475294,221.11248779296875,37455600,AAPL
2024-09-13,221.9164638014437,222.37303270856336,220.25889118684435,220.84449768066406,36766600,AAPL
2024-09-16,214.9288136198369,215.6037619118882,212.32831274384958,214.71046447753906,59357400,AAPL
2024-09-17,214.14471619981742,215.28615358843467,212.904016801209,215.17697143554688,45519300,AAPL
2024-09-18,215.931307109631,221.05291740528648,215.92137182236397,219.04794311523438,59894900,AAPL
2024-09-19,223.31596324984213,228.11002736409566,222.95864123060412,227.16708374023438,66781300,AAPL
2024-09-20,228.2589097535001,231.3556905514529,225.92638886705737,226.5020751953125,318679900,AAPL
2024-09-23,225.64847983003366,227.74278104335218,224.12986496132828,224.7849578857422,54146000,AAPL
2024-09-24,226.94874349226038,227.64354731931365,224.05047131587074,225.6782684326172,43556100,AAPL
2024-09-25,223.2563961324406,225.59883710649478,222.35317851779175,224.68568420410156,42308700,AAPL
2024-09-26,225.6087993733805,226.79986786044512,223.7328623413079,225.82716369628906,36636700,AAPL
2024-09-27,226.7601514881057,227.81226214161182,225.6087788258606,226.09512329101562,34026000,AAPL
2024-09-30,228.3283747151782,231.266357421875,227.9412771261621,231.266357421875,54541900,AAPL
2024-10-01,227.81225543239978,227.9412778656533,222.07526286618742,224.52688598632812,63285000,AAPL
2024-10-02,224.20925878310885,225.67824256269316,221.360617941662,225.09263610839844,32880600,AAPL
2024-10-03,223.46481998018766,225.12239234050705,221.65836976978886,223.99087524414062,34044200,AAPL
2024-10-04,226.20427877531475,226.3035407723517,222.46234078203926,225.1124725341797,37245100,AAPL
2024-10-07,222.8296172342201,224.01076551273388,219.68320530273118,220.04052734375,39505400,AAPL
2024-10-08,222.63110049734397,224.298593199742,221.58890998571715,224.0901641845703,31855700,AAPL
2024-10-09,223.554178398676,228.04055170887608,223.1571606453159,227.8321075439453,33591100,AAPL
2024-10-10,226.08521111865923,227.7924147414137,225.47974919262126,227.33583068847656,28183500,AAPL
2024-10-11,227.5939128444124,227.70309500312143,225.64848941975737,225.85693359375,31759200,AAPL
2024-10-14,226.99834931201846,230.0058033150611,226.89910245149323,229.57901000976562,39882100,AAPL
2024-10-15,231.87181141001133,235.72294688412148,230.64103225198252,232.1100311279297,64751400,AAPL
2024-10-16,229.87678174389526,230.3929017691756,228.12986736523644,230.05543518066406,34082200,AAPL
2024-10-17,231.69315867439417,232.11004699556463,228.8048220166126,230.4226837158203,32993800,AAPL
2024-10-18,234.4226930307779,234.4226930307779,232.26884075534687,233.25148010253906,46431500,AAPL
2024-10-21,232.7055644739604,235.08771628667242,232.7055644739604,234.720458984375,36254500,AAPL
2024-10-22,232.14971356587586,234.4623787465114,230.86931862526646,234.1050567626953,38846600,AAPL
2024-10-23,232.33831918874512,233.3904297884605,226.06533615950997,229.0430145263672,52287000,AAPL
2024-10-24,228.26882480795348,229.10258628095696,226.71051430099084,228.8544464111328,31109500,AAPL
2024-10-25,228.03061417648678,231.48471683213373,227.86188088691335,229.6881866455078,38802300,AAPL
2024-10-28,231.58399967772363,232.98349712196287,230.81972458948547,231.66339111328125,36087100,AAPL
2024-10-29,231.36563017470797,232.5864741436605,230.59143496071306,231.93138122558594,35417200,AAPL
2024-10-30,230.87925826342104,231.7328600109945,227.8420287171323,228.387939453125,47070900,AAPL
2024-10-31,227.63359787833264,228.11995749798112,223.69313535160188,224.2291259765625,64370100,AAPL
2024-11-01,219.32585141181025,223.67326642200996,218.6310628621847,221.2514190673828,65276700,AAPL
2024-11-04,219.34572401852256,221.13231895883285,218.0752491010658,220.35812377929688,44944500,AAPL
2024-11-05,220.14968230766976,222.28367900181775,219.49458945583885,221.7873992919922,28111300,AAPL
2024-11-06,220.95368405362794,224.3879467919736,219.54425129715867,221.0628662109375,54561100,AAPL
2024-11-07,222.95864433437472,226.18446269494834,222.89909318788202,225.7874298095703,42137700,AAPL
2024-11-08,225.72779283046052,227.2083389148385,224.9726232043034,225.51913452148438,38328800,AAPL
2024-11-11,223.57158868270503,224.26714170400084,220.0938084143074,222.8064727783203,42005600,AAPL
2024-11-12,223.12444853772337,224.15783943194586,221.9420008205612,222.8064727783203,40398300,AAPL
2024-11-13,222.58787261698694,225.2111120360391,221.34580821096,223.69082641601562,48566200,AAPL
2024-11-14,223.59148192887395,227.41703140021204,223.57160465201176,226.7711639404297,44923900,AAPL
2024-11-15,224.96268496170848,225.4793879673537,222.84621765747355,223.5715789794922,47923700,AAPL
2024-11-18,223.8199993254601,228.28149999782985,223.74050538640262,226.57241821289062,44633700,AAPL
2024-11-19,225.53899960732684,228.69881907074455,225.22103903072198,226.83074951171875,36211800,AAPL
2024-11-20,226.61215353970658,228.47027695087482,224.45593165289552,227.5461883544922,35169600,AAPL
2024-11-21,227.42695953023323,228.69883223369175,224.2770861035494,227.06924438476562,42108300,AAPL
2024-11-22,226.6121379068964,229.25525429365297,226.6121379068964,228.41064453125,38168300,AAPL
2024-11-25,229.99056458191066,231.76919395430343,228.28148292479264,231.3916015625,90152800,AAPL
2024-11-26,231.84870566104107,234.07449047305911,231.84870566104107,233.56771850585938,45986200,AAPL
2024-11-27,232.9814664022851,234.1937224347506,232.32565277909848,233.43853759765625,33498400,AAPL
2024-11-29,233.3192972938568,236.3002516789311,232.48463370489634,235.82330322265625,28481400,AAPL
2024-12-02,235.76369091824088,239.26133321145704,235.654388648958,238.06895446777344,48137100,AAPL
2024-12-03,238.2875760799829,241.21884512379424,237.38334952948236,241.1095428466797,38861000,AAPL
2024-12-04,241.32814402991647,242.56027739454964,239.7184333911867,241.46725463867188,44383900,AAPL
2024-12-05,242.4410361127995,242.98753231090083,240.59284370740727,241.49705505371094,40033900,AAPL
2024-12-06,241.36788746709487,243.0769692456264,240.5431549096241,241.29832458496094,36870600,AAPL
2024-12-09,240.29473874492055,245.67039687977774,240.21524480725012,245.18350219726562,44649200,AAPL
2024-12-10,245.32258816094367,246.6342152579071,243.78242549232758,246.19700622558594,36914800,AAPL
2024-12-11,246.3858398593606,249.20780656351602,244.69662013013263,244.9251708984375,45205800,AAPL
2024-12-12,245.32261935264157,247.1608807008323,244.12029436088807,246.38583374023438,32777500,AAPL
2024-12-13,246.24673423955153,247.7073880681415,244.676762972136,246.5547637939453,33155300,AAPL
2024-12-16,246.41563368868003,249.78411156803347,246.07778066556844,249.44625854492188,51694800,AAPL
2024-12-17,248.49237939681157,252.2185726786221,248.19428090188288,251.87078857421875,51356400,AAPL
2024-12-18,250.55917390522964,252.6657103008961,246.1672359539693,246.4752655029297,56774100,AAPL
2024-12-19,245.92873792847348,250.400169527173,245.5213371883983,248.20419311523438,60882300,AAPL
2024-12-20,246.46529524609687,253.3811159043778,244.13022347118752,252.87435913085938,147495300,AAPL
2024-12-23,253.15258832932108,254.02699130961165,251.84096111600803,253.6494140625,40858800,AAPL
2024-12-24,253.868019379837,256.5707374276886,253.66927695641888,256.5608215332031,23234700,AAPL
2024-12-26,256.55086249805703,258.44874034869076,255.99442012888886,257.3755798339844,27237100,AAPL
2024-12-27,256.1931309155478,257.0576331183779,251.45342458389948,253.9673614501953,42355300,AAPL
2024-12-30,250.6287158030117,251.890657464443,249.15811581542044,250.59890747070312,35557500,AAPL
2024-12-31,250.83739579916153,251.6720594492945,247.84649497663966,248.83021545410156,39480700,AAPL
2025-01-02,247.34966196417784,247.51859606258614,240.28481431614935,242.3019256591797,55740700,AAPL
2025-01-03,241.81503295898438,242.62981931594805,240.3543640210219,241.81503295898438,40244100,AAPL
2025-01-06,242.7589734384258,245.75980494056867,241.65601976736147,243.44459533691406,45045600,AAPL
2025-01-07,241.4374181829594,243.99110961427562,239.81777667580207,240.6723175048828,40856000,AAPL
2025-01-08,240.3841632667122,242.16280789951685,238.52603985831155,241.15921020507812,37628900,AAPL
2025-01-10,238.48628640867517,238.63534322792128,231.52079498772144,235.3463592529297,61710900,AAPL
2025-01-13,232.04742383507855,233.180185891021,228.26161420500546,232.91189575195312,49630700,AAPL
2025-01-14,233.25969544364762,234.62099318079112,230.99417118008773,231.7990264892578,39435300,AAPL
2025-01-15,233.1503884256181,237.4429702030776,232.94171493841435,236.35987854003906,39832000,AAPL
2025-01-16,235.84318609247865,236.49898454969573,226.58234697208553,226.81088256835938,71759100,AAPL
2025-01-17,230.6463566129693,230.81527553043833,227.02946614701875,228.5199432373047,68488300,AAPL
2025-01-21,222.57792910461188,222.99526090225285,217.98726416864307,221.2265625,98070400,AAPL
2025-01-22,218.39466636780546,222.6971793763667,218.39466636780546,222.40902709960938,64126500,AAPL
2025-01-23,223.3132578125695,225.58871322146769,220.88874557201237,222.2401123046875,60234800,AAPL
2025-01-24,223.35296445648333,224.19757422629087,220.00436403066544,221.36566162109375,54697900,AAPL
2025-01-27,222.59782027357136,230.67619691244207,222.55806572164707,228.40074157714844,94863400,AAPL
2025-01-28,229.38444497187513,238.66514594376807,229.3446904229109,236.7473907470703,75707600,AAPL
2025-01-29,232.6336842670617,238.33724933385383,232.52438199561368,237.84042358398438,45486100,AAPL
2025-01-30,237.15482584661257,239.26136238940995,235.70410299948912,236.08168029785156,55658300,AAPL
2025-01-31,245.62073349000855,245.62073349000855,231.9580244316672,234.50177001953125,100959800,AAPL
2025-02-03,228.52992572925916,230.35824094469035,224.2671520837408,226.56248474121094,73063300,AAPL
2025-02-04,225.80729852188347,231.64997406812495,225.21110156992967,231.3220672607422,45067300,AAPL
2025-02-05,227.07916670947125,231.19288314320298,226.82082278842498,230.99415588378906,39620300,AAPL
2025-02-06,229.82163993606684,232.31571480889477,228.9670990724139,231.73939514160156,29925300,AAPL
2025-02-07,231.12335539671392,232.5144614947352,225.81724462416,226.18490600585938,39707200,AAPL
2025-02-10,228.36338248973718,229.378010419489,226.00582893863492,226.45346069335938,33115600,AAPL
2025-02-11,227.00058728303875,233.99363668198936,226.93096309298542,231.39735412597656,53718400,AAPL
2025-02-12,229.98481838871234,235.71455375787428,229.4675472393098,235.62501525878906,45243300,AAPL
2025-02-13,235.66480095549997,241.06625350434595,234.33184765944378,240.26051330566406,53614100,AAPL
2025-02-14,239.981993568851,244.25939586817944,239.72336558929686,243.31439208984375,40896200,AAPL
2025-02-18,242.86674847770814,243.8913336127375,240.56889220053384,243.18507385253906,48822500,AAPL
2025-02-19,243.37407429304395,244.716969605811,241.88195827091008,243.5829620361328,32204200,AAPL
2025-02-20,243.65259654249155,245.4829218502696,243.00600383864503,244.5379180908203,32316900,AAPL
2025-02-21,244.6572756706751,247.38287960480025,243.93111682470231,244.25938415527344,53197400,AAPL
2025-02-24,243.64264638435856,247.55199828948733,243.1353323966777,245.80125427246094,51326400,AAPL
2025-02-25,246.69650753214344,248.68599549611233,243.62275227067275,245.74154663085938,48013300,AAPL
2025-02-26,243.04581476744292,243.69239232640413,237.87314875998453,239.0966796875,44433600,AAPL
2025-02-27,238.15166004001364,241.1856322165831,235.81400561415145,236.05274963378906,41153600,AAPL
2025-02-28,235.70459571566596,240.8175794410065,228.9900734891547,240.5688934326172,56833400,AAPL
2025-03-03,240.51913191748446,242.7473638198223,234.8689935924468,236.77890014648438,47184000,AAPL
2025-03-04,236.46059966619734,238.80819608105105,233.44651142335266,234.68994140625,53798100,AAPL
2025-03-05,234.18262069274581,235.30668622205877,228.02515316620742,234.50094604492188,47227600,AAPL
2025-03-06,233.207802772317,236.60982567864426,231.93453157387603,234.09312438964844,45170400,AAPL
2025-03-07,233.87428329281295,240.1013758235538,233.52611679034464,237.8134765625,46273600,AAPL
2025-03-10,234.30201287196223,234.9187645202326,223.04151782981955,226.2843780517578,72071200,AAPL
2025-03-11,222.63366659789358,224.65299583409444,216.3070937419303,219.6792755126953,76137400,AAPL
2025-03-12,218.98294858814833,220.58448707211764,213.7804415985268,215.8395538330078,62547500,AAPL
2025-03-13,214.81497612462363,215.70029772842102,207.3245545879158,208.5779266357422,61368300,AAPL
2025-03-14,210.13967261110687,212.8254784087618,208.4784519318959,212.36790466308594,60107600,AAPL
2025-03-17,212.1888226325467,214.0887871580046,208.86638159065717,212.8751983642578,48073400,AAPL
2025-03-18,213.0343879953175,214.019174884069,210.3784232206469,211.57211303710938,42432400,AAPL
2025-03-19,213.0940604852241,217.6101915579757,212.6265295918345,214.10870361328125,54385400,AAPL
2025-03-20,212.86527847830126,216.3468825511506,211.10457731145533,212.97470092773438,48862900,AAPL
2025-03-21,210.4480334492585,217.68976839110027,210.16950634984832,217.12277221679688,94127800,AAPL
2025-03-24,219.8384246082871,220.3158974796034,217.4311459430569,219.56983947753906,44299500,AAPL
2025-03-25,219.6096416779903,222.92214108802088,218.92326587520165,222.573974609375,34493600,AAPL
2025-03-26,222.33525071020298,223.8373240316035,219.31123529236447,220.36566162109375,34466100,AAPL
2025-03-27,220.2263848697343,223.80746952519274,219.40074548587612,222.6734619140625,37094800,AAPL
2025-03-28,220.504904155295,222.6336557419088,216.5358700680628,216.7547149658203,39818600,AAPL
2025-03-31,215.86937928840504,224.4341253115235,215.09348022110552,220.9624786376953,65299300,AAPL
2025-04-01,218.65466729819107,222.5043215641154,217.74944665223015,222.01690673828125,36412700,AAPL
2025-04-02,220.15675729790527,224.00641185945875,219.8583310514353,222.71324157714844,35905900,AAPL
2025-04-03,204.45966369883956,206.39942653372108,200.19221885499383,202.1220245361328,103419000,AAPL
2025-04-04,192.87092693410324,198.82944937179326,186.35535024633944,187.389892578125,125910900,AAPL
2025-04-07,176.26865177501736,193.12956126210946,173.70221017135344,180.5062713623047,160466300,AAPL
2025-04-08,185.71869040589692,189.33955773730443,168.32062862424334,171.5137481689453,120859500,AAPL
2025-04-09,171.04623198001363,199.55559936553783,170.98654976711688,197.8048553466797,184395900,AAPL
2025-04-10,188.07624843340898,193.7562279640405,182.03814529024513,189.4191436767578,121880000,AAPL
2025-04-11,185.12186726950821,198.49121408156802,185.0820690088969,197.1085205078125,87435900,AAPL
2025-04-14,210.32866545443895,211.82078139531484,200.10269875392328,201.45555114746094,101352900,AAPL
2025-04-15,200.7990180691496,202.44033954558066,198.74984792281177,201.07754516601562,51343900,AAPL
2025-04-16,197.31740026825653,199.64509734735063,191.35887885331948,193.2489013671875,59732400,AAPL
2025-04-17,196.16351652823,197.78495412822454,193.39812938355274,195.94467163085938,52164700,AAPL
2025-04-21,192.25418258208256,192.78139570274652,188.8123615658979,192.14476013183594,46742500,AAPL
2025-04-22,195.08918671811182,200.53043756485187,194.93998119085117,198.69017028808594,52976400,AAPL
2025-04-23,204.9172785719325,206.9067667134076,201.7341005812904,203.52464294433594,52929200,AAPL
2025-04-24,203.81309077731203,207.73238443559362,201.87334307751462,207.27479553222656,47311000,AAPL
2025-04-25,205.28532955589748,208.6475693809006,205.11622488486222,208.18003845214844,38222300,AAPL
2025-04-28,208.8962283982374,210.38834431536768,206.36958545714222,209.03549194335938,38743100,AAPL
2025-04-29,207.59312493762445,211.12446912484504,207.27479957627347,210.09988403320312,36827600,AAPL
2025-04-30,208.19992461631293,212.4574277707069,205.5837430092506,211.3831024169922,52286500,AAPL
2025-05-01,207.98107159612528,213.43226431553572,207.8020097882055,212.19879150390625,57365700,AAPL
2025-05-02,205.00677646592024,205.90205512568554,201.09744003856807,204.2706756591797,101010600,AAPL
2025-05-05,202.03252954096354,203.0272736250085,197.1682315771274,197.8446502685547,69018500,AAPL
2025-05-06,197.1682179665783,199.59538061408486,195.98447015970467,197.4666290283203,51216500,AAPL
2025-05-07,198.12317194216024,198.3917570874617,192.23428894820486,195.21852111816406,68536700,AAPL
2025-05-08,196.68079799363124,198.99855348942916,193.65676753221484,196.45201110839844,50478900,AAPL
2025-05-09,197.95407268173315,199.4859718922483,196.5017396407649,197.48654174804688,36453900,AAPL
2025-05-12,210.1363584051843,210.4351760021984,205.93303241640405,209.95706176757812,63775800,AAPL
2025-05-13,209.59847136477597,212.55673652410627,208.17412935394688,212.08859252929688,51909300,AAPL
2025-05-14,211.5905625216416,213.09460539099953,209.7478820292828,211.490966796875,49325800,AAPL
2025-05-15,210.11643191755599,212.11849916658366,208.71199985896817,210.6144561767578,45029500,AAPL
2025-05-16,211.52084551122164,211.73002236916358,208.9410837213976,210.42518615722656,54737900,AAPL
2025-05-19,207.0884445111699,208.65223273202483,203.45285841572866,207.9550018310547,46140500,AAPL
2025-05-20,206.84938410987283,207.64622592622177,204.2198167548668,206.04258728027344,42496600,AAPL
2025-05-21,204.3592586621154,206.22186440009241,199.91689108628387,201.2914276123047,59211800,AAPL
2025-05-22,199.91689038506837,201.94882252859867,198.91087172706415,200.56431579589844,46742400,AAPL
2025-05-23,192.9047141233614,196.9187884239126,192.69555244631704,194.49839782714844,78432900,AAPL
2025-05-27,197.51641281084125,199.94677348688452,196.64984031499387,199.4188690185547,56288500,AAPL
2025-05-28,199.79736291846774,201.9289060786693,199.11008702875665,199.62803649902344,45339700,AAPL
2025-05-29,202.77554227533128,203.0046291598645,197.72556941325453,199.15988159179688,51396800,AAPL
2025-05-30,198.5821728136608,201.1619498266407,196.00241099917397,200.05633544921875,70819900,AAPL
2025-06-02,199.488582384924,201.33127809714276,199.32921098525782,200.90296936035156,35423300,AAPL
2025-06-03,200.55435521702816,202.9647905668523,200.16589694161215,202.46676635742188,46381600,AAPL
2025-06-04,202.10821066626008,205.42505409163678,201.30141378953226,202.01856994628906,43604000,AAPL
2025-06-05,202.69585814733983,203.94091870107042,199.35908978394463,199.8372039794922,55126100,AAPL
2025-06-06,202.19783403313102,204.8871617909174,201.2515910514923,203.11419677734375,46607700,AAPL
2025-06-09,203.58233063284266,205.18596915505242,199.22960401477,200.65394592285156,72862600,AAPL
2025-06-10,199.8073282051838,203.54250994980842,199.77744796710627,201.869140625,54672600,AAPL
2025-06-11,202.69585666840098,203.69190510411792,197.62597377823997,197.9945068359375,60989900,AAPL
2025-06-12,198.29333609984755,198.890956077424,196.58013147350607,198.41285705566406,43904600,AAPL
2025-06-13,198.94075911963023,199.57822954037988,194.92668495173118,195.67372131347656,51447300,AAPL
2025-06-16,196.52035592822918,197.90486262143017,195.78327462738756,197.63592529296875,43020700,AAPL
2025-06-17,196.42074594971083,197.60604600468164,194.43861931524052,194.86691284179688,38856200,AAPL
2025-06-18,195.16573699325735,196.7893008408277,194.2991796996429,195.80320739746094,45394700,AAPL
2025-06-20,197.45666110928434,200.90298042554332,196.08210930882012,200.20574951171875,96813500,AAPL
2025-06-23,200.83324176458547,201.50059236215068,198.1737943867686,200.70375061035156,55814300,AAPL
2025-06-24,201.78945874554142,202.63610603642124,199.4089034764897,199.50851440429688,54064000,AAPL
2025-06-25,200.6539838527012,202.8652129211553,199.82726170562196,200.7635498046875,39525700,AAPL
2025-06-26,200.63404307360597,201.8392684520338,198.67184150130464,200.20574951171875,50799100,AAPL
2025-06-27,201.09222774816857,202.41697405518968,199.20969672208463,200.28543090820312,73188600,AAPL
2025-06-30,201.211736268348,206.57048164253425,198.4726031076903,204.3592529296875,91912800,AAPL
2025-07-01,205.85332972802502,209.35942450018746,205.3254252695324,206.99879455566406,78788900,AAPL
2025-07-02,208.08447525999887,212.4969623845337,207.31751373506327,211.60052490234375,67941800,AAPL
2025-07-03,211.31166931275297,213.8017903991559,210.97301649264048,212.70614624023438,34955800,AAPL
2025-07-07,211.8395692407974,215.37554414763466,207.97491173225177,209.120361328125,50229000,AAPL
2025-07-08,209.26978591644843,210.59451698338924,207.6262968509882,209.1801300048828,42848900,AAPL
2025-07-09,208.7020406311003,210.49493096772343,206.40117103180637,210.30567932128906,48749400,AAPL
2025-07-10,209.678147079363,212.6364120977978,209.2000480941239,211.57064819335938,44443600,AAPL
2025-07-11,209.73791189344956,211.29174491390697,209.0307108656814,210.32557678222656,39765800,AAPL
2025-07-14,209.10042946873696,210.07656782568804,206.719874444485,207.7956085205078,38840100,AAPL
2025-07-15,208.39325734338402,211.05270487364396,208.09443976951917,208.28369140625,42296300,AAPL
2025-07-16,209.46900551017632,211.5606982702429,207.81556132948495,209.32955932617188,47490500,AAPL
2025-07-17,209.7379389650813,210.9630743588066,208.7618004967043,209.1901092529297,48068100,AAPL
2025-07-18,210.0367321724359,210.95309492429405,208.87135730762196,210.3455047607422,48974600,AAPL
2025-07-21,211.26189276464606,214.92734394651046,210.79374875413163,211.640380859375,51377400,AAPL
2025-07-22,212.29776458434165,214.1006098348481,211.39135685335447,213.5527801513672,46404100,AAPL
2025-07-23,214.15041924441525,214.29982043425818,211.57065737650467,213.30377197265625,46989300,AAPL
2025-07-24,213.05475989741393,214.83769515517375,212.68622683006964,212.91531372070312,46022600,AAPL
2025-07-25,213.85158759699283,214.38946224202752,212.55672164240056,213.0348358154297,40268800,AAPL
2025-07-28,213.18425263148458,214.00101967144602,212.2180844005514,213.2041778564453,37858000,AAPL
2025-07-29,213.33363944545516,213.96115480223384,209.9869314052821,210.43515014648438,51411700,AAPL
2025-07-30,211.06266703997414,211.5507362671114,206.89919168476044,208.22393798828125,45512500,AAPL
2025-07-31,207.66614913739534,209.01080544085684,206.3414028602417,206.74978637695312,80698400,AAPL
2025-08-01,210.03674932642843,212.7360475386617,200.7037794341265,201.58030700683594,104434500,AAPL
2025-08-04,203.70186769022786,207.0585613783641,200.88304868853191,202.5464630126953,75109300,AAPL
2025-08-05,202.59624780213056,204.52858421879685,201.36115745633876,202.11814880371094,44155100,AAPL
2025-08-06,204.81744899810374,214.52892145014,204.77759854868273,212.40733337402344,108483100,AAPL
2025-08-07,218.01508808955717,219.97730473834642,215.7241736307253,219.16053771972656,90224800,AAPL
2025-08-08,219.95737356583322,230.08718413442585,218.3836152444713,228.44371032714844,113854000,AAPL
2025-08-11,227.27701087414155,228.91238364576833,224.12592192869855,226.53909301757812,61806100,AAPL
2025-08-12,227.36676338645532,230.14890113463383,226.42942796921326,229.00213623046875,55626200,AAPL
2025-08-13,230.4181341091737,234.33703985510917,229.77992501054072,232.6717529296875,69878500,AAPL
2025-08-14,233.39969406647393,234.4567012802976,230.19875827485632,232.12330627441406,51916300,AAPL
2025-08-15,233.3398655982593,233.61907447658757,228.69300821277216,230.93666076660156,56038700,AAPL
2025-08-18,231.04634466466607,232.46233685580373,229.46083388892833,230.23863220214844,37476200,AAPL
2025-08-19,230.62753117126795,232.2130419457167,228.70298322789472,229.90956115722656,39402600,AAPL
2025-08-20,229.33119207499826,229.81981519856654,225.13307755654054,225.3723907470703,42263900,AAPL
2025-08-21,225.63166356522294,225.88095827873425,223.14868274098328,224.26551818847656,30621200,AAPL
2025-08-22,225.53195134940427,228.44371192910324,224.77410085849388,227.11746215820312,42477800,AAPL
2025-08-25,225.84107546750252,228.65312729963858,225.59178073979155,226.5191650390625,30983100,AAPL
2025-08-26,226.22996704217394,228.84258604761433,224.05612439304167,228.6630859375,54575100,AAPL
2025-08-27,227.96508141122786,230.24861452224957,227.61606269083353,229.83978271484375,31259500,AAPL
2025-08-28,230.16883391080088,232.7515235304584,228.692998228932,231.90391540527344,38074700,AAPL
2025-08-29,231.85405874294378,232.7216147258446,230.71727541448905,231.485107421875,39418400,AAPL
2025-09-02,228.60325464814514,230.19874691737337,226.3296880547272,229.07192993164062,44075600,AAPL
2025-09-03,236.5408165177042,238.17618932549604,233.69885053091846,237.79725646972656,66427800,AAPL
2025-09-04,237.7772812570227,239.22318747047024,236.07211403385233,239.10353088378906,47549400,AAPL
2025-09-05,239.3229322237051,240.63921565449175,237.8171975861315,239.01380920410156,54870400,AAPL
2025-09-08,238.62491556233425,239.47250850410185,235.6732593017711,237.20892333984375,48999500,AAPL
2025-09-09,236.33140663047269,238.10638391026913,232.70167593051625,233.6888885498047,66313900,AAPL
2025-09-10,231.53496736029473,231.76431424305812,225.31256565050364,226.1501922607422,83440800,AAPL
2025-09-11,226.23996538709508,229.7998863317909,226.01060327291316,229.38107299804688,50208600,AAPL
2025-09-12,228.57335925244223,233.84842918261825,228.373926506362,233.40968322753906,55824200,AAPL
2025-09-15,236.33139853346725,237.5180438551372,234.36695488957946,236.03224182128906,42699500,AAPL
2025-09-16,236.51088466190768,240.53949594661788,235.65332541334,237.4781494140625,63421100,AAPL
2025-09-17,238.2958480596019,239.42266510979977,237.05934071942244,238.3157958984375,46508000,AAPL
2025-09-18,239.29302360434258,240.51954939992544,235.98238232851827,237.20892333984375,44249600,AAPL
2025-09-19,240.5494606794321,245.60516498271895,239.53234916144805,244.8074188232422,163741300,AAPL
2025-09-22,247.5995237986898,255.9160073848096,247.42002368458668,255.35755920410156,105517400,AAPL
2025-09-23,255.15815615601056,256.6140289111009,252.86464151383097,253.7122344970703,60275200,AAPL
2025-09-24,254.49999981420794,255.01853710208397,250.33178410429736,251.59820556640625,42303700,AAPL
2025-09-25,252.49566170312627,256.4444966190252,250.99989343760635,256.14532470703125,55202100,AAPL
2025-09-26,253.38317016390945,256.8732963908738,253.06406560531616,254.7393341064453,46076300,AAPL
2025-09-29,253.8418726304012,254.28063380560434,252.29624220529692,253.7122344970703,40127700,AAPL
2025-09-30,254.1410137555297,255.1980209495745,252.39595068950493,253.9116668701172,37704300,AAPL
2025-10-01,254.32049261064776,258.0599285933123,254.21080232618834,254.72933959960938,48713900,AAPL
2025-10-02,255.85613542550084,257.45162766856953,253.43299812845933,256.40460205078125,42630200,AAPL
2025-10-03,253.9515436206674,258.5086431914624,253.23357360959045,257.2920837402344,49155600,AAPL
2025-10-06,257.262186546101,258.339156849437,254.33049322602108,255.9658660888672,44664100,AAPL
2025-10-07,256.0855101139428,256.6738420114173,254.70939836699205,255.75645446777344,31955800,AAPL
2025-10-08,255.7963062732735,257.7906639625656,255.3874592951906,257.33197021484375,36496900,AAPL
2025-10-09,257.08267167133846,257.27213808351553,252.42584836214985,253.32330322265625,38322000,AAPL
2025-10-10,254.2207817432353,255.6567217403356,243.3116425485481,244.57806396484375,61999100,AAPL
2025-10-13,248.67648318296307,248.98560621270488,244.86725241658198,246.96133422851562,38142900,AAPL
2025-10-14,245.90431694508948,248.14796941642882,244.00966795095763,247.07101440429688,35478000,AAPL
2025-10-15,248.78616738422895,251.10959602979932,246.77186176083558,248.63658142089844,33893600,AAPL
2025-10-16,247.54965348458146,248.33741809379524,244.43846029169785,246.7519073486328,39777000,AAPL
2025-10-17,247.3203043073955,252.66518358811555,246.57242016484557,251.5782470703125,49147000,AAPL
2025-10-20,255.168106265739,263.63416054313814,254.90884523128253,261.50018310546875,90483000,AAPL
2025-10-21,261.141213133835,264.5415968076956,261.0913359303388,262.0286865234375,46695900,AAPL
2025-10-22,261.9090501595624,262.1084981259862,254.70941678507808,257.7209167480469,45015300,AAPL
2025-10-23,259.206686997747,259.8847613495841,257.28213901467177,258.8476867675781,32754900,AAPL
2025-10-24,260.4531458541269,263.3848541030092,258.44880663072195,262.07855224609375,38253700,AAPL
2025-10-27,264.13273028939324,268.3607587413759,263.9033682058253,268.0516357421875,44888200,AAPL
2025-10-28,268.23110734142335,269.12859257872884,267.39348082722177,268.2410888671875,41534800,AAPL
2025-10-29,268.5203194424725,270.6443152614699,266.35642794866993,268.93914794921875,51086700,AAPL
2025-10-30,271.2226702585742,273.36662916750566,267.72259312931254,270.63433837890625,69886500,AAPL
2025-10-31,276.2085578376442,276.53764389728985,268.4006608909581,269.60723876953125,86167100,AAPL
2025-11-03,269.6571458353552,270.08592548154905,265.4988962118729,268.2909851074219,50194600,AAPL
2025-11-04,267.5730004152706,270.72408938596277,266.86501191822913,269.2781982421875,49274800,AAPL
2025-11-05,267.8521863717013,270.93349568379296,266.17693326929896,269.3778991699219,43683100,AAPL
2025-11-06,267.1342708755924,272.6287059365568,267.1342708755924,269.0089416503906,51204000,AAPL
2025-11-07,269.03885049148494,271.5218466038475,266.0173996929098,267.7126159667969,48227400,AAPL
2025-11-10,268.46119877683986,273.2223721938244,266.9639805623884,268.9303283691406,41312400,AAPL
2025-11-11,269.3096487524697,275.3983427074405,269.2996575494418,274.73956298828125,46208300,AAPL
2025-11-12,274.49005224267427,275.2187095291286,271.19618380015726,272.962890625,48398000,AAPL
2025-11-13,273.6016390736082,276.1868626363035,271.58539619817094,272.4438171386719,49602800,AAPL
2025-11-14,270.5473523374902,275.4482508823214,269.10005949599775,271.90484619140625,47431300,AAPL
2025-11-17,268.3214829895084,269.98836893107386,265.237217022597,266.9639892578125,45018300,AAPL
2025-11-18,269.48928956232544,270.20795552947055,264.8279672087311,266.94403076171875,45677300,AAPL
2025-11-19,265.0376012369211,271.70520656667077,265.0076580872151,268.0619812011719,40424500,AAPL
2025-11-20,270.327749378444,274.91922505965954,265.42688147061517,265.7562561035156,45823600,AAPL
2025-11-21,265.4568071090486,272.8230952896135,265.17732758833057,270.98651123046875,59030800,AAPL
2025-11-24,270.397645153795,276.48633959077114,270.397645153795,275.4083557128906,65585800,AAPL
2025-11-25,274.75950033189645,279.8600396675645,274.7395483878858,276.45635986328125,46914200,AAPL
2025-11-26,276.4464065684995,279.0116481613461,276.11703191175064,277.0353088378906,33431400,AAPL
2025-11-28,276.7458380127342,278.4826014787427,275.4781737009374,278.3328857421875,20135600,AAPL
2025-12-01,277.4944549964911,282.89442609469603,275.62792768573877,282.57501220703125,46587700,AAPL
2025-12-02,282.47518456741903,286.86701880065203,282.10587559562896,285.6592712402344,53669500,AAPL
2025-12-03,285.6692634925469,288.0847586222564,282.77461708045536,283.623046875,43538700,AAPL
2025-12-04,283.5731318378766,284.20196835267484,278.07334059490756,280.179443359375,43989100,AAPL
2025-12-05,280.01974631085085,280.6186397013617,277.53434330937836,278.26300048828125,47265800,AAPL
2025-12-08,277.6142094762677,279.15136205700173,275.6378704438954,277.3746643066406,38211800,AAPL
2025-12-09,277.6441787437343,279.5107061083118,276.4064879695729,276.6659851074219,32193300,AAPL
2025-12-10,277.23491184461454,279.2312028389952,275.92734368017386,278.26300048828125,33038300,AAPL
2025-12-11,278.5824273392719,279.07150890817053,273.3022288840155,277.514404296875,33248000,AAPL
2025-12-12,277.38461586894516,278.70217518025987,276.30663218031253,277.763916015625,39532900,AAPL
2025-12-15,279.63046152672615,279.63046152672615,272.33402020742307,273.6016540527344,50409100,AAPL
2025-12-16,272.3140798989353,274.9891026980292,271.2859911871425,274.1007385253906,37648600,AAPL
2025-12-17,274.50001118897205,275.6478724530811,271.13626563598973,271.33587646484375,50138700,AAPL
2025-12-18,273.1025913325419,273.12257373871984,266.4549687260805,271.68524169921875,51630700,AAPL
2025-12-19,271.6453053723066,274.09077415448866,269.399477884542,273.1625061035156,144632000,AAPL
2025-12-22,272.3539780142796,273.37210596231955,270.00836035897595,270.4674987792969,36571800,AAPL
2025-12-23,270.3377490962612,271.99467443806464,269.06012395403746,271.85491943359375,29642000,AAPL
2025-12-24,271.8349404799371,274.9192064044749,271.69521595033444,273.3022155761719,17910600,AAPL
2025-12-26,273.65160578690546,274.8593534534055,272.35399820928086,272.89300537109375,21521800,AAPL
2025-12-29,272.1843267483383,273.8512128461511,271.8449608988494,273.2523498535156,23715200,AAPL
2025-12-30,272.30405905646904,273.57169281796894,271.77504318392386,272.57354736328125,22139600,AAPL
2025-12-31,272.553621806917,273.17246717497864,271.24605357156486,271.3558349609375,27293600,AAPL
2026-01-02,271.7551282774649,277.32476727085935,268.5011639041959,270.5074462890625,37838100,AAPL
2026-01-05,270.1381413175191,271.00652312062255,265.64648609237463,266.764404296875,45647200,AAPL
2026-01-06,266.5048844877732,267.05385240251036,261.63392891626114,261.87347412109375,52352100,AAPL
2026-01-07,262.7119324450406,263.1910228349833,259.3282042611396,259.84722900390625,48309800,AAPL
2026-01-08,256.5433578451618,258.80916773471864,255.22581364132833,258.55963134765625,50419300,AAPL
2026-01-09,258.5995368285105,259.7274461787287,255.74485516422806,258.8890075683594,39997000,AAPL
2026-01-12,258.679389570116,260.81540508500296,256.32375036738995,259.7673645019531,45263800,AAPL
2026-01-13,258.24022168851656,261.3244878277737,257.9108470550362,260.5658874511719,45730800,AAPL
2026-01-14,259.0087756526009,261.33447181199796,256.23393227813756,259.4779052734375,40019400,AAPL
2026-01-15,260.16664839115424,260.55593980217856,256.57331808587395,257.7311706542969,39388600,AAPL
2026-01-16,257.4217218192236,258.41986733264514,254.4572284259222,255.05612182617188,72142800,AAPL
2026-01-20,252.26132447540706,254.31750190322293,242.9685916985444,246.2425079345703,80267500,AAPL
2026-01-21,248.23880604127606,251.09350304772093,244.72532928784554,247.1907501220703,54641700,AAPL
2026-01-22,248.737864640942,250.53452965267718,247.68980878155546,247.8894500732422,39708300,AAPL
2026-01-23,246.86136630134166,248.94748685874615,244.22624741136653,247.58001708984375,41689000,AAPL
2026-01-26,251.01365072947274,256.08423219515316,249.33677343540953,254.93637084960938,55969200,AAPL
2026-01-27,258.6894015269614,261.4642450011371,257.73115984508394,257.7910461425781,49648300,AAPL
2026-01-28,257.1721946066941,258.3799421919039,254.03801819206552,255.96444702148438,41288000,AAPL
2026-01-29,257.52154586161765,259.16847988830324,253.93820707645818,257.801025390625,67253000,AAPL
2026-01-30,254.6968198516284,261.4143357105436,251.71235892004358,258.99884033203125,92443400,AAPL
2026-02-02,259.5477742456141,269.98836769074944,258.72928762151224,269.50927734375,73913400,AAPL
2026-02-03,268.70080609664296,271.3758289780004,267.11372779647115,268.98028564453125,64394700,AAPL
2026-02-04,271.7850411492978,278.432693698261,271.7850411492978,275.97723388671875,90545700,AAPL
2026-02-05,277.6142303156022,278.98168486317746,272.72332314901723,275.3983459472656,52977400,AAPL
2026-02-06,276.6060720438839,280.3890519626743,276.4164219647768,277.6042175292969,50453400,AAPL
2026-02-09,277.6541982366954,277.9439398399519,271.4499228389202,274.3672180175781,44623400,AAPL
2026-02-10,274.6369782150198,275.11651686144285,272.68876099546605,273.4280700683594,34376900,AAPL
2026-02-11,274.44714753122867,279.92208361183503,274.1973776592452,275.24639892578125,51931300,AAPL
2026-02-12,275.3363333447182,275.46621856633783,259.94051360693726,261.4891052246094,81077200,AAPL
2026-02-13,261.7688319830923,261.9886306947134,255.21485759663088,255.5445556640625,56290700,AAPL
2026-02-17,257.8124646511843,266.0449008431299,255.30478047881587,263.6371154785156,58469100,AAPL
2026-02-18,263.35737977838915,266.57441720150126,262.20844437502524,264.106689453125,34203300,AAPL
2026-02-19,262.35827847824623,264.2365527856389,259.81060750150084,260.3401184082031,30845300,AAPL
2026-02-20,258.73163460792017,264.5063132392292,257.9223826043077,264.3364562988281,42070500,AAPL
2026-02-23,263.24744081710827,269.1819753311392,263.13755670993424,265.9349670410156,37308200,AAPL
2026-02-24,267.61343657617186,274.6369951599546,267.46358073991865,271.8895263671875,47014600,AAPL
2026-02-25,271.5298429675081,274.6869380517792,270.8005039088116,273.97760009765625,33714300,AAPL
2026-02-26,274.6969199809464,275.8558253670768,270.55071567552415,272.6987609863281,32345100,AAPL
2026-02-27,272.5588900215503,272.5588900215503,262.6480379442022,263.93682861328125,72366500,AAPL
2026-03-02,262.16844722421786,266.2846497598317,259.960490133898,264.476318359375,41827900,AAPL
2026-03-03,263.23749216234586,265.31556422164516,259.8905695547566,263.5072326660156,38568900,AAPL
2026-03-04,264.4063951364299,265.9050144519466,261.179387723623,262.2783508300781,39803100,AAPL
2026-03-05,260.54995479568396,261.3192350446657,257.01320478174756,260.0504150390625,49658600,AAPL
2026-03-06,258.39192833924307,258.53178361058343,254.13584003818684,257.2229919433594,41120000,AAPL
2026-03-09,255.45463216869055,260.9095975388004,253.44647267699952,259.6407775878906,38218500,AAPL
2026-03-10,257.4128391437035,262.2384104290217,256.71350175461305,260.58990478515625,30590800,AAPL
2026-03-11,260.8496568052655,261.888707997661,259.3110658747261,260.5699157714844,26218900,AAPL
2026-03-12,258.4219063383753,258.71164792954545,253.94601921584928,255.52456665039062,40794000,AAPL
2026-03-13,255.24483747003174,256.0940459350445,249.29033192864068,249.8897705078125,36930000,AAPL
2026-03-16,251.87794235419486,253.6563027081548,249.6499992581203,252.58729553222656,32074200,AAPL
2026-03-17,252.72716690012706,254.89516767044782,251.94787083452104,253.99598693847656,32361600,AAPL
2026-03-18,252.3974721128864,254.70534343896443,248.7708084606242,249.70994567871094,35757900,AAPL
2026-03-19,249.17043241392184,251.5982036354298,247.0723745163624,248.73085021972656,34864100,AAPL
2026-03-20,247.7517334570195,248.97061168291066,245.77356028907465,247.76173400878906,88331100,AAPL
2026-03-23,253.73622734962268,254.3656523266213,250.0496214753341,251.25851440429688,40546100,AAPL
2026-03-24,250.1195650925759,254.5954370944537,249.32029842391177,251.4083709716797,45152300,AAPL
2026-03-25,253.86611511385965,254.76528059453105,251.3684162845015,252.38746643066406,28476700,AAPL
2026-03-26,251.88793104116345,256.76344411909713,250.53918279672283,252.6572265625,41796700,AAPL
2026-03-27,253.666280215245,255.2548282141602,247.8416601166152,248.57098388671875,47900000,AAPL
2026-03-30,249.83982057534305,250.63907198816298,245.28400520065438,246.40298461914062,39446200,AAPL
2026-03-31,247.6818040942864,255.24482803058763,246.87255213324852,253.55638122558594,49598100,AAPL
2026-04-01,253.8461228128272,255.94418062939917,253.096813183035,255.3946990966797,40059400,AAPL
2026-04-02,253.96601496217014,255.89424639361263,250.4192795609811,255.68443298339844,31289400,AAPL
2026-04-06,256.27389167390277,261.9186847371787,256.2239194053331,258.6217041015625,29329900,AAPL
2026-04-07,255.92421782448065,255.96418954301222,245.47383916108728,253.26666259765625,62148000,AAPL
2026-04-08,258.2121146377317,259.51090582044134,256.29386854025813,258.66168212890625,41032800,AAPL
2026-04-09,258.7615948993736,260.879638597066,255.8342992320816,260.2502136230469,28121600,AAPL
2026-04-10,259.7406946341393,261.94865175168746,258.78155637925676,260.240234375,31291500,AAPL
2026-04-13,259.49093671136296,259.9405042051452,256.4237552437805,258.96142578125,36234700,AAPL
2026-04-14,259.01136264890187,261.68888841493145,256.9532612999924,258.59173583984375,48370700,AAPL
2026-04-15,257.92237663273806,266.3146386359468,257.57269269729437,266.18475341796875,49913500,AAPL
2026-04-16,266.55439590858066,266.91408037974617,261.0294875448873,263.15753173828125,43323100,AAPL
2026-04-17,266.7142527536172,272.0493335842862,266.47448343207725,269.98126220703125,61436200,AAPL
2026-04-20,270.08114756253855,274.0275237795767,270.04120633500696,272.79864501953125,36590200,AAPL
2026-04-21,271.250098918132,272.5488901425708,265.1557075406741,265.9250183105469,50209800,AAPL
2026-04-22,267.5734973129919,273.48803128351057,266.62435952726383,272.9185791015625,43249200,AAPL
2026-04-23,274.79681820267325,275.5161566987003,271.39995382845746,273.1783142089844,33399600,AAPL
2026-04-24,272.50893317942314,272.80864483253174,269.4017800912603,270.81048583984375,38157100,AAPL
2026-04-27,265.84505761361925,268.1129570778125,264.8260075108844,267.3636474609375,41466800,AAPL
2026-04-28,272.0893199684016,272.97851539952296,268.4127145556596,270.4608154296875,40018900,AAPL
2026-04-29,267.3037117460274,270.7905199823619,266.7942019267937,269.92132568359375,30047900,AAPL
2026-04-30,270.25102650288807,275.7459641951834,267.893213328058,271.1002502441406,91848200,AAPL
2026-05-01,278.6032901046287,286.95561044034525,278.1137509144006,279.88214111328125,79915400,AAPL
2026-05-04,279.4025768563376,280.3716851917065,274.60697695873915,276.5751647949219,46668400,AAPL
2026-05-05,276.6750995896243,284.30808218316156,276.2455026895375,283.9184265136719,49311700,AAPL
2026-05-06,281.66051049385584,287.76487170009636,280.8112868075762,287.245361328125,58336100,AAPL
2026-05-07,289.00371711581823,291.8611003514943,285.5169394038565,287.1754150390625,45224300,AAPL
2026-05-08,289.7430674686918,294.4886952888782,289.7330669166447,293.0500183105469,52692800,AAPL
2026-05-11,291.9800109863281,293.8800048828125,290.2300109863281,292.67999267578125,42247300,AAPL
2026-05-12,292.55999755859375,295.2699890136719,292.55999755859375,294.79998779296875,45748100,AAPL
2026-05-13,293.5,300.9200134277344,293.5,298.8699951171875,52684300,AAPL
2026-05-14,299.82000732421875,300.45001220703125,295.3800048828125,298.2099914550781,35324900,AAPL
2026-05-15,297.8999938964844,303.20001220703125,296.5199890136719,300.2300109863281,54862800,AAPL
2026-05-18,300.239990234375,300.6600036621094,294.9100036621094,297.8399963378906,34483000,AAPL
2026-05-19,296.9700012207031,300.510009765625,296.3500061035156,298.9700012207031,42243600,AAPL
2026-05-20,298.17999267578125,302.79998779296875,298.0799865722656,302.25,38229800,AAPL
2026-05-21,301.05999755859375,305.5400085449219,300.3999938964844,304.989990234375,42965100,AAPL
2026-05-22,306.1199951171875,311.3999938964844,305.8399963378906,308.82000732421875,43670200,AAPL
2026-05-26,309.55999755859375,311.82000732421875,307.6700134277344,308.3299865722656,48000500,AAPL
2026-05-27,308.3299865722656,313.260009765625,308.29998779296875,310.8500061035156,50430900,AAPL
2026-05-28,310.67999267578125,312.79998779296875,309.57000732421875,312.510009765625,48220400,AAPL
2026-05-29,311.7799987792969,315.0,309.5299987792969,312.05999755859375,70026800,AAPL
2026-06-01,309.6300048828125,310.94000244140625,305.0199890136719,306.30999755859375,48849900,AAPL
2026-06-02,307.4599914550781,315.45001220703125,306.69000244140625,315.20001220703125,44534700,AAPL
2026-06-03,314.17999267578125,316.94000244140625,308.8500061035156,310.260009765625,50836700,AAPL
2026-06-04,313.2300109863281,313.5400085449219,309.6499938964844,311.2300109863281,44869100,AAPL
2026-06-05,312.8599853515625,315.1700134277344,307.1499938964844,307.3399963378906,65310500,AAPL
2026-06-08,308.739990234375,317.3999938964844,301.1700134277344,301.5400085449219,77949100,AAPL
2026-06-09,300.2799987792969,300.75,287.7799987792969,290.54998779296875,70108800,AAPL
2026-06-10,290.739990234375,294.75,287.3800048828125,291.5799865722656,52793300,AAPL
2026-06-11,293.7200012207031,297.0,289.5899963378906,295.6300048828125,42572500,AAPL
2026-06-12,296.0299987792969,297.1400146484375,289.6199951171875,291.1300048828125,38742100,AAPL
2026-06-15,294.1199951171875,297.7799987792969,291.70001220703125,296.4200134277344,45732600,AAPL
2026-06-16,295.25,300.4800109863281,293.9700012207031,299.239990234375,39874400,AAPL
2026-06-17,300.8500061035156,302.07000732421875,294.3599853515625,295.95001220703125,42745100,AAPL
2026-06-18,298.1099853515625,300.57000732421875,295.6199951171875,298.010009765625,85962200,AAPL
2023-06-22,118.94528128923695,122.1568017665919,117.78556661162784,122.06759643554688,26952200,GOOGL
2023-06-23,120.31315570854476,121.71076646804086,119.99596857737609,121.26471710205078,34913600,GOOGL
2023-06-26,119.69860904954042,120.927708228838,117.23048890392118,117.29987335205078,33969900,GOOGL
2023-06-27,116.0509569547925,118.03337846384325,115.07956708792895,117.28997039794922,39535900,GOOGL
2023-06-28,116.06085055437069,119.3318487010765,115.82296211751444,119.12369537353516,27091400,GOOGL
2023-06-29,118.19196866920258,119.00476118828789,117.26023569905081,118.0531997680664,24090900,GOOGL
2023-06-30,119.11378128447019,120.01578660050734,118.63800441021921,118.64791107177734,29532200,GOOGL
2023-07-03,118.19196580370979,119.13362053840451,117.77565911039436,118.8461685180664,14467900,GOOGL
2023-07-05,118.1919601816183,121.53234291871821,118.18205351963279,120.67990112304688,27584800,GOOGL
2023-07-06,118.74703316355199,119.24263846463137,117.35933680806241,119.05430603027344,24745200,GOOGL
2023-07-07,119.04440112824291,119.98605581142945,118.35055667733691,118.42985534667969,21709500,GOOGL
2023-07-10,117.26022125117554,117.27012791265184,115.1192026477231,115.42647552490234,35315200,GOOGL
2023-07-11,115.2678850745914,116.67540235428439,114.33614466240792,116.11041259765625,23078800,GOOGL
2023-07-12,117.75582704091902,119.27237810993883,117.36925549635855,117.88468170166016,30404400,GOOGL
2023-07-13,119.86712475835395,123.73284846860429,119.39134023735181,123.44539642333984,44297900,GOOGL
2023-07-14,123.703104019214,125.6656970596948,122.4046128006824,124.3176498413086,33283100,GOOGL
2023-07-17,124.83308323552517,125.98288376353565,123.10837110000271,123.5544204711914,25716200,GOOGL
2023-07-18,123.50485458843724,123.58415326124799,121.87926960750545,122.6722412109375,26193600,GOOGL
2023-07-19,123.50483891108253,124.07974287247721,120.72945377604523,120.95742797851562,37224000,GOOGL
2023-07-20,120.35280221161847,122.9993329839657,117.18093097461103,118.15231323242188,37906800,GOOGL
2023-07-21,119.55982794306409,119.9265710332931,117.68644047254966,118.96509552001953,72937900,GOOGL
2023-07-24,120.59069236468409,121.91891101739073,119.91666881428958,120.46183013916016,29686100,GOOGL
2023-07-25,120.29332906056865,122.067597090128,119.95631349602652,121.13585662841797,52509600,GOOGL
2023-07-26,128.92677586226864,129.8287660545172,127.19215723342076,128.13380432128906,61682100,GOOGL
2023-07-27,130.51268637579733,132.0688941403828,127.65799525968609,128.26263427734375,44952100,GOOGL
2023-07-28,129.63053631303129,132.56452668916148,129.4223905323537,131.4147186279297,36591200,GOOGL
2023-07-31,131.56337345759758,132.35634493091612,130.62172645007618,131.553466796875,28055500,GOOGL
2023-08-01,129.63051668062243,131.46426227856932,129.53138957410042,130.3937530517578,23166800,GOOGL
2023-08-02,128.31222025946755,128.9465944934301,126.4388326681817,127.25163269042969,26273300,GOOGL
2023-08-03,126.84524509282699,128.2527625895299,126.30007613731763,127.3210220336914,20089500,GOOGL
2023-08-04,128.14372354248303,130.35411926269438,126.78576966555633,126.9840087890625,26147200,GOOGL
2023-08-07,128.0247975185182,130.45326108561633,127.88602860396051,130.37396240234375,22746300,GOOGL
2023-08-08,129.47192832567612,130.35410518598817,128.4014190247344,130.2450714111328,23535200,GOOGL
2023-08-09,130.50280718461022,130.87945697389134,127.86618303626592,128.5203857421875,24912900,GOOGL
2023-08-10,130.16578804061726,130.88936757032903,128.31221386564667,128.55010986328125,20857800,GOOGL
2023-08-11,127.52916585454872,128.78799249024013,127.04346719118266,128.42124938964844,19591100,GOOGL
2023-08-14,128.25273871650413,130.21533146634363,127.8265254190536,130.17568969726562,24695600,GOOGL
2023-08-15,129.9477334332242,130.26491300365356,128.14372263533488,128.6393280029297,19770700,GOOGL
2023-08-16,127.56881713867188,129.1349318973664,126.74611798522649,127.56881713867188,25216100,GOOGL
2023-08-17,128.65913574269388,130.8298893232879,128.15360866932792,128.778076171875,33446300,GOOGL
2023-08-18,127.38048843301539,128.11398983517552,125.26921225140346,126.3397216796875,30504800,GOOGL
2023-08-21,126.0621788706278,127.59855093945741,125.4476255056934,127.24171447753906,25248700,GOOGL
2023-08-22,127.3804753860569,129.13492247421263,127.19215806698841,127.94547271728516,22054900,GOOGL
2023-08-23,129.03581933612043,132.23744122531156,128.72854639699096,131.20657348632812,27819700,GOOGL
2023-08-24,132.77267495370916,133.07004119920114,128.43118221835817,128.6393280029297,28500700,GOOGL
2023-08-25,128.40142596774677,129.61070421801392,126.13156014533209,128.7384490966797,26762900,GOOGL
2023-08-28,130.15588677056022,131.37507181068187,128.99617195805286,129.8585205078125,20543300,GOOGL
2023-08-29,131.07772968682022,135.36967452936457,131.07772968682022,133.3872528076172,43075600,GOOGL
2023-08-30,133.59537690208668,135.08219295170898,132.89162577508347,134.6857147216797,28315800,GOOGL
2023-08-31,134.8145929291476,136.7871081215822,134.59652531492154,134.9731903076172,30053800,GOOGL
2023-09-01,136.25183370752197,136.25183370752197,133.66477309520587,134.4676513671875,21543700,GOOGL
2023-09-05,134.24958930429057,135.22097162539615,133.39714743586188,134.57669067382812,19403100,GOOGL
2023-09-06,134.824484524279,135.32999653967815,132.4951333142853,133.2781982421875,18684500,GOOGL
2023-09-07,132.4158467757284,134.38836170715467,131.78147247047056,134.0711669921875,18844300,GOOGL
2023-09-08,133.7242392505445,135.45885797662925,133.66476902845534,135.1813201904297,23558300,GOOGL
2023-09-11,135.33991830158746,136.27165888953823,134.59651018881954,135.71658325195312,20763400,GOOGL
2023-09-12,135.0623790459448,135.66701824288407,134.00179134784412,134.1504669189453,18405500,GOOGL
2023-09-13,133.90265121619703,135.69674018178068,132.9709107286248,135.5084228515625,20749500,GOOGL
2023-09-14,136.3905946148167,137.48091727999335,135.04254749494362,136.88619995117188,24751000,GOOGL
2023-09-15,136.76725635034862,137.30251863025583,135.28044021121335,136.19235229492188,38919600,GOOGL
2023-09-18,135.40931114975817,137.9369017736187,135.40931114975817,136.99525451660156,21861300,GOOGL
2023-09-19,136.21214500413328,137.19344884336027,135.41917357972812,136.82669067382812,20353700,GOOGL
2023-09-20,136.86634887994856,136.86634887994856,132.4455433555256,132.5644989013672,29927500,GOOGL
2023-09-21,130.284744080372,131.06779392210422,128.9267901856762,129.2935333251953,31503900,GOOGL
2023-09-22,129.61070610554586,130.86954793351885,128.4609131845869,129.10519409179688,26397300,GOOGL
2023-09-25,128.6888930557924,130.0171118264149,127.82654454608127,129.9576416015625,20094600,GOOGL
2023-09-26,128.6294294858362,129.21424022670868,126.10183892610962,127.43997955322266,25718700,GOOGL
2023-09-27,127.43998300872549,129.74949092087255,127.43998300872549,129.3926544189453,22746500,GOOGL
2023-09-28,128.6987879376221,132.12838346203904,128.64922437989011,131.14707946777344,22513100,GOOGL
2023-09-29,132.10856705829798,132.87180356786632,129.21423349403221,129.7098388671875,30859800,GOOGL
2023-10-02,130.0567776325655,133.23855587746678,130.01712073016435,132.99075317382812,22288000,GOOGL
2023-10-03,132.76277495232893,133.0799545386721,130.68122625412332,131.2660369873047,22989400,GOOGL
2023-10-04,131.62285243185696,134.37843188809666,131.3651431138617,134.05133056640625,26752300,GOOGL
2023-10-05,133.88284301757812,134.29914971685594,132.2770713207343,133.88284301757812,19832600,GOOGL
2023-10-06,132.832143768504,136.9456773507009,132.832143768504,136.3707733154297,27597600,GOOGL
2023-10-09,135.73638169070284,137.71880288642004,134.41806978059012,137.203369140625,19278100,GOOGL
2023-10-10,137.2826774721206,138.49195569665042,136.1229628059091,136.84654235839844,27786600,GOOGL
2023-10-11,137.36198046134194,139.86974231945385,137.36198046134194,139.31466674804688,25884300,GOOGL
2023-10-12,139.81025497227756,139.9787589554809,137.0447689914143,137.74853515625,24765500,GOOGL
2023-10-13,138.15494443848604,138.76949019803877,135.41919338050468,136.15269470214844,23420500,GOOGL
2023-10-16,136.9556074099909,138.40278197009948,136.77719670891506,137.87744140625,28501900,GOOGL
2023-10-17,137.41155773728624,138.67038456071032,135.97428998075208,138.49197387695312,23515800,GOOGL
2023-10-18,138.2243153813824,139.48315708044316,136.17251730070473,136.74742126464844,23375000,GOOGL
2023-10-19,137.2826534762789,138.43246127971992,136.1725025624307,136.53924560546875,26066000,GOOGL
2023-10-20,136.12297828131832,136.6582254478533,133.8927540255162,134.40818786621094,26335700,GOOGL
2023-10-23,133.8530881539799,136.4500705092504,132.77267210572043,135.30026245117188,26317900,GOOGL
2023-10-24,136.6185834917505,138.13513477372655,136.21218344241674,137.5899658203125,44814300,GOOGL
2023-10-25,127.03357185296261,127.18224741384032,123.97072673913938,124.5059814453125,84366200,GOOGL
2023-10-26,122.18653477861498,123.23722322101568,120.20411345783874,121.20523834228516,57061100,GOOGL
2023-10-27,121.79998068610722,122.22620163366648,119.15344965845101,121.09622192382812,44566500,GOOGL
2023-10-30,122.12707543139821,124.29782939084916,121.6711193945083,123.3660888671875,28940100,GOOGL
2023-10-31,123.96080022210504,124.26808066290327,121.61163584513152,122.98941802978516,26292300,GOOGL
2023-11-01,122.9795062521491,125.37823423377263,122.63258403370556,125.33858489990234,30082400,GOOGL
2023-11-02,127.29127970850502,127.8463552955118,125.81437784316901,126.36945343017578,27124600,GOOGL
2023-11-03,126.8948073232597,128.39153014476756,126.73620996974631,127.96531677246094,26393100,GOOGL
2023-11-06,127.91574427289191,129.19439942516289,127.53907936577991,129.10519409179688,19052700,GOOGL
2023-11-07,129.5611688137135,130.75061873492334,128.7384620443353,129.81887817382812,29757300,GOOGL
2023-11-08,129.81886492088287,131.04797161797262,129.63053247035484,130.68121337890625,26425800,GOOGL
2023-11-09,130.80015934584054,131.38496997848083,128.92677188940007,129.09527587890625,23747800,GOOGL
2023-11-10,128.9565016747776,131.6327671985536,128.27256395904828,131.4246063232422,26913300,GOOGL
2023-11-13,130.6217584430094,131.42463677369796,130.09641792725824,130.9290313720703,18324800,GOOGL
2023-11-14,133.01055394719708,134.50727652084166,132.14820555787506,132.445556640625,32395200,GOOGL
2023-11-15,133.68458551793623,133.84318286371249,132.3960236763613,133.43678283691406,23861500,GOOGL
2023-11-16,134.00177404646607,136.01393051384863,133.1394255960663,135.72647094726562,28013200,GOOGL
2023-11-17,134.80466539372887,134.86413562027792,132.4753140227168,134.1207275390625,37240600,GOOGL
2023-11-20,132.5149776822315,135.45887504396703,132.44558566460094,135.05247497558594,27815500,GOOGL
2023-11-21,135.0921277764423,135.9743048781384,134.7650414870518,135.7661590576172,22635300,GOOGL
2023-11-22,136.26172703194487,138.19458474282766,136.26172703194487,137.27276611328125,17813900,GOOGL
2023-11-24,136.81680506938213,136.9159321844401,134.7947419943983,135.48858642578125,12514300,GOOGL
2023-11-27,134.83439465228903,137.2033876965765,134.80465954030564,135.2110595703125,23436500,GOOGL
2023-11-28,134.88397405597584,136.04368893356298,134.22977126615422,135.99412536621094,18730000,GOOGL
2023-11-29,136.360853061755,137.07451079768657,133.65483716334538,133.80352783203125,23967200,GOOGL
2023-11-30,133.86302892814916,134.35863435541023,130.12615977169108,131.36517333984375,38988300,GOOGL
2023-12-01,130.70106506347656,130.94886777934659,129.5215217159868,130.70106506347656,31442300,GOOGL
2023-12-04,128.73844341976016,128.88711896664887,126.7758430151211,128.13380432128906,36669900,GOOGL
2023-12-05,127.8166359971415,130.97860102647664,127.12279142754068,129.83871459960938,27384800,GOOGL
2023-12-06,130.28474525326413,130.68122350903377,128.73845888121613,128.87722778320312,23576200,GOOGL
2023-12-07,133.85308336988615,137.34214919311776,133.51607536911783,135.72647094726562,56767100,GOOGL
2023-12-08,133.02046296777098,135.20112331976583,132.85195897633275,133.80352783203125,32260100,GOOGL
2023-12-11,131.21647898449544,132.16803279885028,130.20543982265264,132.11846923828125,31138000,GOOGL
2023-12-12,130.65148882726206,131.83103206038206,130.10631988027265,131.35525512695312,29032800,GOOGL
2023-12-13,132.20767860500078,132.3266190406473,130.4135897855211,131.40480041503906,30104800,GOOGL
2023-12-14,132.20768021650815,132.5446882047304,128.55011052905618,130.78033447265625,38722400,GOOGL
2023-12-15,130.46314245666346,132.33653000234125,130.0270073455555,131.43453979492188,50847100,GOOGL
2023-12-18,131.46426381839478,135.9445247418158,131.26600960302858,134.6063995361328,32258000,GOOGL
2023-12-19,135.63727655584978,136.26174417356714,134.883961824314,135.44894409179688,25476800,GOOGL
2023-12-20,137.74853672465744,140.45453739695972,136.85645324467703,137.1240692138672,49107200,GOOGL
2023-12-21,138.26400273042307,139.45345268951988,137.95671467148622,139.18582153320312,27488300,GOOGL
2023-12-22,139.53271087372684,140.74198893316685,139.47324066173348,140.2463836669922,26532200,GOOGL
2023-12-26,140.34553045409487,141.42594657240042,139.94905219268907,140.27615356445312,16780300,GOOGL
2023-12-27,140.34555481438278,140.83125362488414,138.66049922391264,139.1362762451172,19628600,GOOGL
2023-12-28,139.54263593061398,139.8994723742898,138.5216901576727,138.99746704101562,16045700,GOOGL
2023-12-29,138.40274901874815,139.12632856419143,137.56021390956434,138.46221923828125,18733000,GOOGL
2024-01-02,137.3322465738531,138.2243301608941,135.28043314911363,136.95558166503906,23711200,GOOGL
2024-01-03,136.04366979922918,138.4027561263541,135.87516579367383,137.69898986816406,24212100,GOOGL
2024-01-04,137.20339508752366,137.93689651353586,135.15159662676552,135.1912384033203,27137700,GOOGL
2024-01-05,135.54808767109367,135.9544877613099,133.9621442151988,134.53704833984375,22513900,GOOGL
2024-01-08,135.09208465323874,137.78817866795262,135.06234954551326,137.6196746826172,21404000,GOOGL
2024-01-09,137.28267283542516,140.24639807653827,136.93574306358877,139.7111358642578,24759600,GOOGL
2024-01-10,139.76070104634456,141.74312233778207,139.67149571815168,141.02944946289062,21320200,GOOGL
2024-01-11,142.2288332953947,143.9436236258308,139.40387666099627,140.8312225341797,24008700,GOOGL
2024-01-12,141.4160381670257,141.9413786630196,140.57351809075055,141.39620971679688,18785500,GOOGL
2024-01-16,140.75192640999762,143.08127772087843,140.20675747291105,141.2376251220703,22670500,GOOGL
2024-01-17,140.10762206983958,140.59330557611017,137.67914403979375,140.2265625,20968600,GOOGL
2024-01-18,140.80149369743117,142.9425126026269,140.74202347084398,142.2189178466797,25746400,GOOGL
2024-01-19,143.4678295070268,145.16279118468964,143.11099308151773,145.09341430664062,34271900,GOOGL
2024-01-22,145.80710794511032,147.0857631627537,144.55817271543333,144.7068634033203,32200400,GOOGL
2024-01-23,144.60773333501743,145.88638852663772,144.22116175386006,145.74761962890625,21636100,GOOGL
2024-01-24,147.2344232959612,148.53292195218594,146.79830331468807,147.3930206298828,25233500,GOOGL
2024-01-25,148.7509891835985,151.7047926793007,148.22563362553456,150.53515625,29149100,GOOGL
2024-01-26,149.77192479518956,151.19925532668688,149.682704348174,150.8523406982422,26115500,GOOGL
2024-01-29,150.7234988316385,152.42838247060587,150.0990312415879,152.16075134277344,27784300,GOOGL
2024-01-30,151.4569721435687,152.26975691406153,149.8611225838632,150.12875366210938,36331800,GOOGL
2024-01-31,142.35765687548871,142.73432173106326,138.6406172470756,138.8686065673828,71910000,GOOGL
2024-02-01,140.87083463777782,141.8025749490075,139.55252282770522,139.91928100585938,40466500,GOOGL
2024-02-02,138.03599811357188,141.3664667061821,135.30026199719302,141.1285858154297,62499600,GOOGL
2024-02-05,141.5647029336449,144.19140493261733,141.52504604044913,142.41712951660156,38505400,GOOGL
2024-02-06,143.3786346695141,144.08240098500607,141.93147538647906,142.83348083496094,29128200,GOOGL
2024-02-07,143.4876448849679,144.3400866289689,142.66493824979582,144.2607879638672,25208900,GOOGL
2024-02-08,144.54824955155473,145.0438548719161,143.8246700187359,144.62754821777344,22563800,GOOGL
2024-02-09,145.3907830102507,148.12653431225093,144.89517764390865,147.69039916992188,26829500,GOOGL
2024-02-12,147.11549911454978,148.02741119835667,146.07472479210762,146.2333221435547,21564100,GOOGL
2024-02-13,143.64626652168468,145.38088541203197,142.42708147937856,143.8643341064453,27837700,GOOGL
2024-02-14,144.79605648646725,145.23219160120888,142.82354180831294,144.65728759765625,22704200,GOOGL
2024-02-15,141.88189508654546,142.25855998207064,139.22545774352974,141.51515197753906,37590700,GOOGL
2024-02-16,141.73323445625792,141.93147358673406,138.9082776917751,139.28494262695312,31468900,GOOGL
2024-02-20,138.43246452711048,140.83119216490076,138.26396055406798,139.87962341308594,25144700,GOOGL
2024-02-21,140.20673565971813,141.43584224259257,139.44349926654036,141.2970733642578,23223300,GOOGL
2024-02-22,143.65616072853092,143.7255527379726,141.5448922041246,142.82354736328125,27191900,GOOGL
2024-02-23,142.40721211323083,143.40832928314302,142.16931614602157,142.69467163085938,19493800,GOOGL
2024-02-26,140.89069563143732,141.18806188186093,136.18244456120365,136.36087036132812,53641800,GOOGL
2024-02-27,136.80689055869198,138.0260753556502,135.88505684049912,137.65933227539062,33099200,GOOGL
2024-02-28,136.68794956560583,136.796983347661,134.21984460085443,135.1813201904297,37328600,GOOGL
2024-02-29,136.0734054858856,137.63952022756177,135.20113521845195,137.2430419921875,42133000,GOOGL
2024-03-01,137.21328646339086,137.6494215802847,135.71656378920932,135.93463134765625,31151100,GOOGL
2024-03-04,134.46764221027212,134.46764221027212,130.75060222297805,132.17794799804688,55999400,GOOGL
2024-03-05,130.72087171210643,132.06891886657937,129.5215001124862,131.50392150878906,40194800,GOOGL
2024-03-06,131.94995491359472,132.40591846062833,129.69991766152992,130.2450714111328,35318600,GOOGL
2024-03-07,131.62287689054074,133.75398920823105,130.45325539382577,133.19891357421875,37738200,GOOGL
2024-03-08,133.03041390483907,136.8763016912152,132.822252972934,134.21986389160156,39370400,GOOGL
2024-03-11,134.93350327450352,137.877399954622,134.93350327450352,136.4599609375,32437800,GOOGL
2024-03-12,135.82560336197784,138.15495459716567,135.82560336197784,137.28268432617188,27563400,GOOGL
2024-03-13,137.77827534305533,139.8499018963494,137.76836868179808,138.5613250732422,23347200,GOOGL
2024-03-14,139.94903860620198,142.32793819304158,139.22545904327845,141.84225463867188,42753400,GOOGL
2024-03-15,141.24752279739727,141.9215388042357,138.7992311922684,139.93911743164062,49475400,GOOGL
2024-03-18,147.3038223387608,150.81270155253688,145.87647651462308,146.38198852539062,69273700,GOOGL
2024-03-19,146.85777429622541,147.4822267241883,144.7960543185626,145.73770141601562,24070400,GOOGL
2024-03-20,146.69917689330697,147.5516186613226,145.45025691328723,147.43267822265625,21311500,GOOGL
2024-03-21,148.15627845947205,149.04836212342065,145.60885946127715,146.30271911621094,24755600,GOOGL
2024-03-22,147.8093478613808,150.24773305463123,147.6705789560528,149.44485473632812,29211800,GOOGL
2024-03-25,148.62214484045748,149.05827999793414,146.5207828540801,148.75100708007812,19229300,GOOGL
2024-03-26,148.89967658168865,150.92173980939236,148.66178056238658,149.34571838378906,22149100,GOOGL
2024-03-27,149.85123348293416,150.3071970814459,147.59127418957752,149.54396057128906,22879200,GOOGL
2024-03-28,149.5241557764802,150.09904473286645,148.8501245651844,149.6034393310547,24485400,GOOGL
2024-04-01,149.36556739992474,154.37118528416661,149.28626871590512,154.12338256835938,31730800,GOOGL
2024-04-02,152.1508570629753,153.34030699227824,150.8127164395867,153.2015380859375,24586000,GOOGL
2024-04-03,152.2499745660593,153.71696221529052,151.38761094398126,153.55836486816406,24705000,GOOGL
2024-04-04,152.15083657251893,153.40967834779974,149.12764102936788,149.20693969726562,34724700,GOOGL
2024-04-05,148.71133070821097,152.07153416376286,148.28511739400383,151.1596221923828,23459200,GOOGL
2024-04-08,151.43715468784103,153.90527453372857,151.26865070032358,153.4889678955078,20702000,GOOGL
2024-04-09,154.71807515609422,157.16636680492698,153.825991572372,155.22360229492188,31079500,GOOGL
2024-04-10,154.8370311694787,155.23350940234246,153.3204648733208,154.76763916015625,22838600,GOOGL
2024-04-11,155.5308692093835,158.27651186403895,155.0848274346832,158.00889587402344,27166400,GOOGL
2024-04-12,156.57164779653132,158.81177851890706,155.758847768036,156.34365844726562,25353700,GOOGL
2024-04-15,157.4637444709509,157.8404094057048,153.23127022277416,153.4989013671875,27136500,GOOGL
2024-04-16,152.8347772006078,154.28193632388786,152.08144740386092,153.0429229736328,20779500,GOOGL
2024-04-17,154.25220644098835,155.69938073798713,153.22135395349792,154.10353088378906,21763100,GOOGL
2024-04-18,153.97468451361368,155.56062786894117,153.26101151618397,154.6387939453125,19883000,GOOGL
2024-04-19,154.82709650190313,154.98569383172432,150.96138111672357,152.7356414794922,32615600,GOOGL
2024-04-22,152.9537163543577,156.2544497066036,152.7059136863934,154.90640258789062,26446200,GOOGL
2024-04-23,155.58041119114955,157.57273890833397,154.90638016701388,156.8689727783203,21151600,GOOGL
2024-04-24,156.10579912051713,158.1675194626567,155.78860439495244,157.73138427734375,22779100,GOOGL
2024-04-25,149.99989377882164,155.1145438273879,149.54393027269114,154.62884521484375,57109700,GOOGL
2024-04-26,172.83741845240817,173.17444161155032,168.15890237210272,170.43869018554688,64665300,GOOGL
2024-04-29,167.5740627254869,168.05976136758494,163.7579109650259,164.68963623046875,45610000,GOOGL
2024-04-30,164.1544172520467,166.62253752967678,161.1708782605576,161.3492889404297,33562900,GOOGL
2024-05-01,162.8559349699541,165.65114151829926,161.656563265471,162.4197998046875,33493200,GOOGL
2024-05-02,163.34161532186556,165.26456662605938,162.44953168316837,165.15553283691406,24294500,GOOGL
2024-05-03,166.08729069705512,166.48378411924054,161.61693512524243,165.77011108398438,34662400,GOOGL
2024-05-06,165.9881386196856,166.66215458769406,164.57069955510775,166.6225128173828,21871300,GOOGL
2024-05-07,167.01899792747776,170.25033926742327,166.90996414876957,169.7448272705078,28039700,GOOGL
2024-05-08,167.51460097970468,168.65448718502228,167.25689165384944,167.89126586914062,19569100,GOOGL
2024-05-09,167.90118913341487,169.18976613945827,166.70181746537216,168.4661865234375,15346700,GOOGL
2024-05-10,166.55311783500412,168.35712840771933,164.72929393982457,167.16766357421875,29799900,GOOGL
2024-05-13,162.81625335334653,167.79213497268913,162.55854403329832,167.6533660888672,31327600,GOOGL
2024-05-14,168.2778674212393,169.74485521976186,167.3163917028671,168.8428497314453,25127100,GOOGL
2024-05-15,169.13029325056647,171.13252805375882,169.01133767709646,170.99375915527344,26948400,GOOGL
2024-05-16,171.7669014209654,173.58081887894542,171.17218405543662,172.64907836914062,27867900,GOOGL
2024-05-17,172.64907697879545,174.72071889069628,172.1633934028928,174.51255798339844,24479300,GOOGL
2024-05-20,174.6414258747219,177.19875144536334,174.53239208635316,175.36500549316406,22554400,GOOGL
2024-05-21,175.34515724447746,176.58417055209722,174.26474127015484,176.2868194580078,16989400,GOOGL
2024-05-22,175.08745176039344,175.5929637561036,173.6700277652412,174.82974243164062,17880000,GOOGL
2024-05-23,175.5137093084088,176.68333083049927,171.42991039517594,172.02464294433594,21024900,GOOGL
2024-05-24,173.44205880318444,174.22512379260593,172.12374664509454,173.4519805908203,16579400,GOOGL
2024-05-28,172.91672082470853,175.71194253715282,172.83742214584382,174.84957885742188,20572200,GOOGL
2024-05-29,173.88807266741404,175.2856832784532,173.18432159354813,174.35394287109375,23388700,GOOGL
2024-05-30,173.66011222409284,173.67994067307137,170.28008009531703,170.59727478027344,22931500,GOOGL
2024-05-31,170.34945151502995,171.53890119050294,167.95072371750206,170.98382568359375,37638900,GOOGL
2024-06-03,171.0234968625416,172.9960117081414,169.65563630662328,171.64796447753906,27459100,GOOGL
2024-06-04,171.7570153757393,172.32201282172161,170.37923289523386,172.2625274658203,26879600,GOOGL
2024-06-05,173.66010997413338,175.09736245061762,172.4012681621193,173.86827087402344,22068500,GOOGL
2024-06-06,174.35395954744376,175.59297294708358,174.2052839893571,175.17666625976562,23251000,GOOGL
2024-06-07,175.493867979147,176.30665293703487,172.76803839075907,172.9266357421875,19661400,GOOGL
2024-06-10,173.63119590631558,175.70520037025813,171.43809934111798,173.67088317871094,23726700,GOOGL
2024-06-11,174.87163664223397,175.48688780612986,172.44038608531787,175.26856994628906,21540600,GOOGL
2024-06-12,176.8860828234983,179.0295587655737,174.76245808700693,176.42959594726562,27864700,GOOGL
2024-06-13,174.76246052696914,175.38764480431132,173.5418763520932,173.81973266601562,20913300,GOOGL
2024-06-14,172.886928506799,175.7051941501706,172.81745685502335,175.437255859375,18063600,GOOGL
2024-06-17,174.11742569746272,176.99522948449695,173.47239026793287,175.88380432128906,19618500,GOOGL
2024-06-18,175.78456099585281,176.0326480479042,172.76782910540194,173.750244140625,21869900,GOOGL
2024-06-20,174.02812743639052,175.93343447480135,173.65104535533175,174.95101928710938,20160100,GOOGL
2024-06-21,175.645657934706,179.466205138687,175.2586426839211,178.2555389404297,57759000,GOOGL
2024-06-24,178.7814578148954,179.5058677711299,177.30285352534577,177.84864807128906,18298000,GOOGL
2024-06-25,178.24561193946573,182.87987707702328,178.04714529101605,182.6218719482422,23130200,GOOGL
2024-06-26,181.2325870029249,183.09819163519248,181.08372566274275,182.4730224609375,19839000,GOOGL
2024-06-27,182.77071833286294,184.62642010992184,182.61195409916436,183.99131774902344,18848900,GOOGL
2024-06-28,182.90965002904287,183.71344974735644,180.56770738280355,180.75624084472656,29156600,GOOGL
2024-07-01,181.62953102450626,182.47303324260807,179.9127724889494,181.58984375,16006100,GOOGL
2024-07-02,180.65697788213006,184.15004749671385,180.1707218532549,183.82257080078125,17372500,GOOGL
2024-07-03,183.43559898745033,184.666101253454,182.59209683114494,184.39817810058594,10242100,GOOGL
2024-07-05,184.43785005315465,189.3995914027585,184.37831157968466,189.14158630371094,20967500,GOOGL
2024-07-08,188.4469411036859,188.71487939155085,186.34316749742393,187.58360290527344,21035900,GOOGL
2024-07-09,188.85380640623399,189.89577517091524,187.27597621110633,187.5339813232422,15121400,GOOGL
2024-07-10,187.7026819141074,190.28279364749721,187.5836049591009,189.71714782714844,15952500,GOOGL
2024-07-11,188.39735066829172,189.39961710579536,183.66384453862594,184.1501007080078,25625800,GOOGL
2024-07-12,183.66381817797418,185.67828393880026,183.0783363373865,183.65390014648438,22898400,GOOGL
2024-07-15,183.5050408426138,186.79964437744582,183.5050408426138,185.10272216796875,16474000,GOOGL
2024-07-16,185.92636030176988,187.23625205856462,181.96688551253317,182.51268005371094,18290700,GOOGL
2024-07-17,181.569963789314,182.14552760174087,178.52344733868037,179.6348876953125,20734100,GOOGL
2024-07-18,180.53793067512186,181.10357651103143,175.11971708479683,176.33038330078125,25315700,GOOGL
2024-07-19,177.511294978359,178.91049478015813,175.77468519675912,176.30062866210938,18881900,GOOGL
2024-07-22,179.2081844529357,181.30204007198228,178.85093844213043,180.27992248535156,24100300,GOOGL
2024-07-23,180.65700705961783,182.20506795075516,180.15089974687697,180.39898681640625,36352700,GOOGL
2024-07-24,172.2716763828317,174.84185492699467,170.5052975643539,171.30909729003906,49585200,GOOGL
2024-07-25,171.19994131459546,172.09304877138803,165.9107228003057,166.00003051757812,44852000,GOOGL
2024-07-26,165.8710141586151,166.80382399385917,162.8046615111257,165.72216796875,41336900,GOOGL
2024-07-29,167.5381777702437,169.12592608314606,166.70460877031735,168.23281860351562,20293800,GOOGL
2024-07-30,168.9373789518768,169.91979407162952,167.15114899500833,168.9869842529297,18959700,GOOGL
2024-07-31,171.91443658888358,172.91670298864665,168.7091404604878,170.22743225097656,25729100,GOOGL
2024-08-01,168.94730744825696,172.718234225876,167.58779504728142,169.45339965820312,24531400,GOOGL
2024-08-02,165.1664630337912,167.22061625981866,163.41000220136607,165.38478088378906,29130100,GOOGL
2024-08-05,154.3101575722687,163.17182044634595,153.74451178437454,158.03146362304688,53630700,GOOGL
2024-08-06,158.11087775486118,159.3413952637539,155.2132221455675,157.07882690429688,49004600,GOOGL
2024-08-07,160.01618414211123,161.73294268414506,157.25745672144262,157.72386169433594,25138600,GOOGL
2024-08-08,159.28181801513983,162.4374934400702,158.9841256428161,160.79019165039062,25578800,GOOGL
2024-08-09,158.78564981676743,162.53672526881738,157.84292193770273,162.4176483154297,28602300,GOOGL
2024-08-12,163.09243732479868,163.63821673656008,160.60163358167628,161.04818725585938,15895300,GOOGL
2024-08-13,162.15963892338314,163.46953080218395,161.72300324977175,162.90390014648438,18551700,GOOGL
2024-08-14,161.15734902797854,161.9710818575429,156.5032484754406,159.14288330078125,40591100,GOOGL
2024-08-15,159.27189898700752,160.40317542086007,158.38870962322818,160.06578063964844,31524300,GOOGL
2024-08-16,160.23448454041534,163.79701137732062,159.8970897454957,161.7130889892578,24208600,GOOGL
2024-08-19,164.01533548402497,165.4145503036196,163.0031359185699,165.3946990966797,22416200,GOOGL
2024-08-20,165.62294626435101,167.34963797695062,165.54357171525163,165.9008026123047,18341500,GOOGL
2024-08-21,163.8863376356894,165.57334208523812,163.41001462767,164.58099365234375,22902000,GOOGL
2024-08-22,165.98019374033774,166.30767054084,162.06042045159603,162.5466766357422,22493300,GOOGL
2024-08-23,163.45964509800748,164.90846541930796,162.57645554427228,164.35275268554688,13955700,GOOGL
2024-08-26,165.106913416324,166.26795909914733,163.20160651563705,164.8885955810547,14190400,GOOGL
2024-08-27,164.5710342489987,165.16644927065664,163.20160392643822,163.41990661621094,11821900,GOOGL
2024-08-28,163.77715768210635,164.33288545251102,160.2940205808296,161.6039276123047,16407400,GOOGL
2024-08-29,163.05275436266322,164.70005625165825,159.02382249929119,160.5421142578125,19699800,GOOGL
2024-08-30,161.37568835446018,162.40773914692483,160.45281163127092,162.1298828125,22123800,GOOGL
2024-09-03,160.48255309061489,160.61156320284906,155.28264303988357,156.15591430664062,38945300,GOOGL
2024-09-04,155.4612837104589,157.78337502963737,154.76664294942685,155.2528839111328,19353800,GOOGL
2024-09-05,155.1040401638185,158.2299312085826,154.78648144405375,156.03684997558594,18688700,GOOGL
2024-09-06,156.09638450541732,156.62232787245784,149.39803374273566,149.76519775390625,37912100,GOOGL
2024-09-09,151.54387525137955,152.4282366790671,146.28739297802653,147.76795959472656,39260500,GOOGL
2024-09-10,149.4969310708747,150.31174383865772,147.40029682558622,147.71827697753906,31118800,GOOGL
2024-09-11,148.97024262197922,150.5402350111877,146.58545288467116,150.202392578125,29607700,GOOGL
2024-09-12,152.82570635319718,153.83924907315188,151.682982309114,153.71006774902344,29621500,GOOGL
2024-09-13,154.44535510677574,157.37667920350046,154.2267627397466,156.46250915527344,29591200,GOOGL
2024-09-16,156.313451749423,157.2474993531957,155.60795803142506,157.05870056152344,18379800,GOOGL
2024-09-17,158.0126274199818,159.53293380012653,157.3766823666018,158.31072998046875,20715600,GOOGL
2024-09-18,158.84732423336595,159.483269373917,157.5953115022546,158.79763793945312,23677300,GOOGL
2024-09-19,162.67291544318158,162.7523953061902,160.31791891468873,161.11285400390625,26587700,GOOGL
2024-09-20,162.46425419413836,162.69279293629415,161.03337393309369,162.55368041992188,40896400,GOOGL
2024-09-23,163.3088698512438,164.4416474906759,160.64583942390462,160.82470703125,24150900,GOOGL
2024-09-24,161.9972041569506,162.18600293337994,159.67203168983335,161.2618865966797,23332100,GOOGL
2024-09-25,160.44711769027916,161.77862539142924,160.27819642927898,160.4669952392578,18869200,GOOGL
2024-09-26,162.60335078741144,163.0405658423745,161.25196569121914,161.69911193847656,20319300,GOOGL
2024-09-27,161.7786145898017,164.65030615932238,161.59976214731748,162.91139221191406,21101300,GOOGL
2024-09-30,162.2853907035285,165.09744958161895,162.22575806160205,164.7993621826172,20413900,GOOGL
2024-10-01,166.62770671794624,168.08839566011457,163.53740758234116,165.93214416503906,28338100,GOOGL
2024-10-02,165.3657763102453,166.45881419785064,163.6864795384376,164.809326171875,17760200,GOOGL
2024-10-03,163.36851452885276,165.58438388776636,162.88161307671416,164.809326171875,15073100,GOOGL
2024-10-04,166.99535885279488,167.16428010496523,164.4317010051406,166.00169372558594,19047400,GOOGL
2024-10-07,166.65750280293437,167.41268277986842,161.7189863091265,161.94752502441406,22463100,GOOGL
2024-10-08,162.90145376713176,163.68644249996592,161.83822486594266,163.3386688232422,23072700,GOOGL
2024-10-09,162.4145490312399,163.7957428412033,158.72806019467495,160.83462524414062,31181800,GOOGL
2024-10-10,159.8509116423071,162.03698715416354,159.38388779769477,161.05325317382812,14144100,GOOGL
2024-10-11,161.10293319324816,162.86170956550862,160.21857182956228,162.20590209960938,15344300,GOOGL
2024-10-14,162.6033481425783,165.1769369826469,162.36486307226147,163.9149932861328,19016100,GOOGL
2024-10-15,164.73974614754195,166.61777276120088,163.5871060435806,164.41184997558594,20247200,GOOGL
2024-10-16,163.48772512033995,164.74968410008972,162.70273632699872,164.11373901367188,16406000,GOOGL
2024-10-17,164.68012315374543,165.3160682513299,161.7289364078274,161.89785766601562,21453400,GOOGL
2024-10-18,162.1562116364337,163.66658684818702,162.0469078679096,162.38475036621094,19757700,GOOGL
2024-10-21,161.91770927556843,163.45789306330104,161.58979800498344,163.03062438964844,20946500,GOOGL
2024-10-22,161.94755157914383,164.719886004102,161.94755157914383,164.0938720703125,16568100,GOOGL
2024-10-23,163.71626254064074,164.76956032222017,160.90418838301372,161.74880981445312,18280500,GOOGL
2024-10-24,161.79849749810091,162.29533007096418,159.9900196550578,161.68919372558594,22412500,GOOGL
2024-10-25,162.63318258273335,164.5410179603954,162.38476628102538,164.22305297851562,19828900,GOOGL
2024-10-28,167.68098784367282,167.68098784367282,162.91139226813863,165.66384887695312,32138600,GOOGL
2024-10-29,166.66744336321563,169.30066498158368,166.03149830422933,168.60508728027344,42169000,GOOGL
2024-10-30,179.53541113405987,180.86693395167478,172.95735272555387,173.35482788085938,68890800,GOOGL
2024-10-31,172.03325462883092,175.69988150851668,169.91674297844676,170.0260467529297,44769000,GOOGL
2024-11-01,168.9926071986616,171.22835336095886,167.81014346910678,170.20486450195312,31796500,GOOGL
2024-11-04,168.85352398218356,169.6484591926119,166.94568857443238,168.16790771484375,21492700,GOOGL
2024-11-05,168.3566697123956,169.44970738138483,167.77041094544956,168.6647186279297,18242100,GOOGL
2024-11-06,172.69899134986846,175.81909904785277,172.40088879790804,175.39181518554688,33695500,GOOGL
2024-11-07,176.28614242154367,179.93289179611503,176.067534869967,179.60498046875,25352900,GOOGL
2024-11-08,179.50560202546419,179.7540183112244,176.95189049215537,177.22018432617188,22006200,GOOGL
2024-11-11,177.44872793439595,179.40624953288767,177.33942415917616,179.20751953125,17450400,GOOGL
2024-11-12,178.68086684117154,181.33395085774214,178.25358296080182,180.46945190429688,25134900,GOOGL
2024-11-13,179.31681892204128,179.8136514950511,177.4089684990119,177.746826171875,23184000,GOOGL
2024-11-14,177.15060502189382,177.68719264307913,173.21569988978717,174.46771240234375,31007500,GOOGL
2024-11-15,172.62944344024277,173.03684979342893,170.135349355116,171.39730834960938,32504600,GOOGL
2024-11-18,172.3213885251699,174.32859614097288,171.80467846165004,174.18948364257812,20135300,GOOGL
2024-11-19,172.61950254558704,177.73687175049812,172.46051249052883,176.9916229248047,23434900,GOOGL
2024-11-20,176.21655843045156,176.5544009125721,172.67911323618793,174.86517333984375,18997100,GOOGL
2024-11-21,172.79835394534456,173.0269078339117,162.6629730093742,166.56808471679688,59734400,GOOGL
2024-11-22,164.7993539822004,165.4054902668861,162.8616950123504,163.71624755859375,38604600,GOOGL
2024-11-25,165.0378364955745,167.56175439657423,164.56088148234778,166.58795166015625,33135300,GOOGL
2024-11-26,166.56810877676074,168.74423807495256,166.51842248241155,168.0486602783203,20486700,GOOGL
2024-11-27,167.9294049937709,168.40636000516253,166.95561742322607,168.15794372558594,19266500,GOOGL
2024-11-29,167.43256870496816,168.35666996658753,166.10106111500806,167.8797149658203,14257200,GOOGL
2024-12-02,167.7008703464783,170.98989954223964,167.50214035040204,170.4036407470703,23789100,GOOGL
2024-12-03,170.40362122950918,171.58606987747282,169.7676762176285,170.2545623779297,22248700,GOOGL
2024-12-04,170.0657630063179,173.8019532050098,169.9763367929556,173.26536560058594,31615100,GOOGL
2024-12-05,174.24912670582898,174.94468929994056,171.23832242107443,171.54635620117188,21356200,GOOGL
2024-12-06,170.9402105427862,173.97089221181594,170.77128929069295,173.60324096679688,21462400,GOOGL
2024-12-09,173.05609352730906,175.3441303590525,172.7476915668061,174.45875549316406,25389600,GOOGL
2024-12-10,181.89990276575224,185.39165905883286,180.10925267461994,184.2078399658203,54813000,GOOGL
2024-12-11,184.34712093414166,194.59360484337623,183.88951960925283,194.3846893310547,67894100,GOOGL
2024-12-12,193.9867519757691,194.16580938373951,190.71385396756912,190.96255493164062,34817500,GOOGL
2024-12-13,190.01748306194702,191.7285469445743,188.65460660803555,188.83367919921875,25143500,GOOGL
2024-12-16,191.8678225512729,197.96597529078676,191.6191215772895,195.6381378173828,44934900,GOOGL
2024-12-17,196.2250798486302,200.37341051362353,193.9668706236853,194.4045867919922,43504000,GOOGL
2024-12-18,194.20562099415744,195.97637074387896,186.76449197962535,187.42105102539062,34166100,GOOGL
2024-12-19,190.63427019379503,192.0269895380088,187.40115762090377,187.5304718017578,32265200,GOOGL
2024-12-20,184.8146696474835,191.88772607244653,184.25758188521124,190.41542053222656,63462900,GOOGL
2024-12-23,191.6191173596315,194.0862418964859,189.16195057639908,193.61868286132812,25675000,GOOGL
2024-12-24,193.82759815006608,195.09100341796875,192.7731083908338,195.09100341796875,10403300,GOOGL
2024-12-26,194.1359900072514,195.7276824419866,193.37000187433253,194.5836639404297,12046600,GOOGL
2024-12-27,193.9370152813754,194.3051030426647,189.65935551931798,191.75839233398438,18891400,GOOGL
2024-12-30,188.8137872976618,191.5494980812226,188.13731273783964,190.24630737304688,14264700,GOOGL
2024-12-31,190.08714080992223,190.96257314438756,187.53048736926948,188.31639099121094,17466900,GOOGL
2025-01-02,189.65935593229025,191.00234725825092,186.52572974438567,188.44569396972656,20370800,GOOGL
2025-01-03,190.37561071207793,192.20606135937345,188.99283394745663,190.79342651367188,18596200,GOOGL
2025-01-06,192.97204809761033,197.19002191956164,192.84273391814992,195.84703063964844,29563600,GOOGL
2025-01-07,196.08579004713673,199.95557646710608,193.58883781557628,194.47421264648438,26487200,GOOGL
2025-01-08,191.5693958945213,195.27005246800397,191.3803807232366,192.9422149658203,24864800,GOOGL
2025-01-10,193.29041142782185,195.49887742154428,189.32113818407666,191.04214477539062,26665200,GOOGL
2025-01-13,189.08238366148746,190.1866014129224,186.38645842630518,190.01748657226562,21823700,GOOGL
2025-01-14,190.2462913969121,190.98243652196967,187.33150825894856,188.67449951171875,17174900,GOOGL
2025-01-15,192.0866958313472,195.33970907887064,190.86309119272985,194.53392028808594,21776000,GOOGL
2025-01-16,193.13124318936406,194.4642768734046,191.8081520804567,191.9076385498047,17815400,GOOGL
2025-01-17,195.508827543568,196.20518730281572,192.74327365719543,194.98158264160156,27735100,GOOGL
2025-01-21,198.03562405056638,201.23887871445535,196.84184720049228,197.0209197998047,29971300,GOOGL
2025-01-22,198.02565047854944,199.43827011349632,196.50360181373688,197.3392333984375,26200600,GOOGL
2025-01-23,197.11045095911172,199.25923110054313,194.18572496319172,196.95127868652344,26951400,GOOGL
2025-01-24,197.07067128135972,199.85611023612495,196.97118481318788,199.16970825195312,23877500,GOOGL
2025-01-27,191.41021235620636,195.85698677854776,189.73893399543607,190.81332397460938,41728900,GOOGL
2025-01-28,191.7484490804529,194.4642594397363,189.6891977496922,194.2852020263672,24157900,GOOGL
2025-01-29,194.54386784853932,195.76747251851242,192.4249304706921,194.3946533203125,18218300,GOOGL
2025-01-30,196.97118096512546,200.3535083038363,196.6428938419765,199.82626342773438,24354700,GOOGL
2025-01-31,200.95037662702387,204.41228975627837,200.75141889398662,202.9598846435547,32001100,GOOGL
2025-02-03,199.6471997728737,202.6912973186069,199.06026910715457,200.18438720703125,27838300,GOOGL
2025-02-04,202.33317837712485,205.97416454187623,201.75619025433605,205.30764770507812,43856400,GOOGL
2025-02-05,190.0771871408914,191.74845039513906,187.05297480534406,190.33583068847656,70373900,GOOGL
2025-02-06,188.51533691421105,191.10183309670842,187.73939109536238,190.60443115234375,29297400,GOOGL
2025-02-07,190.05730586169955,190.18662005870158,182.2878891065967,184.37696838378906,49315000,GOOGL
2025-02-10,186.37651565839897,187.22208986080463,184.89425239135454,185.50108337402344,23105600,GOOGL
2025-02-11,184.06853881385865,185.9686176417948,183.32243599258013,184.35704040527344,21239500,GOOGL
2025-02-12,182.26795668372725,184.14813529190087,180.88517998437734,182.6559295654297,22072600,GOOGL
2025-02-13,183.36227049888035,185.3120777313061,182.18839394998832,185.1728057861328,21402500,GOOGL
2025-02-14,184.0984174978102,185.43145115453234,183.36227228593566,184.2675323486328,20448400,GOOGL
2025-02-18,184.63561754552705,184.99374757151398,180.79567372558517,182.81512451171875,29916700,GOOGL
2025-02-19,183.11355043751632,184.496327170372,182.63603366423376,184.30731201171875,19549400,GOOGL
2025-02-20,183.83977159439488,184.34711614040583,181.77057757262898,183.60101318359375,20441500,GOOGL
2025-02-21,184.18793460152546,184.37694976979722,178.14948286814752,178.72647094726562,35199200,GOOGL
2025-02-24,181.04437173412518,182.16848984705686,177.96047349552646,178.318603515625,29854200,GOOGL
2025-02-25,177.11488051844918,177.81125539535978,173.7822965453186,174.5084991455078,41913400,GOOGL
2025-02-26,174.1603418876601,175.16508845335508,170.68847049649932,171.83248901367188,35431300,GOOGL
2025-02-27,173.08594510447406,173.65297546387492,167.06737815788244,167.6244659423828,39991000,GOOGL
2025-02-28,167.80352548017922,169.72350502540073,165.9034614440167,169.3952178955078,48130600,GOOGL
2025-03-03,171.03664581195866,172.46916601222185,165.0678217638651,166.1422119140625,40770500,GOOGL
2025-03-04,165.3762007856933,172.3895559244155,164.9384846542463,170.03187561035156,45388000,GOOGL
2025-03-05,169.63396197807168,172.87701716435777,168.18154163334694,172.1209716796875,30954900,GOOGL
2025-03-06,169.64391728856972,173.9016770030345,169.61407438427003,171.4544677734375,28302000,GOOGL
2025-03-07,170.3701228624436,174.06085227932917,169.38527664457013,172.9566192626953,27385800,GOOGL
2025-03-10,167.57846950382446,167.77767157580016,163.0269878624875,165.19815063476562,43604000,GOOGL
2025-03-11,164.24205105519363,166.0745946593306,160.71638098509786,163.3755645751953,39587400,GOOGL
2025-03-12,165.90529913170525,166.96100335852913,162.86764957538162,166.4331512451172,28372400,GOOGL
2025-03-13,165.36748287025196,165.45712989370372,161.4534078114044,162.10076904296875,31756200,GOOGL
2025-03-14,162.60869285591215,165.8156517325666,161.79200690237369,164.8197021484375,31995900,GOOGL
2025-03-17,164.36158101735924,165.62644141646544,163.0070887907617,163.62457275390625,31184300,GOOGL
2025-03-18,163.01701346080097,163.58471199332098,156.08521317066442,160.0192108154297,42074800,GOOGL
2025-03-19,161.10481855769754,165.19817244671944,160.34790225399752,163.2261962890625,34275600,GOOGL
2025-03-20,160.91559589904986,164.22214090970084,160.30806599087495,162.14060974121094,28138500,GOOGL
2025-03-21,160.55705156299513,163.57477782056455,160.2383403768693,163.32579040527344,36625800,GOOGL
2025-03-24,166.3933245024789,167.63826163368083,164.47113366947016,167.00083923339844,30879100,GOOGL
2025-03-25,168.2955839776117,169.93891017820465,167.63826869436164,169.8691864013672,24174400,GOOGL
2025-03-26,168.31547745607713,168.92300730211159,164.17232359449744,164.3914337158203,28901600,GOOGL
2025-03-27,163.96318944763343,164.74998295425303,161.3438371056606,161.58287048339844,24508300,GOOGL
2025-03-28,159.8399478606563,161.16456257842086,153.00773337780885,153.70489501953125,48669300,GOOGL
2025-03-31,152.489854834344,154.91000524190235,150.04978117819655,154.01365661621094,54603500,GOOGL
2025-04-01,152.99776917438965,157.45963422172338,152.99776917438965,156.43380737304688,30672900,GOOGL
2025-04-02,154.52158638151343,157.7683920561543,154.07341206604673,156.4039306640625,25041700,GOOGL
2025-04-03,150.49796262916686,152.16119683607278,149.78087761580798,150.1095428466797,46883400,GOOGL
2025-04-04,147.41051168463707,150.4581305746649,144.7911742710094,145.01028442382812,62259500,GOOGL
2025-04-07,140.97668877946376,152.23092388429916,139.96081578919706,146.15562438964844,76794100,GOOGL
2025-04-08,150.60750263275938,151.62337549950988,142.45067281990836,144.11390686035156,52200200,GOOGL
2025-04-09,143.83505464618503,158.90377855359424,143.3271257672898,158.0671844482422,70406200,GOOGL
2025-04-10,155.90596893520956,157.08119755588638,149.32274040564454,152.2010498046875,48022000,GOOGL
2025-04-11,152.28070771093053,157.03139218045564,152.2010451058409,156.5035400390625,33636200,GOOGL
2025-04-14,159.3519614550363,161.06499625643693,156.92184161132906,158.4257354736328,30333000,GOOGL
2025-04-15,158.4854650554691,159.0033479067655,154.5813444386225,155.6768798828125,27551500,GOOGL
2025-04-16,152.47988970477897,155.25858239966342,150.89631829246227,152.70895385742188,28187400,GOOGL
2025-04-17,153.66505665607545,154.0534763910807,147.8985151753075,150.54774475097656,33046600,GOOGL
2025-04-21,148.2769899279801,148.346698501599,145.50825109483685,147.07188415527344,26049100,GOOGL
2025-04-22,148.2869392297591,151.5735760354548,147.93835078181212,150.8564910888672,26971800,GOOGL
2025-04-23,154.97972084901838,156.89194229421238,153.1870084950911,154.7207794189453,31128800,GOOGL
2025-04-24,155.51752994672043,158.94359913409957,155.15898746904153,158.63485717773438,45894000,GOOGL
2025-04-25,164.40140465983956,165.4272315126956,160.3877138664607,161.3040008544922,56034000,GOOGL
2025-04-28,161.7720931027873,162.48917806099573,157.9576193461597,159.95947265625,29745800,GOOGL
2025-04-29,159.6706470871033,160.088944095257,156.88198516909392,159.51129150390625,26809000,GOOGL
2025-04-30,157.34011335090173,158.62489684356424,154.7705615625615,158.15679931640625,34981100,GOOGL
2025-05-01,159.80013463025725,161.29405925789504,158.26637869922348,160.64669799804688,30203200,GOOGL
2025-05-02,162.7481471411051,164.3018262703875,161.21437606436152,163.36563110351562,25715000,GOOGL
2025-05-05,162.3397856484502,164.72010459701127,162.06092097475153,163.54489135742188,21341800,GOOGL
2025-05-06,161.51315867988768,164.13251121588542,160.5371322432176,162.56886291503906,21277200,GOOGL
2025-05-07,163.41540177767422,164.33167352764482,147.24117583349363,150.766845703125,127490100,GOOGL
2025-05-08,154.37217520033343,155.2984009569833,152.2806751349548,153.65509033203125,57498700,GOOGL
2025-05-09,153.5455638933439,154.4220044950508,151.58354176260508,152.13131713867188,32435300,GOOGL
2025-05-12,156.85211913184455,158.45559870977985,155.61713606908535,157.8181915283203,44138800,GOOGL
2025-05-13,158.14684186881533,159.9196462677562,155.52750456311006,158.88385009765625,42382100,GOOGL
2025-05-14,159.31210428165852,166.3235827604559,158.96351584378579,164.70018005371094,48755900,GOOGL
2025-05-15,165.1682887318073,165.53680044166376,161.71234217984835,163.29591369628906,33146700,GOOGL
2025-05-16,167.05061660833445,168.66406524073284,164.94916241420358,165.51686096191406,42846900,GOOGL
2025-05-19,163.8436563518303,165.9650337738735,163.5548376666196,165.8654327392578,30426100,GOOGL
2025-05-20,165.75590012466307,167.817523283891,162.24019892385144,163.31582641601562,46607700,GOOGL
2025-05-21,163.02700354080346,172.43872486137178,162.89752522096424,167.8772735595703,73416000,GOOGL
2025-05-22,171.15394376538748,176.05401394301808,170.0185618363875,170.1779022216797,74864400,GOOGL
2025-05-23,168.3752347830085,169.2715985296926,167.2099755896054,167.78762817382812,35211400,GOOGL
2025-05-27,169.47079940418584,172.46860243837372,169.3114438097941,172.19969177246094,37995700,GOOGL
2025-05-28,172.45864324425892,174.56009759174123,171.21370619473115,171.66188049316406,34784000,GOOGL
2025-05-29,173.29524158580244,173.71353862116436,169.93889608019336,171.16390991210938,29317300,GOOGL
2025-05-30,170.65599853398413,171.51251594088006,166.7618313004814,171.04441833496094,52639900,GOOGL
2025-06-02,167.1601697701311,169.1819461523069,166.71199550949316,168.34535217285156,38612300,GOOGL
2025-06-03,166.81161909114326,167.79759955842107,164.61056358901342,165.5069122314453,45084900,GOOGL
2025-06-04,166.0646474005772,167.5386486033552,165.68618167672102,167.3693389892578,26900800,GOOGL
2025-06-05,169.6500488073603,170.23765541573877,166.9111874462575,167.5286865234375,36379100,GOOGL
2025-06-06,170.13806952300837,173.79320267833577,170.13806952300837,172.9765167236328,35731800,GOOGL
2025-06-09,174.04348698482235,175.96800471005412,173.87397240224888,175.58908081054688,28935900,GOOGL
2025-06-10,175.6987675223273,180.5948038838724,174.41244383100403,178.09194946289062,61766100,GOOGL
2025-06-11,179.25860337876443,179.85688739895457,176.24719026638135,176.84548950195312,31646800,GOOGL
2025-06-12,175.6788256293735,176.2172980493167,174.25290075490625,175.2001953125,20941900,GOOGL
2025-06-13,171.949458947436,176.62611964590695,171.89959814035095,174.17311096191406,27663100,GOOGL
2025-06-16,174.23294549738824,176.43666545813562,174.15317124562452,176.26715087890625,27389200,GOOGL
2025-06-17,175.20017407855667,176.85545544238207,174.0833650694126,175.449462890625,24973000,GOOGL
2025-06-18,175.50931582595604,176.0577543370001,172.70731159680278,172.8269805908203,28707500,GOOGL
2025-06-20,173.45518907949074,173.84407909995153,164.98934896898635,166.16598510742188,75659900,GOOGL
2025-06-23,165.79702236468145,166.86397066469698,161.53916480969883,164.7200927734375,57671000,GOOGL
2025-06-24,166.44516047022438,167.7414654003419,165.65741447979076,166.29559326171875,40524300,GOOGL
2025-06-25,167.15316152434053,171.86970222006798,167.07338726794845,170.19447326660156,35479000,GOOGL
2025-06-26,171.93948268163984,173.19590810922037,169.45657569929264,173.04632568359375,31796700,GOOGL
2025-06-27,173.04631507807895,178.17169244521818,171.24146651329573,178.02212524414062,108140200,GOOGL
2025-06-30,180.26574336762212,180.7144602330707,174.08338322657394,175.7286834716797,63378900,GOOGL
2025-07-01,175.24009156508697,175.58908681807281,173.0363714854685,175.3397979736328,35904500,GOOGL
2025-07-02,175.04063318866915,178.35119606008848,174.5719841997796,178.13182067871094,29128900,GOOGL
2025-07-03,177.99221838299502,179.15888824066795,176.5463462627362,179.019287109375,21689700,GOOGL
2025-07-07,178.550625649566,178.78994839919216,175.1802358653973,176.28707885742188,34175600,GOOGL
2025-07-08,177.34407588154812,177.44378228214464,172.31840465770773,173.86399841308594,40442500,GOOGL
2025-07-09,174.75148618121452,178.92956979741228,172.27854501653255,176.11758422851562,43025600,GOOGL
2025-07-10,175.1303863111691,177.92240891673904,173.8839422139032,177.11471557617188,29252400,GOOGL
2025-07-11,176.2870917998284,180.91389212460822,175.97797606848104,179.67742919921875,34282900,GOOGL
2025-07-14,180.49507959550706,183.14751640721383,179.16886118965368,181.04351806640625,32536600,GOOGL
2025-07-15,182.2899779932072,183.69597077242528,181.08342846821492,181.48228454589844,33448300,GOOGL
2025-07-16,182.71874486155866,183.80564050002502,181.51218023918355,182.4495086669922,33104200,GOOGL
2025-07-17,181.62187886390834,183.53641535247564,179.96659729454643,183.0577850341797,31992600,GOOGL
2025-07-18,184.87259850820493,185.88970124039062,183.1874187229756,184.5335693359375,34014500,GOOGL
2025-07-21,185.720180506412,189.74868135121883,185.62045888710102,189.55923461914062,45803100,GOOGL
2025-07-22,190.9552485801447,191.10481579575136,186.9267476808465,190.7957000732422,44660200,GOOGL
2025-07-23,190.95524958744798,191.9823183810532,188.64184187130752,189.68885803222656,58681900,GOOGL
2025-07-24,196.46952792005337,197.3869090653604,190.45668205461735,191.62335205078125,74881700,GOOGL
2025-07-25,191.43387927305906,193.77720042486192,190.71592620592727,192.63046264648438,39785900,GOOGL
2025-07-28,193.0991291078416,193.49800038051387,190.29712498462092,192.0321807861328,38139500,GOOGL
2025-07-29,191.88258292419434,195.36266032343974,191.53358770597436,195.19314575195312,41389200,GOOGL
2025-07-30,195.04360005779435,197.0379108346005,194.13618500265545,195.970947265625,32445400,GOOGL
2025-07-31,195.15328548422434,195.43248777249184,190.54641729704366,191.35411071777344,51329200,GOOGL
2025-08-01,188.49228886934085,190.28717167835873,187.2857393250735,188.59201049804688,34832200,GOOGL
2025-08-04,189.7486806495505,194.71452513752175,189.579166069655,194.48516845703125,31547400,GOOGL
2025-08-05,194.1561209300893,197.2971541323202,193.33844625639603,194.11622619628906,31602300,GOOGL
2025-08-06,193.94672263242092,196.0706684741306,193.11908183595835,195.53219604492188,21562900,GOOGL
2025-08-07,196.49942519635405,196.9780554903085,193.77719542929833,195.96096801757812,26321800,GOOGL
2025-08-08,196.65898117376335,202.03364795164893,196.60912036272285,200.84703063964844,39161800,GOOGL
2025-08-11,200.36839577051538,200.90685295750995,198.50372015999918,200.42822265625,25832400,GOOGL
2025-08-12,200.7971688962253,203.9182700251912,200.01938893683175,202.76156616210938,30397900,GOOGL
2025-08-13,203.5493232968563,203.94817934449617,196.94814463612107,201.385498046875,28342900,GOOGL
2025-08-14,200.9268104830451,203.85844975532365,200.65757426824428,202.3627166748047,25230400,GOOGL
2025-08-15,203.2701312097242,205.85276000380134,200.7074345682602,203.31997680664062,34931400,GOOGL
2025-08-18,203.61911775674488,204.68608127587706,201.91399064284568,202.92111206054688,18526600,GOOGL
2025-08-19,202.45245084896237,202.86128819689205,199.39119181596234,200.99661254882812,24240200,GOOGL
2025-08-20,200.15899878777563,200.70743729977306,196.04075734034146,198.75302124023438,28955500,GOOGL
2025-08-21,199.1817626953125,201.90399228811302,198.86266570951375,199.1817626953125,19774600,GOOGL
2025-08-22,202.15329588435108,207.9467659198768,200.7273710651735,205.5037384033203,42827000,GOOGL
2025-08-25,205.84277405344866,209.92115104730735,204.69605147341804,207.8969268798828,29928900,GOOGL
2025-08-26,206.91970861500775,207.25875300984708,205.11485980130033,206.55076599121094,28464100,GOOGL
2025-08-27,205.11485047791405,208.31572581537765,205.0649896678173,206.88978576660156,23022900,GOOGL
2025-08-28,206.66045236066026,211.6163158130296,206.31144189175058,211.0379638671875,32339300,GOOGL
2025-08-29,209.91116980825524,214.03939239893296,209.60205408045064,212.30435180664062,39728400,GOOGL
2025-09-02,207.84705371453168,211.07782715720617,205.61342035910417,210.748779296875,47523000,GOOGL
2025-09-03,225.5665071716633,230.6519900738744,224.1505332557257,230.00384521484375,103336100,GOOGL
2025-09-04,228.99673495380736,231.70899889966293,225.46681147970435,231.6392059326172,51684200,GOOGL
2025-09-05,231.53945928914177,235.08932974831836,231.24030965390477,234.3314971923828,46588900,GOOGL
2025-09-08,235.01017746372742,237.66498669397225,233.21368944217105,233.5829620361328,32474700,GOOGL
2025-09-09,233.71271899928072,240.00041962038168,232.77455216251747,239.1620635986328,38061000,GOOGL
2025-09-10,238.4334648921733,241.1880848518513,237.38552753776509,238.70294189453125,35141100,GOOGL
2025-09-11,239.41157085914617,241.77693788592924,235.78865459463688,239.90060424804688,30599300,GOOGL
2025-09-12,239.90058949520323,241.6072568290254,237.53522261387997,240.3297576904297,26771600,GOOGL
2025-09-15,244.18222746714693,251.91709313601174,244.18222746714693,251.11865234375,58383800,GOOGL
2025-09-16,251.58774200911427,252.54585880051692,248.98283818718852,250.66954040527344,34109700,GOOGL
2025-09-17,250.7294115061419,251.10867430438276,245.7990560449756,249.04270935058594,34108000,GOOGL
2025-09-18,251.18851917528045,253.49402106561863,249.31220074129322,251.537841796875,31239500,GOOGL
2025-09-19,252.7554645478164,255.5000944688687,251.31827407979023,254.22259521484375,55571400,GOOGL
2025-09-22,253.9331335021276,255.28050326976958,249.8112090563098,252.03684997558594,32290500,GOOGL
2025-09-23,252.54585863312587,253.8632882566711,249.9908602190898,251.16856384277344,26628000,GOOGL
2025-09-24,251.1685566625181,251.8572116525034,245.95874917105462,246.65737915039062,28201000,GOOGL
2025-09-25,243.92272782855147,246.0086580355356,240.26988667693965,245.3100128173828,31020400,GOOGL
2025-09-26,246.58752699597628,248.93292875938775,245.4896689933639,246.0585479736328,18503200,GOOGL
2025-09-29,247.3659922504587,250.65953566268354,242.295910900337,243.5734100341797,32505800,GOOGL
2025-09-30,242.33584768941728,242.8149061000678,238.78280195485732,242.6252899169922,34724300,GOOGL
2025-10-01,240.2798631456683,245.81902814560354,238.1440427490887,244.4217529296875,31658200,GOOGL
2025-10-02,244.6712510924991,246.32801300536266,241.82682587144092,245.210205078125,25483300,GOOGL
2025-10-03,244.0125741538274,245.8190372139174,241.18809864914257,244.8708953857422,30249600,GOOGL
2025-10-06,244.30198799944458,250.82922509816828,244.10238160883648,249.94094848632812,28894700,GOOGL
2025-10-07,247.78518329877946,249.95094390133718,245.04055349112926,245.2800750732422,23181300,GOOGL
2025-10-08,244.4816510919942,245.52958847857047,243.3438778825467,244.14230346679688,21307100,GOOGL
2025-10-09,243.99259549865826,244.28202248032238,238.68297718710045,241.05833435058594,27892100,GOOGL
2025-10-10,240.95854254659665,243.6133519117745,235.37946202105573,236.10804748535156,33180300,GOOGL
2025-10-13,239.74092459803205,244.02254038501275,239.2419009980627,243.6732177734375,24995000,GOOGL
2025-10-14,240.75891236992726,246.63740953871613,240.0403171957297,244.97067260742188,22111600,GOOGL
2025-10-15,246.76716258187247,251.61767243328853,245.5096286311317,250.53977966308594,27007700,GOOGL
2025-10-16,251.27834055068328,256.4581925767255,249.61160360230107,250.9689483642578,27997200,GOOGL
2025-10-17,250.27029536389298,253.72354516932393,247.32605934645667,252.8053436279297,29671600,GOOGL
2025-10-20,254.19265795496185,256.82748687148535,253.73354951664797,256.04901123046875,22350200,GOOGL
2025-10-21,254.24254216862593,254.38226816359625,243.6732110393333,249.9709014892578,47312100,GOOGL
2025-10-22,253.87326076642051,255.85936494298178,248.8031791754094,251.19850158691406,35029400,GOOGL
2025-10-23,252.4859893541776,254.54196425508994,251.35820631599307,252.58580017089844,19901400,GOOGL
2025-10-24,256.07894057309267,261.16898745224296,254.82142179583195,259.4124450683594,28655100,GOOGL
2025-10-27,264.3028491565017,269.61246721569535,263.76389517627246,268.744140625,35235200,GOOGL
2025-10-28,269.1633589320839,270.20133657580493,265.9795858431389,266.94769287109375,29738600,GOOGL
2025-10-29,267.2271543584551,274.802329420885,267.14732397902117,274.0338439941406,43580300,GOOGL
2025-10-30,291.02060225143094,291.02060225143094,279.51311834988803,280.93035888671875,74876000,GOOGL
2025-10-31,282.65691333682474,285.44147330040244,276.48898951038876,280.640869140625,39267900,GOOGL
2025-11-03,281.62895336390585,284.97241759660864,279.25359613963377,283.16595458984375,29786000,GOOGL
2025-11-04,276.20955057551157,280.7207127582489,275.72051721535576,276.9980163574219,30078400,GOOGL
2025-11-05,278.32538223121895,285.8606559032848,276.7983714286328,283.7547607421875,31010300,GOOGL
2025-11-06,284.77279318145315,287.78691520805194,280.59100344938025,284.1939392089844,37173600,GOOGL
2025-11-07,282.6569436244069,283.225837847663,274.65261591386644,278.2854919433594,34479600,GOOGL
2025-11-10,283.8645774088431,290.2320924976737,282.30759586857965,289.5334777832031,29557300,GOOGL
2025-11-11,287.1881040319325,291.3499745796257,286.7589510126267,290.74114990234375,19842100,GOOGL
2025-11-12,291.11038092678234,291.43975353768866,283.1359940674285,286.15008544921875,24829900,GOOGL
2025-11-13,281.7886277548892,282.2876513282579,276.6985812149319,278.0260009765625,29494000,GOOGL
2025-11-14,270.88000309409097,278.0160347166159,270.17139808707816,275.8702392578125,31647200,GOOGL
2025-11-17,285.22190446328057,293.3759628274161,283.01622885841863,284.46337890625,52670200,GOOGL
2025-11-18,287.3577599014325,288.236015842567,277.65674001133203,283.724853515625,49158700,GOOGL
2025-11-19,286.5992292728396,303.21670857801746,286.07026549054086,292.2381896972656,68198900,GOOGL
2025-11-20,303.94529376978943,305.8216273232207,288.1062900504894,288.884765625,62025200,GOOGL
2025-11-21,295.8411659039572,303.3265199413647,293.27617727722287,299.0748291015625,74137700,GOOGL
2025-11-24,310.52242205466104,318.85612204740676,308.9954110970811,317.9578552246094,85165100,GOOGL
2025-11-25,325.5729598317621,328.187838552192,317.0296784660599,322.8083801269531,88632100,GOOGL
2025-11-26,320.053780820363,323.86632857763385,316.1713929045335,319.3252258300781,51373400,GOOGL
2025-11-28,322.73855239479167,326.2117679837596,316.1714145243143,319.5547790527344,26018600,GOOGL
2025-12-01,317.0796263275952,319.2254218425781,313.27706870792247,314.2751159667969,41183000,GOOGL
2025-12-02,316.1214443613123,317.75825630619534,313.29698432996054,315.1932678222656,35854700,GOOGL
2025-12-03,315.2731119453438,320.95197190330543,313.48659911430565,319.00579833984375,41838300,GOOGL
2025-12-04,321.6007694211511,321.73048997615604,314.0854750084747,316.999755859375,31240900,GOOGL
2025-12-05,318.8660555204289,322.528901747787,318.5467035992101,320.642578125,28851700,GOOGL
2025-12-08,319.63395301128804,320.0234606774875,310.81544458829893,313.31219482421875,33909400,GOOGL
2025-12-09,311.96391713296777,317.57660631064704,311.4945269093235,316.66778564453125,30194000,GOOGL
2025-12-10,315.4194206321133,320.8923078304596,314.27092168020465,319.7937316894531,33428900,GOOGL
2025-12-11,319.6638831462354,320.7025396818571,308.19882663213485,312.0238342285156,42353700,GOOGL
2025-12-12,313.29221022339095,314.46067218572114,305.1627773855729,308.887939453125,35940200,GOOGL
2025-12-15,310.9152814169449,311.01515750934647,304.4836511834585,307.8193054199219,29151900,GOOGL
2025-12-16,304.55358908476643,310.3660001485481,302.1966411442108,306.1714782714844,30585000,GOOGL
2025-12-17,307.60959033164653,307.6894729197007,295.7350329501308,296.3342590332031,43930400,GOOGL
2025-12-18,301.32777470817274,303.56485302569047,298.8410213827925,302.0668029785156,33518000,GOOGL
2025-12-19,301.33777770154796,306.85059101726483,300.5787559089981,306.7607116699219,59943200,GOOGL
2025-12-22,309.47716491524386,309.7268399185022,304.90310178792384,309.3772888183594,26429900,GOOGL
2025-12-23,309.2274800840275,314.5305745464577,308.91788552805923,313.94134521484375,25478700,GOOGL
2025-12-24,314.3608103937755,314.67040497756983,311.51453957359615,313.68170166015625,10097400,GOOGL
2025-12-26,314.0711877312235,314.6803801033015,311.87403553475036,313.1024475097656,10899000,GOOGL
2025-12-29,310.96521879647884,313.61176774066803,310.2161937852231,313.1523742675781,19621800,GOOGL
2025-12-30,312.09376543928346,316.5379928503015,312.0538089034933,313.4420166015625,17380900,GOOGL
2025-12-31,312.4433102220648,314.17104176667254,311.03513952358344,312.5931091308594,16377700,GOOGL
2026-01-02,316.4880510777925,322.0807776535599,309.92658419973367,314.7403259277344,32009400,GOOGL
2026-01-05,317.24707928114736,318.60529679570504,314.2210191795431,316.1285400390625,30195600,GOOGL
2026-01-06,315.9886856047422,320.5227923064431,311.3746963103618,313.9313659667969,31212100,GOOGL
2026-01-07,313.95131240372154,325.725993751253,313.7815504740342,321.5614318847656,35104400,GOOGL
2026-01-08,328.54234711069296,329.8905982345552,321.08205673508803,325.0169372558594,31896100,GOOGL
2026-01-09,326.6647962522232,330.3999246926398,325.37646465172014,328.14288330078125,26214200,GOOGL
2026-01-12,325.37643895257156,333.6057474535575,324.57749116547984,331.4285583496094,33923900,GOOGL
2026-01-13,334.5146010595183,340.04737751020235,333.18631289711504,335.53326416015625,33517600,GOOGL
2026-01-14,334.62442706687915,336.08252056576845,330.05039437456895,335.4034118652344,28525600,GOOGL
2026-01-15,337.21104566866205,337.2510022020921,330.3100250775331,332.3473815917969,28442400,GOOGL
2026-01-16,333.97528525413946,334.2149635116852,327.27401649506595,329.5710144042969,40341600,GOOGL
2026-01-20,320.4528849486331,327.30398324237245,320.01345448184367,321.5814208984375,35361000,GOOGL
2026-01-21,320.50283121296127,332.0478012719212,318.9348648307384,327.953125,35386600,GOOGL
2026-01-22,334.0152418739244,334.71431361791133,328.32263943252485,330.1103210449219,26253600,GOOGL
2026-01-23,332.05776231305794,333.2562145369407,327.0243361197249,327.5036926269531,27280000,GOOGL
2026-01-26,327.3838548641184,335.4034148973675,326.5749102768944,332.8267822265625,26042100,GOOGL
2026-01-27,334.93402312381306,337.4707297257924,333.04649592160257,334.1150817871094,21636200,GOOGL
2026-01-28,335.62313448097893,337.1012215187292,331.5084951745387,335.5732116699219,27434400,GOOGL
2026-01-29,339.85759500876696,341.84502871736817,326.115503846963,337.8102722167969,39785600,GOOGL
2026-01-30,339.5580079569619,339.5580079569619,331.8580393103398,337.56060791015625,31024000,GOOGL
2026-02-02,335.78293445124825,344.3817273143538,335.1937050748485,343.24322509765625,32006100,GOOGL
2026-02-03,346.8884575284791,348.5463032010534,337.0312933144156,339.26837158203125,36506700,GOOGL
2026-02-04,342.514142570529,342.86369366519597,328.09291217000737,332.6070556640625,70618400,GOOGL
2026-02-05,311.814107165092,332.25749685616427,306.06158556074746,330.8193664550781,88205800,GOOGL
2026-02-06,326.75466854448496,329.95052083207565,319.50412705068965,322.4402770996094,56380500,GOOGL
2026-02-09,320.5127991892576,327.2740180221729,316.84758707958963,323.8984069824219,39640100,GOOGL
2026-02-10,320.5527401483992,321.25184233940706,314.2009923012897,318.16583251953125,39170000,GOOGL
2026-02-11,318.55535268111106,320.64263210541753,309.25745775560665,310.5557556152344,45406400,GOOGL
2026-02-12,311.68427643298344,315.8288752987113,306.80064932708433,308.5982971191406,47761300,GOOGL
2026-02-13,307.32996759040856,308.2287915112591,303.31517401115394,305.32257080078125,38499700,GOOGL
2026-02-17,299.6499434457439,304.0442171582303,295.86486207725466,301.6273498535156,39247600,GOOGL
2026-02-18,301.6972906518214,304.983022308801,300.8583862777236,302.9356689453125,28482100,GOOGL
2026-02-19,301.42763905495286,305.0728879320441,299.64995428739604,302.456298828125,25834400,GOOGL
2026-02-20,303.9243808328656,316.08853909864735,303.504913437054,314.5705261230469,53210800,GOOGL
2026-02-23,318.6352220336332,319.1046122516075,309.4671633706354,311.0850524902344,31423000,GOOGL
2026-02-24,310.11633870149166,311.8640638461802,305.53230897934316,310.495849609375,25615600,GOOGL
2026-02-25,311.6543207518016,313.2322838254539,309.03773161827513,312.49322509765625,29963600,GOOGL
2026-02-26,312.23361045347764,312.73296049797625,301.95697800388234,306.9804382324219,36431200,GOOGL
2026-02-27,303.7446468483449,311.9639287272481,303.4050620118916,311.354736328125,44640600,GOOGL
2026-03-02,302.83581985466094,308.0889612664211,300.908305641281,306.12152099609375,34790200,GOOGL
2026-03-03,298.2018299939976,303.5448811012492,296.3242691134317,303.1853332519531,35497000,GOOGL
2026-03-04,302.49628364637806,305.07291645770977,300.3590508331652,302.7359619140625,29536200,GOOGL
2026-03-05,302.6460567428228,302.9056980180265,297.6026034525966,300.4888610839844,35752300,GOOGL
2026-03-06,295.7050936872067,300.1393243405422,294.7962729857715,298.1319274902344,25576900,GOOGL
2026-03-09,294.1842573074437,306.6168332730834,293.9044256827884,306.1770935058594,29312100,GOOGL
2026-03-10,305.98724420005084,309.3252467158022,305.3875962722132,306.8567199707031,23239700,GOOGL
2026-03-11,306.56689883882945,311.23412470378855,305.7374076911934,308.5157470703125,24125700,GOOGL
2026-03-12,306.636841807898,308.7555713296518,300.8502897843219,303.3687744140625,24928300,GOOGL
2026-03-13,306.8267356773544,307.50632242162294,300.26065041451466,302.09954833984375,23693100,GOOGL
2026-03-16,304.16832484157635,306.3070315122431,302.8391017033621,305.3775939941406,23519700,GOOGL
2026-03-17,305.67739809365116,311.2341070358109,305.3176276402165,310.7344055175781,21955200,GOOGL
2026-03-18,309.0853604878573,312.28346234614037,306.74676108497374,307.5063171386719,20009800,GOOGL
2026-03-19,303.8285227221892,307.8760927647981,302.16951004441273,306.9466552734375,25075800,GOOGL
2026-03-20,305.2776414809433,305.8173276578073,298.0919312440676,300.8203125,44364100,GOOGL
2026-03-23,301.92965766257777,305.7973733016039,300.75036931754545,301.87969970703125,29326900,GOOGL
2026-03-24,299.02141279307426,299.7409842283802,290.15668188195673,290.2666320800781,36864300,GOOGL
2026-03-25,293.2648285118823,295.82329783701033,289.0673235725591,290.7563171386719,29460700,GOOGL
2026-03-26,287.7381369232671,287.7781215852462,278.33375052565475,280.7523193359375,39080600,GOOGL
2026-03-27,277.1144865271076,279.203235317384,273.7864876697142,274.1762390136719,35890600,GOOGL
2026-03-30,276.2550012483934,276.9245842043685,271.9475460941929,273.33673095703125,35141200,GOOGL
2026-03-31,277.87403020607053,287.9080147834651,276.9245851168754,287.3883361816406,43875400,GOOGL
2026-04-01,290.6663854824321,300.34059988895723,290.23664948178913,297.2124938964844,37684500,GOOGL
2026-04-02,290.5164904801884,297.90206355243157,289.2772403921399,295.59344482421875,21666500,GOOGL
2026-04-06,295.69337737406744,300.4405418912755,295.0037868253031,299.8109130859375,16945500,GOOGL
2026-04-07,302.54929810267237,305.4475608650088,297.5422790326475,305.27764892578125,23205400,GOOGL
2026-04-08,320.25872115869026,321.88772251879675,314.8319393907938,317.1305847167969,33547100,GOOGL
2026-04-09,315.72141928886384,319.3492572184689,310.8743084256086,318.29986572265625,23739200,GOOGL
2026-04-10,319.8289680511782,321.6378852163977,316.1311948927162,317.0506286621094,19152600,GOOGL
2026-04-13,316.9507009019676,321.43801087893695,315.28168437302884,321.1181945800781,18866400,GOOGL
2026-04-14,324.59612530340485,333.09105123243734,323.5567375910905,332.7112731933594,27721400,GOOGL
2026-04-15,332.69130668872015,337.278563176308,330.70247381548376,336.91876220703125,24918800,GOOGL
2026-04-16,338.5477782390461,339.67710854893676,334.3202924195682,335.81939697265625,20541500,GOOGL
2026-04-17,337.4484504303517,342.1156763245155,336.0392884001999,341.4760437011719,25581900,GOOGL
2026-04-20,340.55660000710446,341.1962021124509,336.40905286572576,337.2185974121094,18784200,GOOGL
2026-04-21,337.48841459650436,339.13742351057505,331.1522029907326,332.0916442871094,23123800,GOOGL
2026-04-22,336.818816762841,339.6171637007564,334.96994545488326,339.1174621582031,20293000,GOOGL
2026-04-23,340.9763246437424,341.7558578013153,335.97930940305434,338.6877136230469,18650300,GOOGL
2026-04-24,338.5277988797623,345.06387272769797,335.1897964239415,344.19439697265625,26426100,GOOGL
2026-04-27,345.77347673538645,352.9691603649003,342.5254168368208,350.130859375,28576900,GOOGL
2026-04-28,348.34192077884484,352.20963620070955,345.91337868788094,349.5711975097656,27824100,GOOGL
2026-04-29,347.36252924438134,355.5776236260777,344.0045190996302,349.7311096191406,35376300,GOOGL
2026-04-30,373.8467067603946,385.6096696957082,365.60163158627074,384.5702819824219,72040000,GOOGL
2026-05-01,381.4022037517389,386.52914645154755,378.82372671588394,385.45977783203125,30105200,GOOGL
2026-05-04,385.39979379858875,387.14874909409923,379.56328378663693,383.0212097167969,26298600,GOOGL
2026-05-05,385.99945170269467,392.58551415458055,383.79074899852696,388.1981201171875,23878600,GOOGL
2026-05-06,394.0146525811788,399.61131576273664,392.52555179602564,397.8023986816406,31308500,GOOGL
2026-05-07,399.6812819584635,399.8611671879692,392.4455831227277,397.7524108886719,24433500,GOOGL
2026-05-08,396.7630105926761,401.76002583943523,396.1233780013978,400.56072998046875,21461800,GOOGL
2026-05-11,393.41500861238904,397.2027547509894,388.23810807955056,388.40802001953125,30753700,GOOGL
2026-05-12,387.10877062384725,388.28805889354703,382.541491402114,387.1187744140625,26017500,GOOGL
2026-05-13,385.3698394939953,403.4590416115898,384.77019153718186,402.3796691894531,28144600,GOOGL
2026-05-14,397.04285074569174,402.6894719958145,395.6037078837972,400.8305969238281,21136700,GOOGL
2026-05-15,396.0834349796574,399.30151410906007,392.9452946767326,396.54315185546875,20309700,GOOGL
2026-05-18,395.4538101055549,408.36608091552193,394.29449886421145,396.70306396484375,26837200,GOOGL
2026-05-19,396.72302500471704,396.91291402359946,385.8794958446922,387.4285888671875,39545700,GOOGL
2026-05-20,387.4685872554011,393.62488340369265,382.6714341601505,388.6778564453125,31744400,GOOGL
2026-05-21,385.46976743485186,392.2656959548347,382.7913440893277,387.4285888671875,24852800,GOOGL
2026-05-22,387.1187843592316,388.5079387636157,381.54209816202837,382.74139404296875,20442100,GOOGL
2026-05-26,384.2804712769477,389.0276356997364,382.3716078175452,388.6478576660156,27747400,GOOGL
2026-05-27,386.4391861502527,393.64487351491664,385.66962629134815,388.5978698730469,23087300,GOOGL
2026-05-28,387.76839182151133,391.6360768291116,384.9300907577927,389.8971252441406,24357500,GOOGL
2026-05-29,385.0100143138995,385.0100143138995,378.2340629764561,380.1129455566406,44415800,GOOGL
2026-06-01,376.2952290661171,378.3340198477676,373.2970198869562,376.14532470703125,28672100,GOOGL
2026-06-02,366.371163421305,373.31702687507857,358.2260345973877,361.6340026855469,50412300,GOOGL
2026-06-03,361.81388965190393,366.2312646097652,357.8662353535933,358.77569580078125,55441600,GOOGL
2026-06-04,358.68575901079333,373.0271992966173,357.99616844622375,371.96783447265625,44055500,GOOGL
2026-06-05,366.1213024821565,371.8578661166277,363.90262653478294,368.30999755859375,37471200,GOOGL
2026-06-08,365.17999267578125,366.20001220703125,360.5299987792969,363.30999755859375,27942500,GOOGL
2026-06-09,367.0899963378906,372.0799865722656,357.29998779296875,364.260009765625,29535100,GOOGL
2026-06-10,363.19000244140625,368.55999755859375,355.20001220703125,356.3800048828125,32357100,GOOGL
2026-06-11,355.92999267578125,358.79998779296875,346.3599853515625,357.7699890136719,35538200,GOOGL
2026-06-12,362.6199951171875,366.57000732421875,354.94000244140625,359.67999267578125,24704600,GOOGL
2026-06-15,367.92999267578125,372.989990234375,366.54998779296875,369.3500061035156,27727500,GOOGL
2026-06-16,369.6000061035156,376.0,367.05999755859375,373.25,24876100,GOOGL
2026-06-17,369.1300048828125,372.3299865722656,362.0199890136719,363.7900085449219,24543600,GOOGL
2026-06-18,365.75,369.4800109863281,358.6700134277344,368.0299987792969,44470100,GOOGL
2023-06-22,276.6505570919048,282.77678233751567,275.3718084998464,282.40008544921875,17563100,META
2023-06-23,279.05946272124834,287.1484334816398,276.52174996331246,286.21661376953125,51092000,META
2023-06-26,286.18685639120184,287.26736422711815,275.183476694736,276.0458984375,24232700,META
2023-06-27,279.555073656432,286.8311743118034,278.2068969133884,284.5511779785156,26108300,META
2023-06-28,282.340639228578,287.02944505240964,281.5872453744649,282.8065490722656,16722100,META
2023-06-29,282.0234012362909,284.0753889556589,278.2465700581659,279.0792541503906,15395700,META
2023-06-30,282.2811357109331,286.53376890451335,281.9440990867374,284.4818115234375,19694900,META
2023-07-03,284.2042548786633,286.88073290993367,282.3703532958794,283.5301513671875,8629300,META
2023-07-05,285.14596189605084,295.52482034373986,283.8671830495328,291.8074645996094,33865500,META
2023-07-06,293.3142553701415,295.5248235823149,288.7741078971482,289.44818115234375,47600500,META
2023-07-07,289.6365461155744,293.6215711054286,286.1471988438877,288.00091552734375,25586000,META
2023-07-10,292.9771541725064,295.5347115939885,284.55114871379277,291.539794921875,37058300,META
2023-07-11,291.3415603139649,297.56689097448395,289.35897054625923,295.693359375,27585900,META
2023-07-12,299.12326099178875,306.7562444583795,297.4876303209256,306.6471862792969,36677100,META
2023-07-13,310.88986509411,313.48705258601495,307.58886677660786,310.68170166015625,30281000,META
2023-07-14,309.0758690549912,312.13896690077314,304.68440931960316,306.1812744140625,23054100,META
2023-07-17,304.8628406574557,308.9965234309528,302.05745916188715,307.916015625,25323100,META
2023-07-18,308.17375905316084,311.4648653357093,304.9421280436291,309.33355712890625,20731900,META
2023-07-19,310.3049944741406,315.905803762913,307.81683497029235,313.2590637207031,21763700,META
2023-07-20,310.77096502311366,312.7932151799263,299.5891592620239,299.88653564453125,23836900,META
2023-07-21,301.9187041196789,302.80094087646535,288.665095744608,291.6984558105469,42139300,META
2023-07-24,293.2052158926609,294.93005940617286,285.7903188571034,289.0715026855469,24915700,META
2023-07-25,292.6203191709946,295.7032315280009,289.3192904924628,291.9065856933594,19585600,META
2023-07-26,298.56810446847095,299.1430421825214,289.358966650914,295.9709167480469,47256900,META
2023-07-27,322.2898209017809,322.5178296391777,307.14283473077046,308.9965515136719,64229200,META
2023-07-28,314.12152548725567,323.3604010020382,311.51441512024616,322.64666748046875,39220300,META
2023-07-31,320.87222512758746,322.82507714780235,314.8253206295678,315.8265380859375,25799600,META
2023-08-01,314.7757793342165,321.31833148178566,311.92084528786495,319.9007568359375,22817900,META
2023-08-02,315.2317634870685,315.6183830009451,307.94574026174797,311.5738830566406,20461100,META
2023-08-03,307.23202249512775,313.1996371815222,307.23202249512775,310.4636535644531,15180200,META
2023-08-04,312.21821272193796,315.6381920030264,307.4996698792332,308.0250549316406,17612800,META
2023-08-07,310.50332247597623,314.30989138505396,307.75741615279827,313.8043212890625,16236500,META
2023-08-08,311.66314620132135,315.1227863698251,307.4104821227682,309.9184875488281,15183500,META
2023-08-09,310.1563455945085,310.89981675139177,300.21365919986573,302.5531005859375,19955800,META
2023-08-10,305.2594135528519,309.62110591444275,301.224835261312,303.07855224609375,14358900,META
2023-08-11,299.93611822813244,302.0673963056542,297.74533462225077,299.01422119140625,14046300,META
2023-08-14,298.35992905267074,303.5443816563155,295.65368327400716,303.5245666503906,15641900,META
2023-08-15,303.4750306746695,304.5555384693023,297.4182031951271,299.3215026855469,11623600,META
2023-08-16,297.58676745772937,298.45908163543555,291.718287818725,291.72821044921875,18547700,META
2023-08-17,290.49894440443103,293.47282896172703,282.4694803012663,282.6082458496094,23950100,META
2023-08-18,276.6010658148206,283.2030946981994,271.99154972899885,280.7843322753906,35347900,META
2023-08-21,280.98250976931354,287.97112567547384,279.39643211452176,287.3763427734375,20181500,META
2023-08-22,290.0033274305193,290.35028671568716,284.2538287834448,285.096435546875,12980200,META
2023-08-23,285.98853614980663,294.8110533983258,285.1657748159202,291.6785583496094,18287000,META
2023-08-24,295.9014980911481,296.8531326295478,284.1447562725001,284.2537841796875,18360900,META
2023-08-25,283.6391995492964,285.8795355852113,273.6271155393811,283.0146789550781,23701400,META
2023-08-28,285.4929098624364,288.9128891125971,283.3120491446648,287.7332458496094,14239300,META
2023-08-29,286.0678766841328,296.54587132156684,285.67136476377044,295.3959655761719,20844500,META
2023-08-30,294.58308487968134,295.69333019974454,290.875621808572,292.5310974121094,17717000,META
2023-08-31,293.22499634625575,298.47887705578745,293.0862308021256,293.3142395019531,17229900,META
2023-09-01,296.76394986830445,299.1133139449209,291.90661090057637,293.79998779296875,12842300,META
2023-09-05,294.4344124053595,298.76639670796936,292.9375776161612,297.53717041015625,14956000,META
2023-09-06,299.0835715746785,300.65972681313633,293.08624961534355,296.5657043457031,15418100,META
2023-09-07,295.40588744923144,304.3770944136162,289.6762039967024,296.070068359375,33748700,META
2023-09-08,296.61525335375495,302.59276023279784,294.19649144148667,295.2968444824219,17548000,META
2023-09-11,298.78617236239313,306.3497566042671,298.6572991967648,304.88262939453125,19489300,META
2023-09-12,303.66332641243866,305.9730602651931,297.6164522615025,299.03399658203125,13480400,META
2023-09-13,299.7279106218778,304.5059592872475,298.69698571008445,302.4044189453125,13210900,META
2023-09-14,304.06974981772856,310.14639163307857,302.3746442218173,309.00640869140625,19343100,META
2023-09-15,308.89739058049656,309.2840101140606,296.14935263325515,297.6957702636719,28131100,META
2023-09-18,295.59422852439974,300.9571375613304,295.2076089926441,299.916259765625,14234200,META
2023-09-19,299.84688704196486,303.50476757967397,297.2001163940275,302.4143371582031,15924400,META
2023-09-20,302.3945122667024,305.3783197455341,296.82343949040535,297.0613708496094,19379500,META
2023-09-21,293.1259020127335,297.64620415124955,290.7170325130372,293.1556396484375,21319600,META
2023-09-22,296.69452649941013,302.72161592524503,295.67349404841707,296.4764404296875,25369600,META
2023-09-25,293.0664197919008,298.33019295011604,291.14330539019653,298.2112121582031,18987000,META
2023-09-26,295.0688421646148,297.6858449572033,293.4332116377571,296.3575134277344,19417200,META
2023-09-27,297.83453247540683,298.67710884740836,284.29344198108106,295.1481018066406,36429800,META
2023-09-28,296.33767574089586,303.66332872549503,294.11718502598364,301.31396484375,22167100,META
2023-09-29,304.70418479612954,307.93581535856936,296.75398154770994,297.5965881347656,25373700,META
2023-10-02,300.104578636452,304.5059299768926,299.00425592730016,304.1490783691406,16265600,META
2023-10-03,301.61138822655596,304.0995177904984,297.03161074620874,298.3202819824219,17362300,META
2023-10-04,296.129485622407,304.2283466264966,295.90147694378794,302.9198303222656,16880500,META
2023-10-05,301.97810796847045,303.5443402767157,296.8927613396094,302.13671875,19130000,META
2023-10-06,298.8159662591981,313.5565180214866,298.29058112096453,312.6841735839844,21803900,META
2023-10-09,309.7796795347402,317.541505874317,309.1056062125338,315.5886535644531,22503700,META
2023-10-10,316.34197662328,321.8337580234611,315.3903421312785,319.0382995605469,19038000,META
2023-10-11,320.1981824390359,325.9774185235088,320.13870716386896,324.96630859375,22036300,META
2023-10-12,325.1447341503426,327.662631720703,319.8809605389769,321.3381652832031,20530500,META
2023-10-13,320.713603882826,322.2203610808488,309.65075033810035,311.9505615234375,21341000,META
2023-10-16,315.8661797826119,319.0184898882461,312.77331469106156,318.35430908203125,16536100,META
2023-10-17,315.41016159216974,321.57601625080804,314.53781735721145,321.17950439453125,16387800,META
2023-10-18,318.5922603419994,323.10263972349975,312.8129945346358,314.2107238769531,16851000,META
2023-10-19,317.09540654240755,319.08791890346794,309.0361744423842,310.0869445800781,18709200,META
2023-10-20,311.4053948634876,312.5552703274842,303.80214965849547,305.9631652832031,22312300,META
2023-10-23,306.805709958132,314.5972717870388,304.58521950851423,311.2764587402344,17796800,META
2023-10-24,314.0223812193745,315.5787213935738,307.9259239452391,309.8291931152344,19525500,META
2023-10-25,307.3013731330997,308.1737173552032,296.23852007007827,296.9225158691406,42192500,META
2023-10-26,292.4320101500182,292.4320101500182,276.9678028849212,285.83990478515625,66684100,META
2023-10-27,291.9165589334296,296.70450041423834,290.419693821055,294.14697265625,29596300,META
2023-10-30,296.4863994004334,306.7066477918955,296.4467391323724,300.02532958984375,28435100,META
2023-10-31,300.6696499436243,301.0364242117363,294.2757858177128,298.64739990234375,19434200,META
2023-11-01,299.22239566233213,310.017582259887,299.22239566233213,309.1353454589844,20434600,META
2023-11-02,314.53783684335446,316.0446243432361,305.64592102556026,308.163818359375,21631800,META
2023-11-03,309.82921641467783,312.8031011868626,308.31253639094047,311.86138916015625,16764300,META
2023-11-06,313.22938992076604,315.5589088571514,311.7127098538126,313.0509338378906,12887700,META
2023-11-07,314.2998674651952,318.20557065917086,312.3767534965102,316.0445556640625,14055600,META
2023-11-08,315.3705386153294,318.5327411596939,312.138907923376,316.9962463378906,13609700,META
2023-11-09,316.63941423329265,321.35795714702647,316.0247860148068,317.7595520019531,16103100,META
2023-11-10,317.1548991851157,326.2351642842686,316.67906673273416,325.90802001953125,19096200,META
2023-11-13,323.36037901996815,329.4369907917262,322.8647316151257,326.3243408203125,16908900,META
2023-11-14,331.6277738153951,335.15678091466447,330.42828531533473,333.3823547363281,17179400,META
2023-11-15,334.9882503418072,335.45416011600383,327.14710470691955,329.8136901855469,14531200,META
2023-11-16,326.50277439703774,331.66741200788823,323.53881252614497,331.28082275390625,18932600,META
2023-11-17,327.38502522586845,332.57940021629366,326.4829433416986,332.1234130859375,14494400,META
2023-11-20,331.97476378028864,338.89398282519466,331.2808452491062,337.0105285644531,16960500,META
2023-11-21,335.3847937518308,336.94113402174503,332.9759543798253,334.04656982421875,12027900,META
2023-11-22,336.2571521863876,339.9348782395706,335.6326315263406,338.5173034667969,10702700,META
2023-11-24,337.1691599420157,338.8840808634013,333.83839314189083,335.28570556640625,5467500,META
2023-11-27,333.25350452760324,336.9411226805428,331.2907600321463,331.7864074707031,15684500,META
2023-11-28,330.4976973935413,336.42565149537353,330.4976973935413,336.0390319824219,12637200,META
2023-11-29,336.7329865734287,336.94115004399055,327.90054487082136,329.3081970214844,16024500,META
2023-11-30,329.00085151227404,330.59682164758357,319.593443122573,324.3020935058594,23146400,META
2023-12-01,322.64668993525703,324.01465154921027,317.96777657976315,321.992431640625,15276400,META
2023-12-04,314.5279155884596,318.06681480826546,310.92951085266947,317.234130859375,19037100,META
2023-12-05,316.2032218970757,319.0779707276208,312.64447724367363,315.51922607421875,16952100,META
2023-12-06,319.1275973015341,319.4448189671764,314.28018040336576,314.6866149902344,11294300,META
2023-12-07,315.0037806878623,325.38263987014375,315.0037806878623,323.74700927734375,15905100,META
2023-12-08,320.27745110653814,330.26972018709864,320.18823819980867,329.8533630371094,14087400,META
2023-12-11,326.5325248079935,327.0182798666103,317.2143590609615,322.4483947753906,25802500,META
2023-12-12,321.77429580813003,331.55837057321145,321.7346355458796,331.310546875,18485500,META
2023-12-13,331.02304245710206,335.4243934854844,329.7442940347382,331.82598876953125,16353300,META
2023-12-14,330.9437875845794,331.7863942469266,325.77914995119795,330.26971435546875,19607300,META
2023-12-15,329.0999691679317,335.7119191603619,328.33668302041815,332.0044860839844,31776900,META
2023-12-18,334.5421961519274,344.5344349076749,334.0861787405234,341.6200256347656,18993900,META
2023-12-19,342.5716100891976,350.52181296702713,342.1156229964368,347.30999755859375,17729400,META
2023-12-20,345.6149203637917,351.8699880301821,344.7624213705391,346.23944091796875,16369900,META
2023-12-21,349.9073065078524,353.30744096637494,346.17010514062605,351.00762939453125,15289600,META
2023-12-22,352.4846287114761,354.0905518678329,348.1625974502464,350.313720703125,11772800,META
2023-12-26,351.8997607137992,353.8724581015916,350.3731883758891,351.74114990234375,9898600,META
2023-12-27,352.9703684711443,355.87485515386163,352.21697469605425,354.71502685546875,13207900,META
2023-12-28,356.56882813936073,358.7496590159659,354.6952660445902,355.2008361816406,11798800,META
2023-12-29,355.8649351224526,356.8661526201397,348.7573678571759,350.87872314453125,14987100,META
2024-01-02,348.2617247349704,350.08570368515996,337.0501820548259,343.2755126953125,19042200,META
2024-01-03,341.97691405684844,344.92106102147176,340.192565145366,341.4713439941406,15451100,META
2024-01-04,341.50104862415935,345.11926848808156,340.41061832562946,344.0982360839844,12099900,META
2024-01-05,343.96941637649724,350.4227560194501,343.2457904424102,348.8862609863281,13920700,META
2024-01-08,351.61229217973874,355.8550328888557,348.98533664973183,355.5378112792969,13890200,META
2024-01-09,353.2974794746207,357.50059022164334,352.2665243572093,354.3185119628906,13463900,META
2024-01-10,357.03470018708344,369.6935252666552,355.95416211609205,367.2450256347656,22117200,META
2024-01-11,368.8905728121484,369.5349084412359,359.7706477096314,366.4519958496094,17205400,META
2024-01-12,366.9377174545656,373.7776460956339,366.32311946752475,371.2300109863281,19310000,META
2024-01-16,370.3973485723364,372.3402781857288,364.0332519935997,364.26123046875,15306900,META
2024-01-17,363.1112814992652,365.3318024736922,355.48822189160364,365.16326904296875,12724800,META
2024-01-18,368.25609056029504,373.5694463469894,367.72081315695874,372.855712890625,16354300,META
2024-01-19,375.70075575671575,381.0140817393726,374.6797232506199,380.1120300292969,21670800,META
2024-01-22,384.5728454450382,386.9519470116833,377.8419450079911,378.45654296875,17680500,META
2024-01-23,381.2718337835055,384.9991122312808,378.75393630536456,381.8468017578125,15506100,META
2024-01-24,386.60500116462015,392.70145859414,384.4340629686961,387.2989196777344,15698500,META
2024-01-25,386.7735168364553,392.04718233656905,382.3027674759573,389.7572937011719,15091100,META
2024-01-26,390.91711729854256,393.33587907319196,388.18113392185984,390.7089538574219,13163700,META
2024-01-29,391.5515760143711,399.42246020474215,389.6780443214767,397.5290832519531,18742400,META
2024-01-30,400.0766927751704,402.8225686731587,396.09169829023307,396.5774230957031,18614700,META
2024-01-31,385.61368380179516,394.5353371545359,383.7302296999333,386.7437744140625,20180800,META
2024-02-01,390.5107301891786,397.01362256052823,389.6284631736777,391.3434143066406,29727100,META
2024-02-02,455.59912098341835,481.72963881592403,449.0664915252919,470.8551330566406,84707600,META
2024-02-05,465.7896247984481,467.7920294868746,455.2224181615912,455.4107666015625,40832400,META
2024-02-06,459.96081170368444,463.05364680414374,449.05656832277816,450.7615966796875,21655200,META
2024-02-07,454.01303276517825,467.415327994543,452.2088689116338,465.50213623046875,23066000,META
2024-02-08,464.2432012847288,466.4934296544483,460.98183282884037,465.9085693359375,18815100,META
2024-02-09,468.83289721252225,469.4673101663156,463.40059070831603,464.0350036621094,18413100,META
2024-02-12,464.1143958268208,474.9789802603111,462.51839518929904,464.8182067871094,19382000,META
2024-02-13,452.89291546087304,463.8170050865518,451.1284116736069,456.1146240234375,20916600,META
2024-02-14,463.8566307551382,469.98282618084056,462.0326517085822,469.1600646972656,16858400,META
2024-02-15,471.1426069795392,484.366476420445,468.10924721096126,479.8164367675781,24212300,META
2024-02-16,473.9480494504496,474.7906562713174,465.1255297863644,469.19976806640625,23324600,META
2024-02-20,465.63101374806274,472.03476994795795,462.49851842146023,467.6433410644531,18015500,META
2024-02-21,462.92970889465835,465.41057550181085,458.25576468630754,464.447998046875,12921800,META
2024-02-22,476.5645485214587,486.23992842019754,472.41654676636847,482.40948486328125,21625800,META
2024-02-23,484.31475349723246,490.57645821723105,478.658395960272,480.3255310058594,18374300,META
2024-02-26,479.76987131875444,482.41945039379345,476.921841069552,478.0531005859375,12101400,META
2024-02-27,476.30655049389355,483.5407356847416,476.2470121182993,483.3224182128906,10809600,META
2024-02-28,481.2881234084936,487.29180850441577,479.0553434545367,480.31561279296875,12715500,META
2024-02-29,484.70180744595217,487.93686726454155,478.91640943030325,486.3788757324219,17732000,META
2024-03-01,488.34367413066025,500.3907764734073,488.0856846060254,498.4556884765625,16273600,META
2024-03-04,499.1503515840117,500.5594971142455,492.62072412682585,494.3771667480469,12324100,META
2024-03-05,491.2115858850194,491.7871336101802,484.15601582408954,486.4681701660156,15325300,META
2024-03-06,493.8214657207925,499.120593170195,490.50703156108455,492.2932434082031,11757900,META
2024-03-07,499.4282074814689,515.8713680175964,497.542754953555,508.27001953125,18586400,META
2024-03-08,510.254715842795,519.5629320729014,495.52829549516997,502.0777893066406,18597100,META
2024-03-11,493.2062842006657,493.5139092806061,472.35706860355907,479.88897705078125,20428300,META
2024-03-12,489.48488182788077,498.4656062281619,481.02016674493694,495.9252014160156,15448200,META
2024-03-13,491.59863706276775,497.14585137802413,487.27198978393096,491.7772521972656,12090700,META
2024-03-14,496.4313625069967,497.5130167599525,484.4239615573876,488.06585693359375,12620000,META
2024-03-15,485.2674452189563,488.0658397573239,477.61643073962875,480.39501953125,29153600,META
2024-03-18,488.1452478161507,493.6130875886428,483.0842738072249,493.17645263671875,11755300,META
2024-03-19,484.43383339781366,492.82907681376946,477.596551064814,492.4420471191406,10903100,META
2024-03-20,495.6771461475813,504.3105740199144,491.3802985259637,501.65106201171875,11711100,META
2024-03-21,510.7707839758228,511.09821477284595,502.1373557038148,503.87396240234375,9712500,META
2024-03-22,503.11972128020517,506.06699186474566,500.48007571593536,505.6799621582031,8120600,META
2024-03-25,501.91901611098194,503.33806453967446,496.4114740821437,499.1701965332031,8380600,META
2024-03-26,501.26406081847875,506.09678408775653,491.4199688696871,492.09478759765625,11205400,META
2024-03-27,495.47865983348026,496.0641709946274,484.3346265696149,490.0802917480469,9989700,META
2024-03-28,489.06815539695725,489.11779090352536,481.4370066733091,481.86370849609375,15212800,META
2024-04-01,483.4713059825083,493.62299295598973,478.0927737479156,487.58953857421875,9247000,META
2024-04-02,481.3873636113719,493.7222251422253,480.94079550745505,493.5634460449219,11081000,META
2024-04-03,495.1115300929547,503.35792871942033,494.9329149557214,502.86175537109375,12099200,META
2024-04-04,512.4676727823381,525.943758109554,506.67237161008114,507.0097961425781,26476300,META
2024-04-05,512.9043035265651,526.638408576823,510.47304198515513,523.3041381835938,19263300,META
2024-04-08,525.2292670059732,527.4223143515474,514.9187707168354,515.2760009765625,13260600,META
2024-04-09,518.233256700452,521.845413635609,502.8618142600677,512.944091796875,10863800,META
2024-04-10,505.39216080616353,518.5605880459885,501.92885090513613,515.8515014648438,11418500,META
2024-04-11,517.1218290927488,519.8507828068974,513.3310570289301,519.1561279296875,10369500,META
2024-04-12,513.787472668167,516.2088008915841,505.43190063751956,507.98223876953125,11984500,META
2024-04-15,512.7653372648631,514.5615428654139,493.4741460488993,496.4015808105469,13512900,META
2024-04-16,494.2978148508964,500.9068477028601,493.30546812148475,495.9352111816406,9847900,META
2024-04-17,499.2496185150052,499.30915689281545,483.41177405310106,490.3879699707031,12193700,META
2024-04-18,495.99467632150186,508.28986501966875,495.2206471982187,497.9595031738281,14808700,META
2024-04-19,498.95188761147057,498.95188761147057,472.08908659081203,477.3882141113281,25215400,META
2024-04-22,485.97202274350616,488.24450514549414,469.7769174777012,478.0431823730469,17271100,META
2024-04-23,487.49024426365196,494.9427765691317,485.2276953336972,492.3031311035156,15079200,META
2024-04-24,504.17164864318624,506.09680361298444,480.87133784126775,489.72308349609375,37772700,META
2024-04-25,418.1748568844393,442.35833901070566,411.3276713078903,438.001953125,82890700,META
2024-04-26,438.0813579966591,443.023255377978,428.6540645124844,439.8973693847656,32691400,META
2024-04-29,436.195878453334,436.3943598912081,425.28006561859786,429.3089904785156,21502600,META
2024-04-30,427.7510778839802,436.2554972650773,426.43126995921796,426.8778381347656,18429500,META
2024-05-01,425.31978777610783,446.51629805901524,423.84117064830116,435.8287353515625,20344900,META
2024-05-02,435.48142162693887,440.562231878881,428.9716297061358,438.2996826171875,15221300,META
2024-05-03,442.5171275663126,450.694084429791,440.4530598909977,448.5009765625,16489100,META
2024-05-06,452.0932897323867,462.59233462582085,449.87044284737243,462.1159973144531,15094600,META
2024-05-07,462.7213143300044,467.9212009325345,457.7794172557727,464.6563720703125,13406800,META
2024-05-08,459.95270159665824,471.94023656788784,459.4565282400275,468.9830627441406,11683900,META
2024-05-09,466.40290121752565,472.4363552104369,464.0510446249137,471.78143310546875,9437700,META
2024-05-10,473.4386842914545,473.8455500732435,466.00601718642696,472.5555114746094,10750000,META
2024-05-13,469.13187501336745,469.7272890553807,459.30764931420595,464.42816162109375,14668800,META
2024-05-14,459.8236291276941,468.9234605753996,456.55880040566063,468.2387390136719,10478600,META
2024-05-15,471.34482265738814,478.8072585621629,467.59375353224107,477.8546142578125,13100500,META
2024-05-16,471.36465799748123,474.0340729044409,469.1318780385458,469.60821533203125,16608200,META
2024-05-17,467.2265884372279,469.1815126685142,464.83505951456476,468.29833984375,10807300,META
2024-05-20,466.3533210681569,469.5784476860999,463.4655886777014,465.2518005371094,11745100,META
2024-05-21,463.5449691486391,467.0975871671568,458.73208176825443,461.07403564453125,11742200,META
2024-05-22,464.28919769640606,470.094431348203,462.0861870387401,464.19989013671875,10078600,META
2024-05-23,469.26090804074687,470.7295617615154,458.00770019996276,462.2152404785156,11747900,META
2024-05-24,464.0411472655585,476.17755800168163,462.73124238654253,474.5600280761719,12024300,META
2024-05-28,472.9325751794718,477.17981782811154,471.205901618862,476.2470397949219,10175800,META
2024-05-29,471.0272753949379,476.17755705003367,470.07463106847433,470.72955322265625,9226200,META
2024-05-30,468.06013056265147,468.11966893547435,461.15337647505135,463.4754638671875,10719600,META
2024-05-31,462.2350253461456,465.52962326344255,450.98181875095815,463.25714111328125,16919800,META
2024-06-03,467.2563385385533,475.92946902820285,464.65639510838076,473.8356018066406,11279400,META
2024-06-04,473.34938017945996,475.224929995745,469.60824398888354,473.3394470214844,7088700,META
2024-06-05,480.74230513672717,492.84891504946904,480.2064295125393,491.2710876464844,15690500,META
2024-06-06,489.20704994565904,498.97173709860135,487.133049134123,489.9810791015625,10667300,META
2024-06-07,492.11466024786785,495.091700375797,486.41859982731586,489.1872253417969,9380700,META
2024-06-10,490.0802879046476,498.8129563433123,489.6337500954303,498.75341796875,11220900,META
2024-06-11,496.332099600009,503.71516103182034,494.4565499121785,503.5861511230469,9673700,META
2024-06-12,510.05622720634506,510.07609352042476,500.60909832909755,504.9456481933594,11983200,META
2024-06-13,501.83960690092306,505.4616660517263,497.52289299395886,500.241943359375,9954600,META
2024-06-14,499.29830731982713,503.76830117284993,497.41098264470133,500.7982482910156,10243300,META
2024-06-17,498.3248520419291,507.3442927979167,492.70258957460356,503.25177001953125,11266600,META
2024-06-18,501.19553219490325,502.6259325307895,491.71913754817786,496.1593322753906,13060400,META
2024-06-20,498.6526016949452,500.3114792658719,493.45746507098966,498.3546142578125,11801200,META
2024-06-21,500.09297514636967,500.09297514636967,489.1067263628177,491.48077392578125,22359200,META
2024-06-24,495.8712961742398,504.4139262555408,490.9940329117928,495.5832214355469,13525300,META
2024-06-25,493.73561634252076,507.3045339423374,492.1959639995384,507.1952819824219,12063200,META
2024-06-26,503.27168765207887,510.3839489173204,501.3148222598679,509.69854736328125,8882300,META
2024-06-27,510.8208696393797,519.3933277808096,510.47322776643625,516.095458984375,10121200,META
2024-06-28,513.7016545830614,518.4000954188623,500.48037812073636,500.85784912109375,15855100,META
2024-07-01,501.58297732671764,503.2020829318588,489.8815282371348,501.31475830078125,10328200,META
2024-07-02,497.42088904280774,507.0959319918616,496.11962668652535,506.10260009765625,7739500,META
2024-07-03,502.9935121259422,507.87077580738145,502.6458398685603,506.5595703125,6005600,META
2024-07-05,508.18862031678924,537.2634349299381,508.18862031678924,536.309814453125,21354100,META
2024-07-08,538.733549875278,539.190504390823,523.1382870220716,525.7904663085938,14917500,META
2024-07-09,530.1908757911539,533.8959841966067,524.667953121388,526.4658813476562,8753200,META
2024-07-10,527.2505545542191,535.2866353441332,524.8367656001964,531.1245727539062,10983300,META
2024-07-11,527.3499903194348,531.8895244068907,504.98013638714235,509.2812805175781,16458300,META
2024-07-12,494.44087322434433,504.7019779354112,490.93441299316135,495.54345703125,19750500,META
2024-07-15,495.3050935222818,503.30140324613546,490.0801579921721,492.8515625,12539200,META
2024-07-16,498.1559561053816,500.58963142634576,482.55072018571695,486.5240478515625,14075800,META
2024-07-17,475.97482668415233,475.97482668415233,456.05850528893654,458.90936279296875,28076600,META
2024-07-18,471.83266375516723,476.04438141112735,461.4424203212603,472.677001953125,19267200,META
2024-07-19,472.88560505542085,483.46458424586564,472.5379328105717,473.6107482910156,15149400,META
2024-07-22,483.3354239432015,488.77889368380687,480.67330171898413,484.14996337890625,12023100,META
2024-07-23,486.5736915826986,491.9178220255653,484.4678328165319,485.4313659667969,9455500,META
2024-07-24,469.16057574428834,473.1239602274661,457.5087819303117,458.1941833496094,17649700,META
2024-07-25,460.17098380293606,460.4590282516497,439.6983958852032,450.38665771484375,18240500,META
2024-07-26,461.1046372980924,466.6374724287372,456.35651246945713,462.5946350097656,14222400,META
2024-07-29,466.74682183029705,470.7996028508264,461.9192127867245,462.6046142578125,11339600,META
2024-07-30,463.88600206485654,469.57780482339075,453.6546955153981,460.1014099121094,11390400,META
2024-07-31,467.87925615215346,473.32272675593373,463.6377391675385,471.6638488769531,24285800,META
2024-08-01,517.5259306837595,523.6547716585801,488.8186442383986,494.4210205078125,43083100,META
2024-08-02,485.73929115246585,497.80826747717975,472.9749703834954,484.8850402832031,24044700,META
2024-08-05,448.340392438967,480.256153607523,447.7940416649235,472.5578308105469,21396200,META
2024-08-06,475.80600414778166,499.2089024694643,475.4583319023931,490.7953796386719,20955000,META
2024-08-07,499.77512044060245,506.74829997819876,483.6135898383969,485.6598815917969,20105300,META
2024-08-08,494.18259967510517,506.55950614585913,491.4211383206397,506.2317199707031,16156800,META
2024-08-09,504.32449769396317,514.8836502692486,502.32792131826227,514.3174438476562,13696600,META
2024-08-12,513.4134878308477,514.5657867339853,505.70525325253175,512.5095825195312,9767400,META
2024-08-13,516.5425953987603,527.9559706517589,514.6950123852472,525.0156860351562,13743800,META
2024-08-14,524.5388780300436,530.4392723612109,519.6417586898049,523.24755859375,11444200,META
2024-08-15,528.2439725420813,536.1708026803833,523.1879469001557,533.7470703125,13482100,META
2024-08-16,528.353367269162,530.1015808342744,521.1615919507229,523.9031982421875,14776700,META
2024-08-19,523.3567686125551,528.1148065447744,519.2741890909025,525.750732421875,9879700,META
2024-08-20,524.8268440690854,527.5486241898866,522.3733435694845,523.2176513671875,7944400,META
2024-08-21,523.6348937052984,535.803208512871,523.4163291780279,531.5914306640625,13423300,META
2024-08-22,533.4191952832433,540.6009650477762,525.0653012290355,528.3829956054688,15708300,META
2024-08-23,533.3397517008707,536.2700929585844,521.55884980876,524.479248046875,11323900,META
2024-08-26,524.081913244852,524.479270276633,511.5163004380435,517.6451416015625,9584000,META
2024-08-27,515.5194158515097,520.5159048538387,511.87390443058763,515.6386108398438,6282700,META
2024-08-28,514.2181869302751,517.6154262040186,509.03302271484114,513.3341674804688,9106100,META
2024-08-29,515.5889478445253,523.6846276660798,512.2414239497651,514.7644653320312,8317400,META
2024-08-30,517.8735737554629,520.0489730917525,511.7646188064961,517.8338623046875,9157500,META
2024-09-03,516.1749942685213,521.9859615332059,505.22845751609213,508.3475341796875,12459100,META
2024-09-04,502.6955072728807,513.1453787891634,500.70884337263965,509.3210144042969,8335200,META
2024-09-05,508.307802962019,518.1517257651456,507.74159650154314,513.4135131835938,8640900,META
2024-09-06,518.4000932131843,521.0821016570909,494.92765391819984,496.9341735839844,14744500,META
2024-09-09,502.7848710640587,507.92037993887993,498.7320599932226,501.42401123046875,11047800,META
2024-09-10,504.7715348360927,510.7513818768451,496.6957417525211,501.42401123046875,9899000,META
2024-09-11,503.6292165016286,509.69845986206315,492.29529588084,508.41705322265625,10782500,META
2024-09-12,513.6022993894097,523.1979204782829,511.7844848502824,522.0952758789062,11970500,META
2024-09-13,516.8704572987319,524.0621720816487,513.6619533531348,521.1218872070312,10321400,META
2024-09-16,521.5393768501115,531.0446869851908,514.4402669362904,530.2294311523438,9527600,META
2024-09-17,534.5247216049645,538.9989800805172,527.5349671432173,533.2520751953125,11690800,META
2024-09-18,533.9976488950548,541.0868659284195,530.8458001640214,534.8726196289062,10323500,META
2024-09-19,546.8538127706381,558.8547755441265,543.393738974814,555.9017333984375,15647000,META
2024-09-20,556.7966626212141,561.2709215172774,553.1178153916912,558.138916015625,22066800,META
2024-09-23,566.2421838477487,570.6965366558616,559.1927153838685,561.1812744140625,12830700,META
2024-09-24,563.4383563302257,564.5022427843289,551.0198138385321,560.1075439453125,12993000,META
2024-09-25,560.8233803106601,573.580004208347,560.4952510598988,565.0590209960938,16543400,META
2024-09-26,572.4364936162849,574.0969840070431,559.1330295975274,564.5916748046875,14400800,META
2024-09-27,566.8387572234752,567.5745750797583,561.2807684246667,564.1144409179688,9398400,META
2024-09-30,564.4525297734127,571.392581823153,561.5690947166503,569.1654052734375,12792300,META
2024-10-01,574.6737352692572,579.7047878934193,566.8388067371769,573.17236328125,15259300,META
2024-10-02,571.5715250916941,572.705018338464,566.0831432657689,569.5332641601562,6524700,META
2024-10-03,566.8885366691163,580.0229313102662,565.4766159470373,579.4363403320312,11581000,META
2024-10-04,580.3907699305325,593.4357124935896,578.1039391514795,592.5309448242188,14169500,META
2024-10-07,594.7978731184487,599.5008565761534,580.698996622439,581.434814453125,12014200,META
2024-10-08,586.3167671153983,590.1646244921006,582.6180152740485,589.4984741210938,7857400,META
2024-10-09,590.5921538066963,590.9898899372046,578.2829670054293,587.132080078125,9529700,META
2024-10-10,584.2088915296315,586.8536486528583,579.1877915177303,580.4902954101562,7740400,META
2024-10-11,581.4846102064073,587.8281195065246,579.376742110834,586.5753173828125,8587100,META
2024-10-14,590.8207303998246,596.6670986656153,586.585150741633,587.04248046875,8252000,META
2024-10-15,586.7840223253323,587.2314602827565,576.821381994876,582.9163208007812,9564200,META
2024-10-16,578.0740918292597,578.7501945674716,570.7462571969033,573.4904174804688,11268400,META
2024-10-17,579.9930514580655,581.6236236428501,571.9095546343025,573.629638671875,8701200,META
2024-10-18,577.7758829363129,580.6294606897518,571.9593712320872,573.17236328125,7694300,META
2024-10-21,572.7349521980965,573.9379917697427,565.8544931305977,571.869873046875,8171900,META
2024-10-22,571.0047339757137,580.1919272386083,568.8471645216868,578.6806030273438,8544500,META
2024-10-23,576.6522939692993,581.6535493433651,559.2822589840049,560.4654541015625,14248400,META
2024-10-24,563.885798473118,565.6257877856776,558.3079044414983,564.5321044921875,7184700,META
2024-10-25,570.6469280937719,577.9648119564067,568.4495481592674,569.9708251953125,11337900,META
2024-10-28,578.67066002025,580.410649118249,570.8357328269512,574.8526000976562,10925100,META
2024-10-29,576.8313344603039,590.2739533915471,572.1085063582906,589.88623046875,13019100,META
2024-10-30,597.5420905900066,597.7608636426235,586.0084723536592,588.4146118164062,26864900,META
2024-10-31,581.6535861943853,586.52558067794,559.7893867410456,564.333251953125,26838400,META
2024-11-01,564.3629652502584,570.3882965161611,559.3418659763402,563.91552734375,15303200,META
2024-11-04,560.8730139446373,565.4367833258351,554.6985773939598,557.4725952148438,12064600,META
2024-11-05,564.0547369200507,570.1993768247104,563.4283359927113,569.1553955078125,9775400,META
2024-11-06,559.5308004818795,569.7221655728422,551.9941447200907,568.777587890625,18305400,META
2024-11-07,573.5899087480227,591.39742768716,571.9195264894807,588.315185546875,14653700,META
2024-11-08,588.156055247851,589.7071287920577,581.1762546419226,585.9686889648438,9415700,META
2024-11-11,583.0057999151439,583.6421534545929,573.2121696554306,579.8340454101562,10209100,META
2024-11-12,585.1732389751623,596.2296222338206,577.059944903041,581.4745483398438,16287700,META
2024-11-13,579.2772452314994,582.2899416634106,571.8798022986036,576.6821899414062,10757600,META
2024-11-14,573.6993404002395,577.4378414789874,569.7321744285508,573.8583984375,11053700,META
2024-11-15,567.9523048385856,569.2946185704093,548.3451422976771,550.910400390625,17712900,META
2024-11-18,553.8534897330912,556.6971755268692,546.943295022024,551.2286376953125,14327300,META
2024-11-19,548.7031290595829,558.2183921757821,547.4503270456743,557.88037109375,9522400,META
2024-11-20,559.709823243458,563.110242576314,551.0297815177419,562.2850341796875,9797300,META
2024-11-21,566.2620449532839,566.739279664007,545.9091133005595,559.8688354492188,11154700,META
2024-11-22,560.32621328156,560.6046406773982,551.4175075908335,555.9414672851562,9164000,META
2024-11-25,558.8844673779386,569.3145100236936,553.2071704273792,561.8772583007812,13599800,META
2024-11-26,562.7621877433986,574.1964018053228,561.9667762936829,570.259033203125,10356600,META
2024-11-27,571.6013615253704,571.6908126970225,560.8730467836217,565.9439086914062,7200200,META
2024-11-29,565.7450327371056,575.1509386081322,563.6570700717043,571.0346069335938,7130500,META
2024-12-02,574.196458750282,591.0992116485587,572.2775064388576,589.4387817382812,12522400,META
2024-12-03,591.5963703951107,610.6865511232141,587.8678218422003,610.1397094726562,14907200,META
2024-12-04,609.4536043990507,614.2460390304662,601.6385211482492,610.2689208984375,14697000,META
2024-12-05,613.550119948881,616.3539959197653,603.5774656613376,605.4467163085938,8081200,META
2024-12-06,606.609996608488,626.1873655515558,605.0490309451652,620.2018432617188,16935500,META
2024-12-09,620.350888846341,622.8167434326103,602.7024265777296,610.0601196289062,11426000,META
2024-12-10,614.0272799520044,622.0113739130567,609.234845211511,615.7772216796875,10938900,META
2024-12-11,619.8039905100828,634.7480401253283,617.9745502630952,629.0607299804688,10837200,META
2024-12-12,627.8875399219128,633.0179957315453,623.6221024715439,627.1815795898438,7474700,META
2024-12-13,623.632088329768,627.4700541179118,613.3612226564097,616.8013916015625,8453300,META
2024-12-16,626.8814359361309,628.0457250425881,615.5375430599308,621.169677734375,10885600,META
2024-12-17,623.0901898648054,629.2597075495864,613.507549791668,616.393310546875,12897800,META
2024-12-18,617.9456355913278,624.2743396016706,593.3870305020766,594.2527465820312,17075500,META
2024-12-19,607.3878634532757,608.512310503509,592.0735432784724,592.6407470703125,14958100,META
2024-12-20,587.675323062813,600.1436642411298,577.1473424651591,582.3715209960938,48989400,META
2024-12-23,586.7000720639313,598.1336103729398,583.3665730831542,596.899658203125,10205800,META
2024-12-24,599.7555744761255,604.99967413285,596.3325519539701,604.7608642578125,4726100,META
2024-12-26,602.5019749107529,603.3179490935831,595.994163249834,600.3824462890625,6081400,META
2024-12-27,596.4617453720124,598.8897465400247,586.8990272114817,596.8598022460938,8084200,META
2024-12-30,585.8542270232425,594.0039468527602,582.6998357068834,588.3319702148438,7025900,META
2024-12-31,589.3569487521584,591.048538740922,580.9783186606066,582.6301879882812,6019500,META
2025-01-02,586.8195277648132,601.9348206194616,584.9289090505599,596.292724609375,12682300,META
2025-01-03,601.7854933825649,606.5021699414652,593.4765264756181,601.6561279296875,11436800,META
2025-01-06,608.8207004232554,627.8864342776167,602.6412227555535,627.100341796875,14560800,META
2025-01-07,628.5930258941997,628.9910220723464,605.2384303850833,614.8509521484375,12071500,META
2025-01-08,610.3830585744919,613.4080846789525,599.8251969713253,607.7161865234375,10085800,META
2025-01-10,607.0295297697073,626.8116919357244,594.4019444954839,612.830810546875,19256600,META
2025-01-13,604.1139601037415,605.9747576676493,595.5065414878209,605.3379516601562,10785000,META
2025-01-14,602.093936955974,602.5118541569082,585.6551720564437,591.3271484375,13598000,META
2025-01-15,607.2087904116609,619.3985405217896,603.5170156565779,614.0847778320312,15524300,META
2025-01-16,608.4923634164871,613.2190007447427,606.7111893194766,608.2933349609375,8355300,META
2025-01-17,620.9806532892833,621.8961113451103,600.7008856525179,609.7561645507812,17280600,META
2025-01-21,614.791235345522,618.4431675349931,606.0146090104106,613.427978515625,11674000,META
2025-01-22,620.2343821669388,630.5832556521083,616.3834210286319,620.4334106445312,12274000,META
2025-01-23,624.2743234364817,633.468866899262,618.0949061109532,633.3196411132812,9910200,META
2025-01-24,633.2699382382675,648.7931865048288,631.0807466276091,644.3053588867188,19065300,META
2025-01-27,623.5280177511174,660.6047649681485,622.0254349357211,656.6343994140625,28399200,META
2025-01-28,662.7243202820943,679.222789585596,656.2264085295512,671.0133666992188,20950100,META
2025-01-29,671.6799970081955,677.7002277973523,662.3958698215398,673.1626586914062,21377800,META
2025-01-30,693.3926790288638,707.2939380483791,672.7745593343109,683.6209716796875,29322900,META
2025-01-31,687.6013388802664,701.8309926464267,682.2080139805101,685.790283203125,19303900,META
2025-02-03,672.5855459885331,700.5374135449807,671.9288188867163,694.0296020507812,21415700,META
2025-02-04,699.0447502736523,704.2291467274541,688.2082982161528,700.7264404296875,13826300,META
2025-02-05,700.0896222542642,714.6078889974233,695.5719738179728,701.4031372070312,17778200,META
2025-02-06,702.4081644926629,715.3641456188349,700.0398655613205,708.4880981445312,13080700,META
2025-02-07,713.2743693522815,721.4440099000519,708.249220189881,711.005615234375,16427100,META
2025-02-10,715.0257888589608,717.652818700605,707.8313687608933,713.8715209960938,12904300,META
2025-02-11,709.8115954275665,720.1007048878689,706.5476987131067,716.2597045898438,12998000,META
2025-02-12,711.7818770685368,723.5238281436095,709.0951445232752,721.8123168945312,12016500,META
2025-02-13,717.9712711727863,725.4144618537392,714.5083460221898,724.9766235351562,12569100,META
2025-02-14,722.5685149916063,737.2658278537506,722.0510531620941,733.0466918945312,16901200,META
2025-02-18,732.3800130970368,733.3750946365709,702.9654052178096,712.8465576171875,21938700,META
2025-02-19,700.6368658835008,703.5226265523086,691.9697448143099,700.3085327148438,17535500,META
2025-02-20,693.8504254939003,702.1593313419692,690.2283144244507,691.4224243164062,12587400,META
2025-02-21,693.1539301625503,700.4080528713276,679.0038387952945,680.18798828125,15660400,META
2025-02-24,682.9046273446285,683.8897484077801,659.1918158891808,664.8438720703125,15677000,META
2025-02-25,662.6943629602742,664.7144074530656,638.7029638185587,654.2660522460938,20579700,META
2025-02-26,656.4055307530449,679.650619839028,654.7636219966097,670.3864135742188,14488700,META
2025-02-27,679.0934498337167,685.2629678985895,654.3358147754243,655.0025024414062,12500000,META
2025-02-28,654.8035105893175,666.336533697634,639.4394474020801,664.91357421875,17534200,META
2025-03-03,670.3664982200642,677.8992724698688,647.638870751695,651.828125,10843800,META
2025-03-04,642.3351433054311,646.5542796373367,620.5826737681288,636.8522338867188,21495200,META
2025-03-05,637.847267619745,656.256276123591,634.523668550264,653.2411499023438,13770000,META
2025-03-06,644.8129097915485,647.3603163884869,621.0403945748483,624.8416137695312,13446500,META
2025-03-07,622.294150848658,631.6678021460568,597.6559216844704,622.5827026367188,21375700,META
2025-03-10,605.0792675215534,607.109212093194,583.9835257431913,595.048828125,21999900,META
2025-03-11,592.1232321992892,611.9054572036264,590.4117211785095,602.7308349609375,17401500,META
2025-03-12,626.8018648059933,630.2149870827395,606.352891273559,616.5126953125,15747000,META
2025-03-13,617.1993356753703,617.4481060645986,583.6252936627146,587.7349853515625,16480300,META
2025-03-14,600.3687854957838,606.4043419789234,592.381172955088,605.1494140625,12364500,META
2025-03-17,605.0099996635669,610.62720608086,595.5881320780952,602.4603271484375,15473900,META
2025-03-18,597.6298861819188,597.8290917063831,572.34227369431,580.01123046875,20297700,META
2025-03-19,581.9235510596104,589.9311027976759,572.4518964146898,581.7044067382812,20537500,META
2025-03-20,580.4096129893901,607.7389439842362,577.172720940167,583.6365356445312,24336500,META
2025-03-21,581.0670032780688,595.1300513212973,578.6069941650959,593.8452758789062,25015900,META
2025-03-24,612.4897086743648,620.0291850741187,609.7309218178737,616.3540649414062,15741300,META
2025-03-25,624.2322549021957,631.3235347184631,618.6747423038911,623.7840576171875,15312500,META
2025-03-26,622.3697410659778,624.2222248223229,604.163437823038,608.5158081054688,12609800,META
2025-03-27,599.5720414465346,611.7726353131792,597.67968012305,600.1497192382812,10436500,META
2025-03-28,597.8888875675808,599.3230823357646,571.605306475786,574.4139404296875,17602800,META
2025-03-31,561.2274014987903,576.3661119756351,551.0685259953154,574.0355224609375,21124700,META
2025-04-01,568.537705940541,587.5307390242879,567.70106709451,583.6365356445312,12836600,META
2025-04-02,572.5912500878843,590.2696609066593,571.0475136953103,581.5748901367188,13470800,META
2025-04-03,544.016982785148,550.3314393515183,528.1612075786397,529.4758911132812,34777500,META
2025-04-04,504.5767586556749,515.9108671247398,492.2068664686997,502.69439697265625,38589800,META
2025-04-07,483.14348777248983,537.1945936136326,479.9563819403582,514.1678466796875,36606100,META
2025-04-08,541.0589972717423,545.2221314563009,500.8318811641039,508.39129638671875,28034200,META
2025-04-09,507.2159828753818,585.5189153793327,500.08485719899596,583.407470703125,39216600,META
2025-04-10,573.1689763297147,578.9555415344041,533.141064552052,544.0867309570312,28173500,META
2025-04-11,533.3501954996136,545.1922554454453,526.4581222037267,541.377685546875,17642300,META
2025-04-14,553.926912857093,555.5204964254532,526.1494412576809,529.3364868164062,14130900,META
2025-04-15,529.9639426413264,535.7704467995947,515.41288054515,519.4166870117188,15558700,META
2025-04-16,506.459094542153,511.29947867102186,493.6310371089192,500.2840881347656,18735100,META
2025-04-17,503.2123040095489,505.2540241094821,496.0015129816489,499.45751953125,14593500,META
2025-04-21,489.34840447960073,491.50966603004946,477.8649073178194,482.705322265625,16166000,META
2025-04-22,489.886213659528,504.8356859267328,484.3984265448332,498.2622985839844,17399400,META
2025-04-23,526.3984497963002,533.1809824042,514.4368768066369,518.1717529296875,18173900,META
2025-04-24,516.6378699664548,531.7467310045646,515.4128501808216,530.999755859375,13910000,META
2025-04-25,544.5946691393716,547.6423253119987,534.0872308807745,545.0628051757812,17098900,META
2025-04-28,553.3991177920019,556.237599422927,538.409826618149,547.5228881835938,15179000,META
2025-04-29,543.7979549633997,554.3253329246786,541.9255322333729,552.2039184570312,11835000,META
2025-04-30,536.2286028212618,546.8854000110363,527.3644731031741,546.7858276367188,29244000,META
2025-05-01,589.6921415778174,590.558627980007,568.1991573093333,569.9022827148438,31159000,META
2025-05-02,581.1068141330562,601.9026058918658,575.9974995584959,594.6121215820312,24739300,META
2025-05-05,588.8355064073843,600.7772002962906,585.6783084359005,596.8530883789062,13887700,META
2025-05-06,590.1403242884969,593.6262086030198,584.2143087960085,584.9413452148438,10600700,META
2025-05-07,587.9789559689339,600.6476855016655,584.3038359796805,594.4029541015625,13139100,META
2025-05-08,603.8447184228645,608.8345220578558,594.2137360230962,595.59814453125,14622800,META
2025-05-09,601.2851535548689,604.5220462267766,589.3236412362096,590.1004638671875,10427300,META
2025-05-12,628.3753866174048,637.8072242767122,618.5253206919152,636.85107421875,21965100,META
2025-05-13,642.9364721174845,658.2544484118764,640.2374406337076,653.3842163085938,18570800,META
2025-05-14,658.5432587283299,659.9973314154452,651.671063189936,656.70068359375,12348200,META
2025-05-15,651.6412836963046,654.6590319374474,636.0045904601806,641.283203125,14341800,META
2025-05-16,635.3870402976211,637.8570186595293,623.6246741050281,637.7574462890625,18519000,META
2025-05-19,625.7162367689098,640.4067492915384,625.2680394833011,637.8471069335938,9592400,META
2025-05-20,633.4448867170665,636.7713819580241,629.7100110253076,634.5304565429688,6743500,META
2025-05-21,629.2418310050065,644.0020660016361,627.6283696820823,632.9368896484375,11464600,META
2025-05-22,631.4927078056375,640.6556140942819,628.166212891271,634.0025634765625,8228400,META
2025-05-23,621.4832280829075,629.899158954327,620.1386973377448,624.5308837890625,8454100,META
2025-05-27,632.8472058332585,640.4863145733809,630.1979610255678,639.7293701171875,9508400,META
2025-05-28,640.0082861312126,648.2549209907568,639.958499945528,640.984375,9042900,META
2025-05-29,649.0218431897822,650.6850908623647,636.9208212538034,642.4484252929688,8858800,META
2025-05-30,639.9086753837215,646.7907792932219,630.227907169861,644.8785400390625,16241000,META
2025-06-02,641.791121766507,670.5446811489596,641.6616412070963,668.1942138671875,15766300,META
2025-06-03,668.7419453527419,672.8552932556931,662.3478552754221,664.1604614257812,11585000,META
2025-06-04,666.6206069146197,686.2212292149324,665.8736317013958,685.1754760742188,14031900,META
2025-06-05,688.8703488193835,691.5794100418087,679.4983282686153,681.8587646484375,13083100,META
2025-06-06,693.3622292653906,699.9754637799698,689.0795839414949,694.8960571289062,11728000,META
2025-06-09,695.6430205968694,702.3458579741853,691.1412310298801,691.2607421875,12773200,META
2025-06-10,698.5213248498013,700.3937473880201,688.7708312874433,699.567138671875,10850100,META
2025-06-11,700.871864292101,706.0110265671628,689.1991010267074,691.3404541015625,9582500,META
2025-06-12,690.5038430500748,692.5754712333077,684.229263706634,690.5635986328125,7322700,META
2025-06-13,685.1754960763989,691.7687926211445,678.2634828033605,680.115966796875,9274400,META
2025-06-16,697.0454302800655,704.839891030923,691.2444358848513,699.8262939453125,13720300,META
2025-06-17,699.7066458929623,703.6636471536132,693.7860487635145,694.9522094726562,10066100,META
2025-06-18,695.8991705300261,699.2980647722242,692.6299173050131,693.4970703125,10068300,META
2025-06-20,698.460826828492,699.5273387091719,676.4529395748931,680.1209106445312,22538600,META
2025-06-23,681.4564999402276,696.7663067524254,676.5326356722177,696.248046875,11080100,META
2025-06-24,702.5872352556954,710.8601081222891,699.8162879347926,709.8733520507812,13823200,META
2025-06-25,710.9897247556078,714.2390846812559,703.0756608117819,706.3648681640625,9320400,META
2025-06-26,712.0262960706955,725.84100327131,708.7271116959034,723.718017578125,13964800,META
2025-06-27,724.1466398304902,733.0275060697373,723.4887618360168,731.2333984375,18775700,META
2025-06-30,742.1176905331245,745.4567832484664,731.851350759088,735.6788330078125,15402100,META
2025-07-01,734.4727647300622,735.3399177465482,713.0330238804761,716.8704223632812,13431200,META
2025-07-02,712.9931517050737,717.946886332231,710.4713875973353,711.2388916015625,9336700,META
2025-07-03,724.23628063908,726.6484187341657,712.0861007528597,716.6611328125,8601700,META
2025-07-07,715.2556849998467,724.6250009558648,711.1790804792781,716.0032348632812,9457100,META
2025-07-08,719.2127580119818,720.5483463866185,712.4748320749653,718.315673828125,7770700,META
2025-07-09,720.3589752323313,735.1206520424314,720.3589752323313,730.3861694335938,11418000,META
2025-07-10,729.1601755610233,733.3962917497249,717.2492014044612,724.8642578125,9913600,META
2025-07-11,720.1397657932962,722.791049443565,707.3815924903404,715.1660766601562,10873900,META
2025-07-14,715.2556580979717,725.6217068153527,714.2091004956787,718.5648193359375,8939400,META
2025-07-15,721.5352116480268,722.1032960553172,707.501190694441,708.0693359375,11529500,META
2025-07-16,711.0394977501286,711.6375132851348,696.985585155631,700.6136474609375,13067600,META
2025-07-17,702.0888975460598,703.5939743779064,694.8326508122145,699.1185913085938,11803300,META
2025-07-18,699.8960490076172,702.407835998619,689.3905035678976,701.979248046875,12779800,META
2025-07-21,704.4909815749821,714.6576719200774,703.4544009949688,710.6408081054688,9404400,META
2025-07-22,713.8502737130124,714.2589075119218,699.1185294508831,702.5074462890625,8921100,META
2025-07-23,704.0623726003058,712.2953979460707,702.627074466955,711.2488403320312,8771600,META
2025-07-24,714.7075545657141,721.256099225235,711.6675303636672,712.4649047851562,10920800,META
2025-07-25,714.5778842585692,718.2957401275581,709.5743254141869,710.3517456054688,8271700,META
2025-07-28,712.8635901780652,722.3724029167645,710.3518030699777,715.28564453125,8715700,META
2025-07-29,717.6478585379464,722.1032264585367,697.6234630507284,697.7131958007812,13267000,META
2025-07-30,705.7768321791035,706.1854660197899,688.9419939778502,692.9389038085938,27077300,META
2025-07-31,772.667590247117,782.1863801577031,763.0092430876867,770.913330078125,38831100,META
2025-08-01,758.2448880761048,763.4976919253356,742.8752779436865,747.5599365234375,19028700,META
2025-08-04,757.5172228150747,774.3121526971289,755.9323902785536,773.833740234375,15801700,META
2025-08-05,773.9134347006891,780.5716045689521,760.5073622166124,760.9658813476562,11640300,META
2025-08-06,767.4845892138412,771.1127127816184,757.9757760743282,769.4680786132812,9733900,META
2025-08-07,770.9631295472946,772.4682063669705,757.0686667309535,759.3412475585938,9019700,META
2025-08-08,760.2582747146965,767.3849416766147,756.101914160301,766.786865234375,7320800,META
2025-08-11,767.5643106154529,770.9332736584846,762.171949999175,763.3680419921875,7612000,META
2025-08-12,770.4747258826147,791.077183084039,769.9065806861354,787.419189453125,14563100,META
2025-08-13,788.5655214330485,792.861439232817,775.687684264025,777.5316772460938,8811800,META
2025-08-14,775.3387743217048,785.2363270315518,769.986322264654,779.5748901367188,8116200,META
2025-08-15,781.5883668624648,793.6488143059948,778.269228256533,782.664794921875,13375400,META
2025-08-18,772.5579712024165,773.2755899130946,754.0884756033142,764.8631591796875,16513700,META
2025-08-19,764.613945820292,764.6637703117248,746.9119549568848,749.0250244140625,12286700,META
2025-08-20,745.1278702665168,747.7492835360712,728.611993296026,745.27734375,11898200,META
2025-08-21,742.2772053426181,743.0646026719377,730.7150636889187,736.6854858398438,8876300,META
2025-08-22,736.81505282597,754.4273720053774,731.9908982789533,752.32421875,10612700,META
2025-08-25,752.354165267511,756.40089964729,747.6794841015795,750.839111328125,6861200,META
2025-08-26,748.3472672479323,752.4039786334924,745.4966249237331,751.636474609375,7601800,META
2025-08-27,749.8423255190061,751.6863183207686,740.4132689939565,744.9384155273438,8315400,META
2025-08-28,741.5694916361576,750.5899148175357,738.3799332684189,748.65625,7468000,META
2025-08-29,742.845387064901,744.69929631257,732.9477723395529,736.286865234375,9070500,META
2025-09-02,723.6681190637612,733.5956032036421,719.3722015925617,732.70849609375,9350900,META
2025-09-03,733.5956541941185,737.8317704037993,731.5922106765231,734.6422119140625,7699300,META
2025-09-04,746.1245900119145,758.6734271200463,743.3835736708148,746.204345703125,11439100,META
2025-09-05,750.1613099282893,755.4739147328357,742.596139272426,749.9918823242188,9663400,META
2025-09-08,753.5302097254976,764.0058841473341,749.5632315279836,749.84228515625,13087800,META
2025-09-09,755.0154070864886,763.7966239723705,750.9686728075005,763.1986083984375,10999000,META
2025-09-10,762.6305038555339,763.1986490989516,748.5466583985636,749.5234375,12478300,META
2025-09-11,752.1847098305358,754.6266574243845,745.9251963321232,748.4469604492188,7923300,META
2025-09-12,746.2839468005753,755.0950940814577,741.3302125458187,753.12158203125,8248600,META
2025-09-15,754.9954213012545,771.5412279036273,749.5333431691193,762.2018432617188,10533800,META
2025-09-16,764.4942810293646,778.8073536198926,762.600463821585,776.455078125,11782500,META
2025-09-17,777.4419223006557,780.7311297077449,763.8066193659058,773.1858520507812,9400900,META
2025-09-18,778.1994774600552,786.203274581819,770.8336042127465,777.7011108398438,10955000,META
2025-09-19,783.8508708699721,788.2165669565625,766.6771780735046,775.837158203125,23696800,META
2025-09-22,779.8217552362186,783.6916948825968,762.4868363426395,763.175048828125,11706900,META
2025-09-23,767.254476840496,768.6009504341728,749.1216451610411,753.4404296875,10872600,META
2025-09-24,755.5349916265823,759.1356124217834,750.5779133776451,758.686767578125,8828200,META
2025-09-25,751.4955472633491,754.806942419776,742.6186096970315,746.96728515625,10591100,META
2025-09-26,748.0544659269957,749.9794521140951,735.4372562509625,741.8206787109375,9696300,META
2025-09-29,746.777703342028,748.8324179023273,737.2325826153279,741.4715576171875,9246800,META
2025-09-30,740.3245554260684,741.0426584785586,724.4159185837501,732.4749755859375,16226800,META
2025-10-01,719.618385039583,719.9774365591268,708.3576941566364,715.4791870117188,20419600,META
2025-10-02,720.7056259804448,725.8821654223162,716.2771410193245,725.1640014648438,11415300,META
2025-10-03,727.7372737109582,729.1037149276121,708.3377167266436,708.7167358398438,16154300,META
2025-10-06,703.3607165744016,715.0203947681905,688.718804278428,713.8035278320312,21654700,META
2025-10-07,715.8581417735932,716.636147605649,703.9192222306009,711.230224609375,12062900,META
2025-10-08,711.5993392573523,717.783268775081,705.9739546774089,715.9779663085938,10790600,META
2025-10-09,716.416706057987,731.607177734375,710.5918290846139,731.607177734375,12717200,META
2025-10-10,729.0239332852144,733.3626856542741,702.6824691715568,703.4703979492188,16980100,META
2025-10-13,711.1603595995662,718.072374881022,705.8042950194317,713.8433837890625,9251800,META
2025-10-14,705.9439682909708,713.6937706407739,697.5158763660478,706.8117065429688,8829800,META
2025-10-15,715.1999404706222,722.0222242634773,707.6695373823591,715.6886596679688,10246800,META
2025-10-16,715.6886043056783,723.6080097298942,702.0540824517458,710.2228393554688,9017000,META
2025-10-17,705.2458014471516,716.6760344343375,704.2882698394852,715.0602416992188,12232400,META
2025-10-20,719.3191330444083,731.866515781436,718.3117433877071,730.2706298828125,8900200,META
2025-10-21,734.1107864324557,736.5843338414116,726.859625303898,731.367919921875,7647300,META
2025-10-22,731.9264616753367,738.6788588958609,722.1518950553793,731.5075073242188,8734500,META
2025-10-23,732.7941435868839,740.4841042897723,731.1982575844598,732.095947265625,9856000,META
2025-10-24,734.8787064697904,739.2872845910176,729.253383189777,736.4446411132812,9151300,META
2025-10-27,747.7851152228061,753.7895182960361,746.069606274355,748.872314453125,11321100,META
2025-10-28,750.677577029167,756.4326283200122,743.5860359773924,749.4906616210938,12193800,META
2025-10-29,752.7921200604676,757.1906533932021,740.5838813084906,749.7200927734375,26818600,META
2025-10-30,667.414190282622,679.1935516668058,648.4833846789722,664.7410888671875,88440100,META
2025-10-31,672.7603267493847,673.139345897249,643.8953948481166,646.6681518554688,56953200,META
2025-11-03,654.298319497033,657.6196984387726,634.5297257704245,636.0557861328125,33003600,META
2025-11-04,626.410791028598,640.0752642850032,624.3860886703497,625.6926879882812,27356600,META
2025-11-05,630.6697208898194,640.5639703518489,624.9146693781357,634.30029296875,20219900,META
2025-11-06,634.2005186436334,634.3501538797125,616.3968476378337,617.3344116210938,23628800,META
2025-11-07,614.8907991985972,620.516183502649,599.6404837711106,620.0972900390625,29946800,META
2025-11-10,629.4529098843899,633.3527401283538,616.5065400363918,630.1211547851562,19245000,META
2025-11-11,626.3709044869131,627.9268552540688,617.7832543081277,625.4533081054688,13302200,META
2025-11-12,626.5005716840028,627.3583261459861,606.1934022078184,607.43017578125,24493300,META
2025-11-13,611.4796659420805,616.0478021853295,601.4357808374693,608.3079223632812,20973800,META
2025-11-14,600.2288811530552,612.088052043071,593.6560102918138,607.8790283203125,20724100,META
2025-11-17,607.4600346656293,610.1031845088386,593.8554651895852,600.4483032226562,16501300,META
2025-11-18,590.065358149623,602.0940719298206,582.2656968950795,596.1395874023438,25500600,META
2025-11-19,592.1798400423816,593.7857099116716,579.7422168855177,588.7886962890625,24744700,META
2025-11-20,601.9344542639864,605.1460720070379,581.8367012414765,587.6217041015625,20603000,META
2025-11-21,586.9734117815261,596.5684523172222,580.3506215479276,592.70849609375,21052600,META
2025-11-24,597.1668722231478,615.1002729325323,596.0797338085368,611.459716796875,23554900,META
2025-11-25,622.3812488080194,635.3973829418613,616.6960233021972,634.5695190429688,25213000,META
2025-11-26,636.0357415239101,636.7039864006342,629.9914644832529,631.96630859375,15209500,META
2025-11-28,634.4299618769652,646.3688812783262,633.8514494094911,646.2691650390625,11033200,META
2025-12-01,637.8908755177382,643.6459265392308,636.1055410281542,639.2074584960938,13029900,META
2025-12-02,640.6737247939117,646.1893476978298,636.4147821721649,645.4213256835938,11640900,META
2025-12-03,642.7383158920676,647.1668005690203,635.8961259576193,637.9407958984375,11134300,META
2025-12-04,674.2463992276428,674.3461154685141,658.3377626918029,659.81396484375,29874600,META
2025-12-05,662.2775487290173,672.9398207362489,660.6717397649775,671.673095703125,21207900,META
2025-12-08,667.603701448277,674.9545781663558,663.344758713728,665.0702514648438,13161000,META
2025-12-09,662.0481300460407,662.7562492699393,651.6451938720459,655.2557983398438,12997100,META
2025-12-10,648.2640167126568,652.812185461044,641.7310198416047,648.4435424804688,16910900,META
2025-12-11,641.6212380225077,653.5801862453618,639.1377070000864,651.016845703125,13056700,META
2025-12-12,648.1143349664432,709.1555875928369,636.9533606253732,642.5587768554688,14016900,META
2025-12-15,644.5502809809109,651.8372704406642,637.5627451568915,646.3570556640625,15549100,META
2025-12-16,642.3541401459643,661.3602142938313,642.054686531657,655.9798583984375,14309100,META
2025-12-17,654.4426118233187,660.0526000253047,648.0440522221027,648.343505859375,15598500,META
2025-12-18,655.8601356908653,669.366012780715,655.2911433094866,663.2669067382812,20260300,META
2025-12-19,665.2333263832898,669.8051880946751,657.0080086354003,657.5969848632812,49977100,META
2025-12-22,660.4718397886508,672.380589007267,655.4807431709672,660.3220825195312,15659400,META
2025-12-23,658.8746741689592,664.8140915262984,657.0778915122911,663.7559814453125,8486800,META
2025-12-24,661.3503688947783,666.9902722948509,661.0209394131572,666.3613891601562,5627500,META
2025-12-26,666.8704124858896,667.7588423243637,660.1424238558649,662.10888671875,7133800,META
2025-12-29,656.8383689858442,659.0743707339258,653.2248195668056,657.5171508789062,8506500,META
2025-12-30,657.5171386037911,671.0230153954109,656.6686764849229,664.7642211914062,9187500,META
2025-12-31,663.5663484641349,663.8159033150052,658.2658058687088,658.9146728515625,7940400,META
2026-01-02,661.5499631466852,663.2070415689074,642.3542224297569,649.2518920898438,13726500,META
2026-01-05,649.8508280292294,663.3567049684374,646.5966230035071,657.616943359375,12213700,META
2026-01-06,658.3956073528642,664.3350252422523,650.7392812609531,659.4437255859375,11074400,META
2026-01-07,654.4726104611178,657.9763704555172,643.6618768302103,647.5349731445312,12846300,META
2026-01-08,644.7299347572825,645.9477331499952,634.5879917891143,644.9096069335938,11921700,META
2026-01-09,644.2906685217797,653.7837438291153,641.7052537227476,651.8970947265625,11634900,META
2026-01-12,651.3681600668523,652.8055375702352,640.0882316599212,640.826904296875,14797200,META
2026-01-13,641.1263941859123,641.1263941859123,622.9887038024194,629.96630859375,18030400,META
2026-01-14,625.3844405077801,627.3309804807691,613.7252454803604,614.4240112304688,15527900,META
2026-01-15,617.378703801015,623.0585745209008,613.1362714280776,619.694580078125,13076100,META
2026-01-16,623.0685636897582,627.9598630097294,618.9758886129073,619.1455688476562,17012500,META
2026-01-20,606.7976262932837,610.3113781504126,598.9316523845154,603.0443115234375,15169600,META
2026-01-21,605.659634898437,617.169133937088,599.0115204374271,611.8685913085938,14494700,META
2026-01-22,628.2293275614567,659.3937675491238,625.4343255489129,646.476806640625,21394700,META
2026-01-23,643.6219561683764,665.3032527677875,643.3025186421843,657.5870361328125,22797700,META
2026-01-26,663.9456740004919,674.0776252750454,660.1124846991261,671.1627807617188,16327400,META
2026-01-27,673.3888389297905,675.6148486525956,663.4764668627315,671.7716674804688,13297400,META
2026-01-28,673.2989910894674,676.4733214975852,664.9139236867763,667.5392456054688,25709600,META
2026-01-29,736.1169233837337,742.6752321400184,711.2812198864386,736.995361328125,59852900,META
2026-01-30,726.2045952530067,730.8662626744616,712.3193905555435,715.2241821289062,23744600,META
2026-02-02,713.3275184694113,720.0156002559207,702.2672920108814,705.152099609375,14365200,META
2026-02-03,706.1104025957663,715.7232596178901,685.1877035052055,690.4683227539062,13760700,META
2026-02-04,686.5053883494637,687.603466213174,666.2715231343633,667.7987670898438,16882800,META
2026-02-05,662.3984025060512,680.2864759062725,652.3363345630947,669.0166015625,17131800,META
2026-02-06,664.3050190645899,670.7934451675868,645.3488423980709,660.2822265625,18159300,META
2026-02-09,661.9991209626965,682.0932819515241,657.6069922476072,676.0140991210938,14837500,META
2026-02-10,676.3934502400131,679.4380681924739,668.597359057372,669.5256958007812,10455800,META
2026-02-11,672.7998711552045,678.0605068549233,655.9299390360635,667.4993286132812,14323800,META
2026-02-12,668.7770306530766,674.7963229561075,644.1310518439949,648.6529541015625,14960100,META
2026-02-13,643.9513250294082,650.2700710327099,633.4401061931457,638.630859375,12336400,META
2026-02-17,638.3612593202278,641.4557148619026,627.6803003409905,638.151611328125,12674700,META
2026-02-18,632.67143641335,643.8515057528024,627.0315334227189,642.0746459960938,14649200,META
2026-02-19,637.432932921519,646.0375787806976,635.5861905818066,643.6318969726562,10035700,META
2026-02-20,638.5509584025834,662.1688021543367,637.6426055733327,654.4924926757812,14183500,META
2026-02-23,651.3780476889771,656.5288937722072,634.8675211939732,636.1152954101562,8605900,META
2026-02-24,631.9527259539814,639.9683956881865,627.8599900449855,638.16162109375,10135600,META
2026-02-25,641.3859599741169,652.7157261405878,640.9966397738364,652.5260620117188,11330700,META
2026-02-26,649.3916295582877,659.823034651462,646.3470725216666,655.8401489257812,10637700,META
2026-02-27,642.3043203814821,648.2836451675449,636.983793627941,647.02587890625,15703000,META
2026-03-02,636.0254184162494,658.764884603327,633.3701817354564,652.396240234375,9816100,META
2026-03-03,647.1356255764312,657.866484005116,637.7025010942567,653.91357421875,12263800,META
2026-03-04,656.788453587829,671.5720803574089,656.4989309709863,666.541015625,10810100,META
2026-03-05,660.751362594833,669.5057662619517,649.1520579976961,659.393798828125,13341400,META
2026-03-06,646.7463568472266,648.3135076492586,634.9773114336934,643.7117309570312,13159400,META
2026-03-09,633.6497720389343,646.596649067328,625.6640164348609,646.2373046875,13489700,META
2026-03-10,652.3962328583322,659.1242214972237,647.8443550809549,652.9053344726562,9859300,META
2026-03-11,653.5941111270305,657.9463328691638,647.2054829186618,653.6939086914062,8977200,META
2026-03-12,647.5948263527883,652.336368433984,635.7659510050273,637.0436401367188,11617500,META
2026-03-13,622.7790526456299,628.0496188589474,608.4645611002024,612.6171875,18957600,META
2026-03-16,631.4147932406764,634.1622468505053,622.5230098937741,626.8690185546875,15134900,META
2026-03-17,627.4085169382369,635.9605885584036,621.1243629754691,622.0834350585938,10348800,META
2026-03-18,615.769347359454,622.0735023862151,614.04090772979,615.1099243164062,11726300,META
2026-03-19,611.5832104537112,612.4323990135786,601.7023533616688,606.1382446289062,13247700,META
2026-03-20,602.9712077810872,603.400802317344,586.7062525156723,593.1102905273438,21214900,META
2026-03-23,605.2290499891692,608.0764476338709,598.4553596033379,603.5006713867188,13638000,META
2026-03-24,598.5452420228083,600.443507118967,590.4527665679026,592.3709716796875,10739700,META
2026-03-25,598.1855830392399,603.1110107561809,592.850561795072,594.3391723632812,12585000,META
2026-03-26,581.9506076701073,582.460145169462,542.8468364624507,547.032958984375,35780100,META
2026-03-27,539.599843303006,543.0966023049141,519.7782492802263,525.233154296875,30133000,META
2026-03-30,535.8833618164062,539.0504095872608,528.0505941707193,535.8833618164062,22795200,META
2026-03-31,549.4707059552647,573.1587727471259,546.2637174010383,571.6002197265625,32898300,META
2026-04-01,579.5928556215499,592.0013387220274,573.2887005646345,578.6936645507812,23608100,META
2026-04-02,565.5158531822124,577.9643377947169,559.1817578546791,573.9281005859375,13518500,META
2026-04-06,577.1550997330287,582.2503530791108,571.4703658572956,572.4894409179688,9515700,META
2026-04-07,571.9498894780604,574.6973431004155,564.2370671243236,574.5175170898438,9580800,META
2026-04-08,605.4388670235439,629.3667024291958,591.2820049792073,611.8529052734375,32036600,META
2026-04-09,626.3894374266143,636.9097166035551,622.4231426572783,627.8081665039062,19012900,META
2026-04-10,633.882449891805,637.9886903650855,623.7518859014353,629.2767333984375,13294800,META
2026-04-13,628.9171329935918,634.4120404303904,623.8218795800174,633.9425048828125,9538900,META
2026-04-14,642.624350345733,665.6430543798978,638.7779398291946,661.8765258789062,17818000,META
2026-04-15,666.3824145357423,677.8717665104965,663.6049593103575,670.9581909179688,14952600,META
2026-04-16,675.3640350842893,676.9525896021297,667.131674939706,676.2432250976562,9544800,META
2026-04-17,677.9716157075654,690.8796961433965,674.5048580761284,687.9124145507812,16283500,META
2026-04-20,680.7290935491282,682.7472426832454,667.381478611767,670.2887573242188,12534000,META
2026-04-21,670.3786762058809,675.5738733736962,666.7120915784461,668.220703125,8660100,META
2026-04-22,673.7355628200382,677.7518600207422,669.1298460769134,674.09521484375,9215600,META
2026-04-23,663.0854475032797,668.9400066983026,652.4452846667049,658.5396728515625,11667000,META
2026-04-24,659.7085674039201,680.0396994180859,653.2345872360809,674.4049682617188,13348300,META
2026-04-27,670.3786986745525,681.8680504402118,670.2188736545023,677.9916381835938,12805200,META
2026-04-28,673.6156618787633,677.5520159823654,665.0136491453696,670.7183837890625,10606800,META
2026-04-29,668.290599742094,673.6256820299297,663.1953464496755,668.5004272460938,18947500,META
2026-04-30,618.7465567527638,620.2751083620838,599.4444385151393,611.3433837890625,52765000,META
2026-05-01,614.120842749119,618.3069655430758,605.548770151405,608.1863403320312,21404000,META
2026-05-04,607.3771038685389,613.4314904063681,602.1919069095087,609.8447875976562,16203900,META
2026-05-05,612.7420849871345,613.7811000159977,599.8040642277598,604.3998413085938,17171300,META
2026-05-06,600.4934370812971,619.3759607512419,597.5461564796674,612.3125,19915500,META
2026-05-07,614.150739078972,624.4012480600104,612.9718390781961,616.2388305664062,12307400,META
2026-05-08,614.6303402495529,616.1988937552933,605.4987892063378,609.0654907226562,13557000,META
2026-05-11,604.010215830275,604.3498668649182,597.5262348938886,598.3054809570312,15940600,META
2026-05-12,594.2692320029287,603.1909559259367,592.0512559095129,602.441650390625,11351600,META
2026-05-13,598.275515544453,619.3260125714435,596.1074810052941,616.0590209960938,14634400,META
2026-05-14,615.429618202359,623.152441138389,614.4305441468357,617.8573608398438,10651200,META
2026-05-15,613.421486859321,620.6248329546977,608.7458274653094,613.6612548828125,13272600,META
2026-05-18,608.5459509764945,615.0199919776213,603.1309869574205,610.64404296875,13772400,META
2026-05-19,608.3561568042173,613.361527578881,599.9939118379299,602.052001953125,11749900,META
2026-05-20,600.2037495434126,607.4370360716302,597.2564688338498,604.499755859375,11329700,META
2026-05-21,599.4443949814065,609.0354809096541,594.2591985256718,606.8175659179688,13476100,META
2026-05-22,607.3171451453314,614.2407210713809,606.3880135859368,609.6949462890625,11688600,META
2026-05-26,608.3261927003538,613.9009818092591,604.7394901495815,611.7730102539062,12234200,META
2026-05-27,608.8357727220844,637.908804248614,608.4361186960156,634.6718139648438,23143600,META
2026-05-28,638.9078448274123,642.4046039468743,628.7272779804616,634.7017211914062,16772400,META
2026-05-29,632.9133899267435,633.9124639439917,622.7727642602187,631.92431640625,19806500,META
2026-06-01,629.8162791560948,635.1613007084701,598.974869401479,599.9139404296875,29138800,META
2026-06-02,602.68138962268,608.3161816139932,596.1274666259658,597.0765991210938,18252000,META
2026-06-03,602.4416570391962,623.5720977596394,599.7142043737263,622.4031372070312,23020100,META
2026-06-04,623.0924785224576,641.8051764288737,621.8536364911718,626.9888916015625,21469200,META
2026-06-05,622.8827460758752,628.567480013855,582.3702434655938,592.450927734375,30091600,META
2026-06-08,591.4518261333767,591.4518261333767,578.6836307521693,584.8479614257812,19512400,META
2026-06-09,590.4527436689563,597.0766092757164,580.4720040020986,584.0487060546875,16977400,META
2026-06-10,580.192266144374,590.7724873942649,570.0716409197756,570.4512939453125,17064000,META
2026-06-11,565.3060574843756,571.6401524850257,556.4942175026772,567.9036254882812,17628000,META
2026-06-12,572.4194595335534,575.5365655300229,560.3806300495169,566.4549560546875,14326400,META
2026-06-15,579.9000244140625,601.27001953125,579.2999877929688,593.47998046875,17653300,META
2026-06-16,593.6500244140625,605.8099975585938,592.0,600.2100219726562,11344400,META
2026-06-17,592.0,593.8099975585938,566.1900024414062,567.5800170898438,20478300,META
2026-06-18,572.8200073242188,580.219970703125,563.0999755859375,577.219970703125,28824600,META
2023-06-22,326.3969713207667,332.2582841920234,325.6350018399905,331.8577575683594,23556800,MSFT
2023-06-23,326.6314360457984,330.1482299651682,325.74249643584824,327.27618408203125,23146900,MSFT
2023-06-26,326.00619557719705,328.34093617153155,320.89707422323846,321.0045471191406,21520600,MSFT
2023-06-27,324.1892275549751,328.3800749537934,321.6884029069419,326.83660888671875,24354100,MSFT
2023-06-28,326.92453987884056,330.1678072397065,326.0941811528345,328.0870361328125,20259500,MSFT
2023-06-29,326.97337394490575,328.3410078355039,324.93168659890875,327.3055114746094,16997000,MSFT
2023-06-30,329.94312088694005,334.8080220472076,329.4058457163647,332.66864013671875,26832800,MSFT
2023-07-03,331.3498565292041,333.0203226963317,328.7904208148886,330.1775817871094,12508700,MSFT
2023-07-05,327.3445644884712,333.752931098431,326.99290001201024,330.3338317871094,18172400,MSFT
2023-07-06,329.50353744833353,335.06201951292167,327.7451550984621,333.38177490234375,28161200,MSFT
2023-07-07,331.47685037654594,333.8897591570252,329.210468483103,329.4253845214844,21214800,MSFT
2023-07-10,326.86590410565805,327.4813467591402,320.017927004541,324.159912109375,32791400,MSFT
2023-07-11,323.4077439781263,325.1661261312258,319.441590831674,324.78515625,26698200,MSFT
2023-07-12,328.8196854554752,333.75294560855826,327.91118903960694,329.40582275390625,29995300,MSFT
2023-07-13,331.711272694216,335.7946473564409,331.18374612162296,334.7396240234375,20567200,MSFT
2023-07-14,339.55566639937143,343.3069035731136,336.35148278353853,337.2599792480469,28352700,MSFT
2023-07-17,337.689815809939,338.9695335941496,334.29027291358,337.7386779785156,20363900,MSFT
2023-07-18,337.8363418414127,358.30210756551196,334.2609666964125,351.18060302734375,64738600,MSFT
2023-07-19,353.38833709875524,354.0819174710134,344.29353528638507,346.87249755859375,39732900,MSFT
2023-07-20,345.3974402048797,349.6957307761419,337.3869665581141,338.852294921875,33778400,MSFT
2023-07-21,341.07959326630163,342.20300571747845,331.97501253322577,335.8239440917969,69405400,MSFT
2023-07-24,337.8558195166584,338.9010940432824,334.3976368740866,337.1329040527344,26678100,MSFT
2023-07-25,339.0867373558683,343.7562790203098,337.09391224924093,342.8673095703125,41637700,MSFT
2023-07-26,333.547829841797,336.70318113968654,325.4103558990967,329.962646484375,58383700,MSFT
2023-07-27,332.61000460063315,333.4403334728924,321.4441800463063,323.0755920410156,39635300,MSFT
2023-07-28,325.9573926830905,332.1508430764587,325.4689499409115,330.5487365722656,28484900,MSFT
2023-07-31,329.1322504149572,329.89421985375384,325.654510875741,328.1553649902344,25446000,MSFT
2023-08-01,327.44229185029457,330.7148646247149,325.98674182307207,328.5657043457031,18311900,MSFT
2023-08-02,325.9183675778276,325.9183675778276,318.81638974847687,319.9300537109375,27761300,MSFT
2023-08-03,318.46465754141326,322.25497786737617,318.41582519365545,319.1094055175781,18253700,MSFT
2023-08-04,324.20875816253636,327.3934143700841,319.67599522143337,320.2035217285156,23741500,MSFT
2023-08-07,320.7798736154958,323.45653023504116,319.94951501235715,322.4796447753906,17741500,MSFT
2023-08-08,319.402549913974,321.15118371797996,315.53409077082136,318.5135803222656,22327600,MSFT
2023-08-09,318.92378395332815,319.5489751191951,313.6290518646597,314.78179931640625,22373300,MSFT
2023-08-10,318.48427153797036,320.67251582192995,313.7561482330681,315.4656982421875,20113700,MSFT
2023-08-11,312.8573931698293,314.9576912566164,311.8316453980151,313.5900573730469,24355500,MSFT
2023-08-14,313.9612774318456,316.56954529016974,312.6815298680751,316.5500183105469,18836100,MSFT
2023-08-15,315.53407413953244,317.57576163003193,313.4826082523493,314.42041015625,16966300,MSFT
2023-08-16,314.0484359824023,317.5922746110622,313.06948196765,313.6568603515625,20698900,MSFT
2023-08-17,313.7938817302348,315.09587723168505,309.5549947446499,310.2109069824219,21257200,MSFT
2023-08-18,307.8711670676138,311.679311641093,304.9930405423695,309.8193054199219,24755000,MSFT
2023-08-21,311.23880256380994,315.9769357985516,310.3675491383052,315.1056823730469,24040000,MSFT
2023-08-22,318.6494900944686,319.2172702035748,314.69450802744353,315.6734619140625,16084600,MSFT
2023-08-23,317.00485374224843,322.2716304158125,316.65241480901244,320.117919921875,21166400,MSFT
2023-08-24,325.84476921608996,325.97203798658785,313.2260407459276,313.23583984375,23281400,MSFT
2023-08-25,314.70429575926823,318.5124107055097,312.0904758312742,316.1825256347656,21684100,MSFT
2023-08-28,318.8061314202153,319.2858092722639,314.949050654982,316.88739013671875,14808500,MSFT
2023-08-29,315.1056626837717,322.0562408320529,315.1056626837717,321.49822998046875,19284600,MSFT
2023-08-30,321.7528000842896,322.86879202505213,319.57952117301215,321.8702697753906,15222100,MSFT
2023-08-31,322.2716344766663,323.94563727355137,319.9025529034829,320.8619384765625,26411000,MSFT
2023-09-01,324.3372334886783,325.0029150101556,319.9025732532159,321.7430114746094,14942000,MSFT
2023-09-05,322.0758315411327,327.80271780347465,321.7429908017799,326.5300598144531,18553900,MSFT
2023-09-06,326.3636529709045,327.4209100280818,323.23098856949474,325.8741760253906,17535800,MSFT
2023-09-07,324.31760527996926,326.06991103130065,322.10516018294953,322.9666442871094,18381000,MSFT
2023-09-08,323.14293413388583,329.08519230203217,322.5261883112032,327.2349548339844,19530100,MSFT
2023-09-11,330.1423875895978,331.29757584054045,328.37048350695864,330.8276672363281,16583300,MSFT
2023-09-12,328.7522562072044,329.70184254177326,324.5036005080368,324.7874755859375,17565500,MSFT
2023-09-13,324.33721264984047,329.76062559468676,324.2001746396606,328.98724365234375,16544400,MSFT
2023-09-14,332.01219710477335,333.68619984765456,329.48650927999284,331.5716857910156,20267000,MSFT
2023-09-15,329.829144347891,330.29902307578516,322.71213073688756,323.2701416015625,37679800,MSFT
2023-09-18,320.90106058890035,323.4463465779978,319.4913646526402,322.1345520019531,16834200,MSFT
2023-09-19,319.30536803908217,322.45760041034737,317.6803011768475,321.733154296875,16505900,MSFT
2023-09-20,322.5750579775089,322.65336113195434,313.7644742751729,314.01898193359375,21436500,MSFT
2023-09-21,312.54080796824985,318.50263318201627,308.37045511046944,312.80511474609375,35560400,MSFT
2023-09-22,314.5574848611761,314.6847536524901,309.4962798834054,310.33819580078125,21447900,MSFT
2023-09-25,309.9269765789233,310.9842634015669,308.3704436389246,310.85699462890625,17836000,MSFT
2023-09-26,308.4977104446982,309.2319257820145,303.49524107796117,305.5706481933594,26297600,MSFT
2023-09-27,305.7272930031046,307.6852008158054,303.1722376476752,306.2070007324219,19410100,MSFT
2023-09-28,304.4448112128742,308.8403337798226,302.93724397750015,307.0390625,19683600,MSFT
2023-09-29,311.06258297495117,312.746384776468,308.35089159051364,309.10467529296875,24147300,MSFT
2023-10-02,309.62346914878606,315.1154148364271,308.5466141242197,315.02728271484375,20570000,MSFT
2023-10-03,314.0777307403494,314.6259723470464,304.66020007739525,306.7943420410156,21033500,MSFT
2023-10-04,307.4209257783617,313.304448923499,307.3915583531491,312.2471618652344,20720100,MSFT
2023-10-05,312.3743651035606,313.24564832750764,308.27254628304615,312.638671875,16965600,MSFT
2023-10-06,309.8878196065806,322.2618102249638,309.6430811517103,320.3724365234375,25673600,MSFT
2023-10-09,317.9152672966711,323.3484492911128,316.37830256029935,322.8785705566406,19891200,MSFT
2023-10-10,323.99458765130214,324.1316555430621,320.7738506985827,321.47869873046875,20557100,MSFT
2023-10-11,324.23924213655874,325.81537310695785,322.2128307107535,325.4237976074219,20063200,MSFT
2023-10-12,323.6127589882386,326.6083551720829,321.8016885159057,324.1903381347656,19313100,MSFT
2023-10-13,325.38474129276136,326.80420669372097,319.4914189840269,320.8326110839844,21072400,MSFT
2023-10-16,324.0826582883067,329.06555964733286,323.6421469834392,325.63922119140625,22158000,MSFT
2023-10-17,322.65339394249423,326.4419405397074,320.51928173209353,325.0714111328125,18338500,MSFT
2023-10-18,325.4923293025366,328.52709196343386,321.3905106177838,323.16241455078125,23153600,MSFT
2023-10-19,325.15953397789394,329.7899967094516,323.9456406942705,324.3470153808594,25052100,MSFT
2023-10-20,324.73862771067326,324.9344304641934,318.6005967792609,319.794921875,25027700,MSFT
2023-10-23,318.620120705819,325.7273354388913,317.56286365993043,322.38909912109375,24374700,MSFT
2023-10-24,324.3273920928105,324.8560355263617,320.70528084515973,323.5736083984375,31153600,MSFT
2023-10-25,337.7586697804962,338.91385810810175,330.5144167677778,333.500244140625,55053800,MSFT
2023-10-26,333.37295718073534,334.4400133073603,320.0591786565096,320.98919677734375,37828500,MSFT
2023-10-27,323.47569046023347,329.63331810351394,321.4884154812009,322.8687438964844,29856500,MSFT
2023-10-30,326.39299310170355,332.3058824741977,324.84622935304117,330.2109069824219,22828100,MSFT
2023-10-31,331.7184951865434,331.8653322788638,327.64604386616816,330.9940490722656,20265300,MSFT
2023-11-01,332.6387311841403,340.1081537078223,332.5016633074158,338.78656005859375,28158800,MSFT
2023-11-02,339.9319707829099,341.4885040275744,337.51395325496594,340.9892578125,24348100,MSFT
2023-11-03,342.2716414539088,346.93147136857294,340.02002965992455,345.3749084472656,23637700,MSFT
2023-11-06,346.0112633950899,350.0151812088652,345.91336203130555,349.02642822265625,23828300,MSFT
2023-11-07,351.83600759444016,354.83160398439014,350.1032700356418,352.9422302246094,25833900,MSFT
2023-11-08,354.06800138493276,356.211912585882,352.9617788165993,355.5560302734375,26767800,MSFT
2023-11-09,354.6749477041347,357.11256296700316,352.77577495327927,353.0988464355469,24847300,MSFT
2023-11-10,353.8819674806025,362.3107744686887,353.4708236520889,361.88983154296875,28042100,MSFT
2023-11-13,360.4704270478989,360.7151655370174,358.1992466988061,358.96282958984375,19986500,MSFT
2023-11-14,363.2017106346947,364.1219297278,359.61873563127864,362.4772644042969,27683900,MSFT
2023-11-15,364.203659277244,366.0184055463694,360.11312341587404,362.6243591308594,26860100,MSFT
2023-11-16,363.88979560921166,369.17708096054344,363.1246629725075,369.0005187988281,27182300,MSFT
2023-11-17,366.4892506146671,367.2347751466243,360.00524677898665,362.8009338378906,40157000,MSFT
2023-11-20,364.1448542442713,371.64904556813445,363.9290460653395,370.2463073730469,52465100,MSFT
2023-11-21,368.5100468166504,369.0495522871196,364.0467481750121,365.9595947265625,28423100,MSFT
2023-11-22,370.79563367244174,372.5515261398846,367.82338415552084,370.64849853515625,23345300,MSFT
2023-11-24,370.1383196262545,370.7661360069796,367.9900871592884,370.2364196777344,10176600,MSFT
2023-11-27,369.5988127011877,373.38525913375906,369.0298803024762,371.3939208984375,22179200,MSFT
2023-11-28,371.1389381343408,375.70030662709087,370.9525569972749,375.4060363769531,20453100,MSFT
2023-11-29,376.4458788431164,376.9755653604363,370.2463253437472,371.62945556640625,28963400,MSFT
2023-11-30,371.27628513665223,372.8457964517108,368.3138546072338,371.68829345703125,30554400,MSFT
2023-12-01,369.579278745005,370.9525899274523,364.23313921740737,367.3721618652344,33040500,MSFT
2023-12-04,362.0652461744231,362.47722453595185,355.9834013927852,362.1044921875,32063300,MSFT
2023-12-05,359.4657262173714,365.96933781680315,358.6515286841893,365.4200134277344,23065000,MSFT
2023-12-06,366.4206763695036,367.0484629860128,361.01568236902807,361.77099609375,21182100,MSFT
2023-12-07,361.211844686289,364.37047528705625,359.33824414976533,363.8800048828125,23118900,MSFT
2023-12-08,362.16331218821597,367.3230398250767,361.2117985281366,367.0974426269531,20154400,MSFT
2023-12-11,361.45712746159734,364.5176583971401,359.1224832403728,364.2233581542969,27708800,MSFT
2023-12-12,363.7818485501349,367.2838138794258,363.3992673247469,367.24456787109375,24838300,MSFT
2023-12-13,368.8533792298406,370.44252860296217,363.7034396055238,367.2348327636719,30955500,MSFT
2023-12-14,366.19500581642444,366.63644114858533,357.18997650221536,358.9556579589844,43277500,MSFT
2023-12-15,359.8580993724713,365.30230824664153,359.2989559925913,363.6641540527344,78502300,MSFT
2023-12-18,362.4085843593443,365.89091216563435,361.65324079721444,365.5475769042969,21802900,MSFT
2023-12-19,364.4096508615579,366.14593505859375,362.7911046946417,366.14593505859375,20603700,MSFT
2023-12-20,367.8527690284867,368.8631367699809,363.46796282422974,363.5562438964844,26316700,MSFT
2023-12-21,365.45932148482285,367.27406804850153,362.9873613143247,366.420654296875,17708000,MSFT
2023-12-22,366.55795515551875,368.02936637236263,365.60644137118885,367.4407958984375,17107500,MSFT
2023-12-26,367.8527728468658,369.7558002532684,366.38136175547834,367.5192565917969,12673100,MSFT
2023-12-27,366.5677589576593,367.9116430236214,365.70452628978785,366.9405212402344,14905400,MSFT
2023-12-28,368.2157224809446,369.2849443001597,367.0287925621367,368.12744140625,14327000,MSFT
2023-12-29,368.83370931155366,369.9716041347207,366.3617494835299,368.8729553222656,18730800,MSFT
2024-01-02,366.73451711634624,368.7356447522221,359.7796503608471,363.801513671875,25258600,MSFT
2024-01-03,361.9770201686724,366.14601909825154,361.48654970636903,363.5367126464844,23083500,MSFT
2024-01-04,363.6053166389914,365.9889954484458,360.1720240549271,360.9273376464844,20901500,MSFT
2024-01-05,361.9376851103461,364.96878822939505,359.5147604251864,360.7409362792969,21004600,MSFT
2024-01-08,362.26142084093584,368.04899543580075,361.9769695664422,367.5487060546875,23134000,MSFT
2024-01-09,364.9197613954772,368.8238862439724,364.11538283242464,368.6277160644531,20830000,MSFT
2024-01-10,369.1966557593691,376.8480113734613,369.14762069750896,375.47467041015625,25514200,MSFT
2024-01-11,378.64313944413783,383.2339350900792,373.1302570741052,377.29925537109375,27850800,MSFT
2024-01-12,378.14285622037966,381.27205974083927,377.31886954764786,381.0660705566406,21661200,MSFT
2024-01-16,386.15716028479716,386.52010359232963,380.2322694497991,382.8317565917969,27202300,MSFT
2024-01-17,380.58540492477397,382.67478358686355,377.47580955942465,382.0469970703125,22234100,MSFT
2024-01-18,384.2541120354354,386.48083676243556,382.68460084723523,386.3631286621094,23392100,MSFT
2024-01-19,388.2171444423586,391.0716857910156,386.00020863284516,391.0716857910156,29331100,MSFT
2024-01-22,392.39593223013395,392.9845027036078,386.0884900033909,388.9528503417969,27016900,MSFT
2024-01-23,388.2073445307626,391.7681646348443,386.42202498468174,391.29730224609375,20525900,MSFT
2024-01-24,393.88696340305137,397.89900754206303,392.8177415608544,394.88751220703125,24867000,MSFT
2024-01-25,396.6139674673759,399.25270045475327,394.858075159448,397.1534729003906,21021200,MSFT
2024-01-26,396.6629700452043,398.42868119543533,394.7599427692064,396.2313537597656,17803300,MSFT
2024-01-29,398.32076431346576,402.1660648947645,396.6237261848935,401.9110107421875,24510200,MSFT
2024-01-30,404.4027091337588,405.17763089877684,398.70344484156703,400.8026428222656,33477600,MSFT
2024-01-31,399.2037024045015,407.4043839387936,389.6395285786488,390.0024719238281,47871100,MSFT
2024-02-01,394.1713822058696,400.2237994029656,394.1419551827626,396.084228515625,30657700,MSFT
2024-02-02,396.113671921669,404.78518434173446,395.86843674032343,403.3824462890625,28256700,MSFT
2024-02-05,402.0875769731937,403.32357180404665,396.2902139876251,397.9185791015625,25352300,MSFT
2024-02-06,398.14423897907153,400.1944015675409,395.23084373526007,397.76165771484375,18382600,MSFT
2024-02-07,399.67453429921477,406.4037740259386,399.6352882839393,406.1585388183594,22340500,MSFT
2024-02-08,406.15849214322577,407.63972220628386,404.6674730294275,406.21734619140625,21225300,MSFT
2024-02-09,407.3356331031592,412.799480086422,407.17867899598485,412.53460693359375,22032800,MSFT
2024-02-12,412.54443290280494,412.72099505038886,406.84516963028506,407.345458984375,21202900,MSFT
2024-02-13,397.22219404093613,402.25442543992307,395.70174768308635,398.5758972167969,27824900,MSFT
2024-02-14,401.03278856568113,402.7722538955099,397.5931465072421,402.42828369140625,20401200,MSFT
2024-02-15,401.1015670196542,402.07448469518283,397.3179549607251,399.5487976074219,21825500,MSFT
2024-02-16,400.9246260176193,401.24895188558764,396.4825852713034,397.0918884277344,22296500,MSFT
2024-02-20,396.2860326967427,397.51447618664315,391.1462443294289,395.84381103515625,24307900,MSFT
2024-02-21,393.2690069492409,395.35244235543763,390.3698682526408,395.24432373046875,18518900,MSFT
2024-02-22,403.1162117164581,405.7106689082216,401.5241536683513,404.551025390625,27009900,MSFT
2024-02-23,408.5017108463529,408.6884066709004,401.9172415297094,403.26361083984375,16295900,MSFT
2024-02-26,404.36422227590595,405.0521625314793,400.3349221888875,400.5118408203125,16193500,MSFT
2024-02-27,400.9541264549498,401.27845233828214,396.88553712565647,400.45294189453125,14835800,MSFT
2024-02-28,401.1408405413653,402.24152110085487,398.33017625490425,400.68878173828125,13183100,MSFT
2024-02-29,401.5929096701564,407.05702360240457,398.91981558888216,406.5066833496094,31947300,MSFT
2024-03-01,404.17753137688453,408.6982091819838,403.79427262351686,408.3345947265625,17823400,MSFT
2024-03-04,406.3101908967546,410.15276617969135,405.2095102002069,407.7646789550781,17596000,MSFT
2024-03-05,406.82113009418805,407.10613735676765,393.73086019090937,395.7061767578125,26919200,MSFT
2024-03-06,396.02071283324057,398.17294829822555,391.5197089331465,395.1558837890625,22344100,MSFT
2024-03-07,399.1163813277323,402.71326755552275,395.30328784063323,402.0843200683594,18718500,MSFT
2024-03-08,400.9246137706761,403.34221201538827,397.357209279769,399.2146301269531,18002200,MSFT
2024-03-11,396.7970720878644,398.68394443475927,394.34018518419236,397.5439453125,16120800,MSFT
2024-03-12,400.5905029088669,408.4034154899357,399.7748296289143,408.118408203125,22457000,MSFT
2024-03-13,410.88976201717287,410.968369200055,404.35444900675975,407.9414978027344,17115900,MSFT
2024-03-14,412.99286375239626,420.4421618629372,410.7816654727546,417.8869934082031,34157300,MSFT
2024-03-15,412.0592402980969,415.31215606424155,405.6713345351322,409.2387390136719,45079900,MSFT
2024-03-18,407.10616562272253,413.4744273628243,406.6442696787311,410.12322998046875,20106000,MSFT
2024-03-19,410.62439098905713,414.3981955018545,408.3837114296865,414.1426696777344,19837900,MSFT
2024-03-20,414.7225113763612,418.61421185332546,413.4056235884817,417.8968200683594,17860100,MSFT
2024-03-21,422.4174518440492,423.3903994195494,419.79351351352574,421.96539306640625,21296200,MSFT
2024-03-22,422.2897185739193,422.446932938044,418.7223141130456,421.34625244140625,17648500,MSFT
2024-03-25,417.9066492539799,420.03924040543956,414.3392444656493,415.56768798828125,18060500,MSFT
2024-03-26,418.2702405050307,418.64369211377476,414.08372560652526,414.3785400390625,16725600,MSFT
2024-03-27,417.1204243635022,417.13026150811925,411.78407332169564,414.1623229980469,16705000,MSFT
2024-03-28,413.70042062857715,414.5947310272611,411.89215553357553,413.4645690917969,21871200,MSFT
2024-04-01,416.6389267777452,420.51098325002465,414.9387501061958,417.24822998046875,16316000,MSFT
2024-04-02,412.8650690915943,415.0959414899842,410.6342266844982,414.1721496582031,17912000,MSFT
2024-04-03,412.49163417809825,415.9607570118389,411.86265678472216,413.19921875,16502300,MSFT
2024-04-04,417.66095627375125,421.27751676074166,410.3689323931849,410.673583984375,19370900,MSFT
2024-04-05,412.76683489834704,419.1547408159618,411.10597696046364,418.1817932128906,16554800,MSFT
2024-04-08,417.83783679739304,419.91143485729225,416.0000602813901,417.267822265625,14272400,MSFT
2024-04-09,419.08592477391875,420.3634939121141,414.3490398303801,418.9286804199219,12496900,MSFT
2024-04-10,414.90923013212864,416.7174952724338,412.4621804028437,415.9607849121094,16216600,MSFT
2024-04-11,418.4766338120234,421.96540116941117,415.07628079166767,420.55023193359375,17966400,MSFT
2024-04-12,416.73718451939897,417.84770230483133,412.53099493709567,414.624267578125,19253800,MSFT
2024-04-15,419.24317632918917,419.45938357073686,406.3002832613404,406.5066833496094,20273500,MSFT
2024-04-16,407.42070431973565,411.18464237420096,406.5951938062803,407.4305114746094,16765600,MSFT
2024-04-17,410.054408065017,411.6563030616971,403.2537321874578,404.7377014160156,15855500,MSFT
2024-04-18,403.5485840383649,404.786864609064,396.983789567324,397.2982482910156,21029900,MSFT
2024-04-19,397.0624207324797,398.48742718931453,390.91036608589934,392.2370910644531,30565800,MSFT
2024-04-22,393.18055056464544,395.90280071692837,388.9252352238132,394.0453796386719,20286900,MSFT
2024-04-23,397.26876128202184,401.1604915950337,396.10911790196513,400.5413513183594,15734500,MSFT
2024-04-24,402.4970231148721,405.3568429660157,399.76496617669443,402.0056457519531,15065300,MSFT
2024-04-25,387.2348667133991,392.9938253486681,381.3383380037112,392.1584777832031,40586500,MSFT
2024-04-26,405.0620486762338,405.8777219430486,398.7625869715763,399.31292724609375,29694700,MSFT
2024-04-29,398.2613746922827,399.31292950505053,392.30588312333157,395.3131103515625,19582100,MSFT
2024-04-30,394.5661760291184,395.2246348761621,382.4586608840312,382.6158752441406,28781400,MSFT
2024-05-01,385.8393454420747,394.7922572147303,383.57902141142335,388.1291809082031,23562500,MSFT
2024-05-02,390.8022983361386,393.0331410549717,387.84419663220166,390.97918701171875,17709400,MSFT
2024-05-03,395.3425632659736,400.1285739017596,394.9297930918896,399.64703369140625,17446700,MSFT
2024-05-06,401.71088030309346,406.7917060599517,399.36208182617884,406.408447265625,16996600,MSFT
2024-05-07,407.50911609687097,407.5189532422579,402.03516456718575,402.2808532714844,20018200,MSFT
2024-05-08,401.1310200807253,405.1210019721616,399.6961765499289,403.46014404296875,11792300,MSFT
2024-05-09,403.48962134136315,405.60253803694064,402.04497067197207,405.2094421386719,14689700,MSFT
2024-05-10,405.81873052839654,408.2166544093559,404.69837576819543,407.5876770019531,13402300,MSFT
2024-05-13,410.80135374265615,411.13548678399485,403.7353441559508,406.5853271484375,15440200,MSFT
2024-05-14,404.9146577068904,410.2903281379281,404.45276171039177,409.3763732910156,15109300,MSFT
2024-05-15,411.433999213995,417.2525598208021,410.81374213755174,416.5338439941406,22239500,MSFT
2024-05-16,415.2736916860826,418.83770651029647,413.846144823867,414.4762268066406,17530100,MSFT
2024-05-17,416.0021869426872,416.3763121358098,411.5619590644,413.7082214355469,15352200,MSFT
2024-05-20,413.7082803966284,420.1667782061981,413.49168315107727,418.7589111328125,16272100,MSFT
2024-05-21,420.22581467067795,426.27082729608003,418.2764696581723,422.4016418457031,21453300,MSFT
2024-05-22,423.43539455106486,425.71950537683756,420.5212017999642,423.8587341308594,18073700,MSFT
2024-05-23,426.27078715380964,426.8910441613392,418.83761804177703,420.3931579589844,17211700,MSFT
2024-05-24,420.58025544710625,424.39037161476875,417.84327052223153,423.5043029785156,11855300,MSFT
2024-05-28,422.98250841239616,424.1540984130066,419.99939161518114,423.6618347167969,15718000,MSFT
2024-05-29,419.1034664398289,424.27223522977,419.1034664398289,422.5296325683594,15517100,MSFT
2024-05-30,417.7349716036768,417.7349716036768,407.8306281783295,408.2539978027344,28394500,MSFT
2024-05-31,410.3017776619535,410.3017776619535,398.2511723788605,408.70684814453125,47995300,MSFT
2024-06-03,409.10070551791864,409.98677424724076,402.5929932498963,407.1217956542969,17484700,MSFT
2024-06-04,406.04859979558495,409.9965640062738,403.34114963612075,409.6322937011719,14348900,MSFT
2024-06-05,411.3453510614717,417.51832644992857,409.85870521580796,417.4494323730469,16988000,MSFT
2024-06-06,417.449510532203,418.7293842506858,414.0725584079514,417.95159912109375,14861300,MSFT
2024-06-07,419.60560716420275,419.68435613947076,416.4551073364084,417.2919616699219,13621700,MSFT
2024-06-10,418.12879037210877,421.45646767892094,417.33132559781046,421.2497253417969,13982900,MSFT
2024-06-11,418.89674157876317,426.1231693068597,418.670289453605,425.9853210449219,14551100,MSFT
2024-06-12,428.58444890305617,436.5394165910894,426.54647009815636,434.2356262207031,22366200,MSFT
2024-06-13,434.0289338170149,436.52964196122593,432.57182236972,434.74761962890625,15960600,MSFT
2024-06-14,431.49865916361745,436.2834778568933,429.96279885352675,435.7222900390625,13582000,MSFT
2024-06-17,435.741958721063,443.9627681496181,433.9008973733048,441.4325256347656,20790000,MSFT
2024-06-18,442.75181252074634,443.1751821409538,438.00641324566425,439.4339599609375,17112500,MSFT
2024-06-20,439.3945559147101,439.6210080275433,434.4423844149745,438.8038635253906,19877400,MSFT
2024-06-21,440.4578496032106,443.6083190884872,439.6013156180092,442.8207092285156,34187100,MSFT
2024-06-24,442.84045705555275,445.74482519591487,439.5029244573709,440.7434387207031,15913700,MSFT
2024-06-25,441.3143898379412,444.4353547941903,439.83759879553867,443.9726257324219,16413400,MSFT
2024-06-26,442.05279974277113,446.5816317625772,441.25533495755695,445.1639099121094,16507000,MSFT
2024-06-27,445.1836151073107,449.11190006347704,444.7799552473841,445.84326171875,14806300,MSFT
2024-06-28,446.05981801420484,448.33407381119525,439.5028621939787,440.0345153808594,28362300,MSFT
2024-07-01,441.7180347396165,450.293259356771,438.76445275458883,449.6631774902344,17662800,MSFT
2024-07-02,446.1878533998419,452.47896819642483,446.09921948918884,452.17376708984375,13979800,MSFT
2024-07-03,451.1006488720151,453.8868484229565,450.79544775657115,453.6407165527344,9932800,MSFT
2024-07-05,452.4986178155469,461.10340760685847,451.8685359116121,460.32562255859375,16000300,MSFT
2024-07-08,459.33123257528905,460.46346308739743,457.2735739768986,459.0260314941406,12962300,MSFT
2024-07-09,459.77431483044427,460.09919566591896,450.9135678636905,452.42974853515625,17207200,MSFT
2024-07-10,454.0837171765978,459.24263100795065,451.76021694759896,459.035888671875,18196100,MSFT
2024-07-11,455.81652839633193,457.58866578342753,444.5633568384772,447.6646423339844,23111200,MSFT
2024-07-12,447.3003093014831,449.29889867197954,443.67725577045155,446.5323791503906,16324300,MSFT
2024-07-15,446.28627396172595,450.185024234339,444.44521246679955,446.9360656738281,14429400,MSFT
2024-07-16,447.19208006387777,447.27082904351875,439.74905460392523,442.5647888183594,17175700,MSFT
2024-07-17,435.74195902538145,437.9670004651751,432.38471713490526,436.6575622558594,21778000,MSFT
2024-07-18,437.46491051123894,437.7701116080265,427.6787055457858,433.55633544921875,20794800,MSFT
2024-07-19,426.39883667006126,434.3144456334854,425.31585048613374,430.3467712402344,20940400,MSFT
2024-07-22,434.95434740544323,437.72086686190295,432.1189038234256,436.0865478515625,15808800,MSFT
2024-07-23,437.0317583747776,441.45230735280467,436.2441483800791,437.9670715332031,13107100,MSFT
2024-07-24,433.6351347306288,434.6491968195245,420.9740958851319,422.2638244628906,26805800,MSFT
2024-07-25,422.1653487650477,423.14987619224735,411.05005574464656,411.92626953125,29943800,MSFT
2024-07-26,411.7293257648009,422.28345954280974,410.8136925482291,418.6899108886719,23583800,MSFT
2024-07-29,424.90231413559286,425.46350195400487,418.1287909882396,420.12738037109375,15125800,MSFT
2024-07-30,421.1020622928212,422.4114705197089,410.90234276735913,416.3763427734375,32687600,MSFT
2024-07-31,413.9937419087569,415.2539356882569,405.83200193737093,411.87701416015625,42891400,MSFT
2024-08-01,414.2792724511176,420.84605305704525,406.69839983005807,410.65618896484375,30296400,MSFT
2024-08-02,406.10766494731143,408.57883813707474,398.08377329176966,402.1695556640625,29437900,MSFT
2024-08-05,383.1485859534076,394.83492274068107,379.61410573718445,389.0360412597656,40709200,MSFT
2024-08-06,393.81095153508136,399.39323499306323,392.3341604668248,393.4269714355469,24946500,MSFT
2024-08-07,402.31727423535324,403.73496598996115,391.3200904199489,392.2652282714844,20650900,MSFT
2024-08-08,396.2131882314223,399.58025493530266,393.75186986205176,396.4593200683594,20203000,MSFT
2024-08-09,397.77859311198716,401.73638233312255,396.03599047899144,399.73779296875,19276700,MSFT
2024-08-12,400.7616957993417,402.4354042920839,397.98532149531104,400.51556396484375,16762900,MSFT
2024-08-13,403.2525929980432,408.52967573215994,403.23291326546496,407.6042175292969,19414300,MSFT
2024-08-14,408.3819407203729,411.25677385836923,406.0683254390975,410.4100646972656,18267000,MSFT
2024-08-15,414.0495331175792,415.34158622213624,411.9388626649199,415.2626953125,20752100,MSFT
2024-08-16,414.83859034033384,415.5684441235936,411.5837759699612,412.7377624511719,22775600,MSFT
2024-08-19,413.22105614207504,415.9728470077707,410.75530126947416,415.755859375,15234000,MSFT
2024-08-20,415.92353667507666,420.0265262237166,415.86436096713305,418.9810485839844,16387600,MSFT
2024-08-21,418.2709333493598,420.55916118279697,415.9432751081222,418.33013916015625,16067300,MSFT
2024-08-22,418.5470440541718,420.94378045645306,408.9306008917766,409.85772705078125,19361900,MSFT
2024-08-23,411.2681797994915,413.51694694228206,406.4451490290269,411.0807800292969,18493800,MSFT
2024-08-26,410.6665125068156,411.5640508373135,405.7054152115458,407.8259582519531,13152800,MSFT
2024-08-27,407.2046168469379,408.68406980179446,404.6303831532702,408.17120361328125,13492900,MSFT
2024-08-28,409.1969879073614,409.3153393341326,401.7306743732061,404.9756164550781,14882700,MSFT
2024-08-29,409.2561363555491,416.26872882049446,404.975589475056,407.4610595703125,17045200,MSFT
2024-08-30,409.9071119024553,411.7712070065085,406.48464280287084,411.426025390625,24308300,MSFT
2024-09-03,412.18542969380115,414.1284456363182,401.45446023053216,403.8314514160156,20313600,MSFT
2024-09-04,400.3497951691964,405.60677088600426,398.8308818633999,403.298828125,15135800,MSFT
2024-09-05,402.0363656944642,407.44131080829675,400.56678553175374,402.79583740234375,14195500,MSFT
2024-09-06,403.4566466739337,405.02486305915306,395.3097834719027,396.1974792480469,19609500,MSFT
2024-09-09,401.66155199530795,403.0522412027111,396.641279237834,400.1623840332031,15295100,MSFT
2024-09-10,402.6084339185776,410.62704280907684,402.1152829853601,408.5262451171875,19594300,MSFT
2024-09-11,409.80842324527,418.1821164133012,403.9695029843538,417.2451477050781,19266900,MSFT
2024-09-12,417.51148327493246,421.51586685329676,414.00025068010603,421.15093994140625,17395700,MSFT
2024-09-13,419.9969351521576,425.914746697553,419.6320082561189,424.6917419433594,15874600,MSFT
2024-09-16,424.7016342113202,427.5914917589124,422.3542307072933,425.4314880371094,13834700,MSFT
2024-09-17,434.1997005769437,435.79750485485505,426.3487157034463,429.18927001953125,18874200,MSFT
2024-09-18,429.041298505566,430.05718819229855,424.5141766919007,424.90869140625,18898000,MSFT
2024-09-19,435.18597071101885,435.45226137137865,430.91526689777044,432.6807556152344,21706600,MSFT
2024-09-20,431.2309485866615,433.22326773049826,428.2720426762547,429.3076477050781,55167100,MSFT
2024-09-23,428.33121902605126,430.48135010026584,424.4945200082598,427.57177734375,15128900,MSFT
2024-09-24,427.0687217553129,427.4139334394583,420.2632446802758,423.29119873046875,17015800,MSFT
2024-09-25,423.9420900304973,427.18703138481084,422.69937022848495,426.19085693359375,13396400,MSFT
2024-09-26,429.1301061037402,429.3372210826113,423.251754987828,425.4018859863281,14492000,MSFT
2024-09-27,425.60900874647825,425.9345052473445,421.61449786891575,422.1569519042969,14896100,MSFT
2024-09-30,422.3443332995087,424.52408219664926,419.54323948144145,424.40570068359375,16807300,MSFT
2024-10-01,422.5810498180969,422.6106376703255,413.07308530803846,414.9273376464844,19092900,MSFT
2024-10-02,416.79143435299875,417.02816727140424,411.00184714518315,411.4161071777344,16582300,MSFT
2024-10-03,411.90926344701154,413.8029462214933,408.61501874387466,410.8341979980469,13686400,MSFT
2024-10-04,412.51087911578094,414.00020455197927,409.28568287863294,410.3607482910156,19169700,MSFT
2024-10-07,410.30158600641573,411.3963666559109,403.3974727803463,403.9300842285156,20919800,MSFT
2024-10-08,405.27145839926953,409.966265233936,402.57887338489604,409.0292663574219,19229300,MSFT
2024-10-09,410.16348810998284,414.6215919010832,408.62485957486433,411.7415771484375,14974300,MSFT
2024-10-10,409.5421995598772,411.63315503124784,407.49067449772366,410.1438293457031,13848400,MSFT
2024-10-11,410.4397214022164,411.4161507329335,407.58929422530787,410.61724853515625,14144900,MSFT
2024-10-14,412.0473312101826,418.2314633461143,411.80075573680847,413.3985900878906,16653100,MSFT
2024-10-15,416.3969398711013,416.69284850861214,409.57174739931537,413.0040588378906,18900200,MSFT
2024-10-16,409.4829836231505,410.65665522282575,404.85722518493617,410.4199523925781,15508900,MSFT
2024-10-17,416.57447660649984,416.7125733271007,409.89722324961605,411.0117492675781,14820000,MSFT
2024-10-18,411.426050618295,413.9016482902856,410.55810000040594,412.43206787109375,17145300,MSFT
2024-10-21,410.4199513395574,413.22104518863654,408.08242059822123,413.04351806640625,14206100,MSFT
2024-10-22,412.75749822543423,424.68188532771023,412.3136804024992,421.6539611816406,25482200,MSFT
2024-10-23,424.9580432083023,425.17503084101816,416.74216121867397,418.7838134765625,19654400,MSFT
2024-10-24,419.5038054447286,420.1449258075998,416.61394788419994,418.91204833984375,13581600,MSFT
2024-10-25,420.9142122484759,426.5952907757042,420.72681247783265,422.28515625,16899100,MSFT
2024-10-28,425.7470788183642,426.02324214447043,420.46048501920137,420.74652099609375,14882400,MSFT
2024-10-29,422.1372070838931,427.23640107681365,419.96733089551304,426.0331115722656,17644100,MSFT
2024-10-30,431.4479095602445,432.4933871760131,426.1810609771617,426.60516357421875,29749100,MSFT
2024-10-31,409.67040499598727,410.459464695632,400.734510831916,400.7838439941406,53971000,MSFT
2024-11-01,403.4073925009318,409.80848287841667,401.9180668422498,404.7487487792969,24230400,MSFT
2024-11-04,404.1864784886832,404.79801090779887,400.0144410053543,402.8648376464844,19672300,MSFT
2024-11-05,402.77606151667777,409.2166110709592,402.4900255666166,405.82373046875,17626000,MSFT
2024-11-06,406.77066424480597,414.69066771455005,404.8966664565658,414.4243469238281,26681800,MSFT
2024-11-07,415.5092700597973,421.0029789570154,414.12845339700306,419.6024169921875,19901800,MSFT
2024-11-08,419.4939629624982,420.65779206836214,416.00244554535874,416.7520446777344,16891400,MSFT
2024-11-11,416.7322894657105,418.99092936118404,410.301611581567,412.2840881347656,24503300,MSFT
2024-11-12,412.52082900640875,418.6260410534634,411.4852239022795,417.2353515625,19401200,MSFT
2024-11-13,415.8643474786666,423.4489813965326,412.4813090867046,419.3755798339844,21502200,MSFT
2024-11-14,419.17832483529844,422.30491523139983,414.24681513135374,421.0424499511719,30246900,MSFT
2024-11-15,414.0692593490907,417.00841966551917,407.97392100075103,409.3152770996094,28247600,MSFT
2024-11-18,409.18708769998454,412.6687324009395,406.4550421174999,410.0649108886719,24727000,MSFT
2024-11-19,407.4512222383487,412.215077958307,405.91259346035645,412.067138671875,18133500,MSFT
2024-11-20,411.1596854793811,411.57394553855335,404.9558378403451,409.798583984375,19191700,MSFT
2024-11-21,414.5818472703372,414.85856338751086,405.47983232208855,408.0295715332031,20780200,MSFT
2024-11-22,406.547145598137,412.50644943843054,406.2407824115055,412.11114501953125,24814600,MSFT
2024-11-25,413.47493016174343,416.1432573462543,409.9863169830385,413.880126953125,27691100,MSFT
2024-11-26,414.67080652096905,424.0100286609721,413.93949178519347,422.9723205566406,23458900,MSFT
2024-11-27,420.12605489536344,422.22122564388053,417.07228524559736,418.0309143066406,18332400,MSFT
2024-11-29,415.1649061905191,419.89875718802,412.9017454606376,418.4953918457031,16271900,MSFT
2024-12-02,416.6275643373692,427.9235529659965,416.370602899235,425.92724609375,20207200,MSFT
2024-12-03,424.80061260374794,427.3997836787713,422.72522667678595,426.1446838378906,18302000,MSFT
2024-12-04,427.95323167121506,434.5153999624501,427.55792723241916,432.2917785644531,26009400,MSFT
2024-12-05,432.78587611481566,439.4468472719849,431.05639296725934,437.4307556152344,21697800,MSFT
2024-12-06,437.1145294101148,440.8699968788184,436.5907442566123,438.3696594238281,18821000,MSFT
2024-12-09,437.41103647885797,443.0738395996816,435.33565050126293,440.7909240722656,19144400,MSFT
2024-12-10,439.1800467406791,444.34871163189086,436.42274787532307,438.1324462890625,18469500,MSFT
2024-12-11,438.8440482605507,445.07020661100427,438.8440482605507,443.72613525390625,19200200,MSFT
2024-12-12,443.8446923743848,450.81205740820604,443.8446923743848,444.2894287109375,20834800,MSFT
2024-12-13,443.1825414368637,446.13747735633456,440.3560560775405,442.0262451171875,20177800,MSFT
2024-12-16,442.02626356510217,446.8787030896928,440.0596036741231,446.2956237792969,23598800,MSFT
2024-12-17,445.7224537683285,449.9522746519603,444.2993336430134,449.1319885253906,22733500,MSFT
2024-12-18,446.0287948744165,447.34318887069384,431.89642797238076,432.2621154785156,24444500,MSFT
2024-12-19,436.44249480171817,437.9842031344139,431.2046434354816,431.90631103515625,22963700,MSFT
2024-12-20,428.0322193687478,438.5375984543802,423.6047620308359,431.4813232421875,64263700,MSFT
2024-12-23,431.61970806424813,432.51904296318025,427.7555447705133,430.1471862792969,19152500,MSFT
2024-12-24,429.55422661934296,434.44620567192754,429.0996280307953,434.1793518066406,7164500,MSFT
2024-12-26,433.9322924323696,435.7705018127553,431.5110338839644,432.9736633300781,8194200,MSFT
2024-12-27,429.5048044431988,430.1175308072659,421.35152651661633,425.4825134277344,18117700,MSFT
2024-12-30,421.0649558192297,422.5374777077036,416.9537232035626,419.849365234375,13158700,MSFT
2024-12-31,421.1044562623139,421.727075036825,415.72823181420273,416.5583801269531,13246500,MSFT
2025-01-02,420.54113855935236,421.0748161119684,409.98635677531166,413.672607421875,16896500,MSFT
2025-01-03,416.1432822085411,419.05870873446685,414.62135874681445,418.3866882324219,16662900,MSFT
2025-01-06,422.98218924692804,429.2281017096726,420.4917442238413,422.8339538574219,20573600,MSFT
2025-01-07,423.9704579117962,425.6011074871905,415.8665816173968,417.4181823730469,18139100,MSFT
2025-01-08,418.4954097350683,421.9642686702226,416.5979364179098,419.58251953125,15054600,MSFT
2025-01-10,419.651700779007,419.73074959963856,410.15435142162687,414.0382995605469,20201100,MSFT
2025-01-13,410.3717995418403,413.593589604229,407.45640284839305,412.2989501953125,17604800,MSFT
2025-01-14,412.9116481684101,414.8190138642203,405.90477401390683,410.7967529296875,16935900,MSFT
2025-01-15,414.2161960548363,423.13043625280113,413.3662628653434,421.31201171875,19637800,MSFT
2025-01-16,423.67398737859014,424.45470380326,419.4145196873236,419.6022644042969,15300000,MSFT
2025-01-17,429.0007970548674,429.386239236107,423.1502190446997,424.0001220703125,26197500,MSFT
2025-01-21,425.1564304696716,425.84820570918225,420.61035394801814,423.4763488769531,26085700,MSFT
2025-01-22,432.430120920086,442.0262741390286,430.888412499157,440.9688415527344,27803800,MSFT
2025-01-23,436.81806704057095,441.5123788470024,436.3239289556834,441.47283935546875,18389300,MSFT
2025-01-24,439.94102216929423,441.4135440071518,436.225094129831,438.8539123535156,15549500,MSFT
2025-01-27,419.03899970511213,430.09781275609777,418.53496919379126,429.4653015136719,35647800,MSFT
2025-01-28,429.5048071593075,443.1232508667098,426.32255685114393,441.95709228515625,23491700,MSFT
2025-01-29,441.4530954449331,441.6408703345489,435.23682974085557,437.1441955566406,23581400,MSFT
2025-01-30,413.86040812362955,417.90245411076046,408.3161931892364,410.1247253417969,54586300,MSFT
2025-01-31,414.06796458574274,415.7579084081136,410.0456732964256,410.19390869140625,34161900,MSFT
2025-02-03,406.774468051233,410.53979775772405,403.8689337668832,406.1024475097656,25679100,MSFT
2025-02-04,407.8516865143663,409.0672770356713,404.9362598096777,407.5354309082031,20532100,MSFT
2025-02-05,407.5156591589932,408.97828849654115,405.5885086845079,408.44464111328125,16316700,MSFT
2025-02-06,409.1463070589971,413.29707875974475,409.1463070589971,410.9449768066406,16309800,MSFT
2025-02-07,411.59727657785896,413.7418190108213,403.31551731813784,404.9461669921875,22886800,MSFT
2025-02-10,408.8597595122439,410.5892429521528,406.1024904859577,407.3872375488281,20817900,MSFT
2025-02-11,404.83747842325164,407.65404147500567,404.50143797348676,406.6163635253906,18140600,MSFT
2025-02-12,402.435914112503,405.93442005448907,399.6292135248499,404.2444763183594,19121700,MSFT
2025-02-13,402.2283921851393,406.1814967766394,401.5958809737979,405.7268981933594,23891700,MSFT
2025-02-14,403.0091510093491,404.1160155029715,401.1215398904841,403.6416320800781,22758500,MSFT
2025-02-18,403.2166455935164,405.78616946504144,401.7342314553049,404.8374328613281,21423100,MSFT
2025-02-19,403.098050601273,410.6188170610077,402.8707362463259,409.9072570800781,24114200,MSFT
2025-02-20,411.24417583261857,415.2250013636158,408.52096684547683,412.07598876953125,23508700,MSFT
2025-02-21,413.27418223243296,413.97725680128366,403.91626425407014,404.2331237792969,27524800,MSFT
2025-02-24,404.5301894031576,405.38179653354615,395.4297185716828,400.0641174316406,26443700,MSFT
2025-02-25,397.1923965138258,398.00441513588805,392.8352683816966,394.0235595703125,29387400,MSFT
2025-02-26,394.13254018558297,399.6680779917259,390.40916096474115,395.8357849121094,19619000,MSFT
2025-02-27,397.3607146060961,401.78716793671936,388.3493932994261,388.70587158203125,21127400,MSFT
2025-02-28,388.83463352266693,393.7562160246685,382.8039671137811,393.1224365234375,32845700,MSFT
2025-03-03,394.93457905310964,394.93457905310964,382.3979130752632,384.7052001953125,23007700,MSFT
2025-03-04,379.6648014174362,388.75535997703025,377.2881889484286,384.82403564453125,29342900,MSFT
2025-03-05,385.54698533291895,397.7568814720431,385.0221498844419,397.1131896972656,23433100,MSFT
2025-03-06,390.438848896208,398.23217304119834,388.8544303529959,393.0234375,23304600,MSFT
2025-03-07,388.497925986767,390.9537458547577,381.7839796807534,389.478271484375,22034100,MSFT
2025-03-10,382.08104715568106,382.6355890788174,373.5450301742595,376.4563903808594,32840100,MSFT
2025-03-11,375.3076750122287,382.23947903620126,373.2380400086461,376.7435607910156,30380200,MSFT
2025-03-12,379.2192427611773,381.46711712441265,375.25821149680263,379.5361022949219,24253600,MSFT
2025-03-13,379.42714079198,381.5661010325616,373.7727778338423,375.07989501953125,20473000,MSFT
2025-03-14,376.0801044136148,386.42831046600287,375.8127456880931,384.7745666503906,19952800,MSFT
2025-03-17,382.9327228246585,388.884151955574,381.8137266185015,384.9132385253906,22474300,MSFT
2025-03-18,383.2990634136601,383.5961286419255,377.38722360904,379.78363037109375,19486900,MSFT
2025-03-19,381.7740797920575,385.8836435250732,380.2589866011294,384.0417785644531,19185500,MSFT
2025-03-20,381.98202996781214,387.97310772514027,379.5460042678497,383.0713195800781,18470500,MSFT
2025-03-21,379.4865617188815,387.92354654843615,379.0706401827953,387.4482421875,39675900,MSFT
2025-03-24,391.54795482220453,391.54795482220453,386.01241696850974,389.25054931640625,21004500,MSFT
2025-03-25,390.08236222676067,392.4985634335279,388.81483346341923,391.3102722167969,15775000,MSFT
2025-03-26,391.1518020411883,391.4587795188397,384.784452111458,386.1708068847656,16108400,MSFT
2025-03-27,386.3292739557081,388.41870337339975,383.62585932715103,386.7748718261719,13766800,MSFT
2025-03-28,384.2992410074857,385.339029849346,373.2578723723651,375.1096496582031,21632000,MSFT
2025-03-31,368.91066922952973,373.39653609737746,363.66228447346174,371.73291015625,35184700,MSFT
2025-04-01,371.0000917512926,379.12021808448793,369.59394254927554,378.4666442871094,19689500,MSFT
2025-04-02,374.2877261088344,381.32844426453147,372.95087209109226,378.4171142578125,16092600,MSFT
2025-04-03,371.1386925275575,373.80248816308017,365.75168821202425,369.47503662109375,30198000,MSFT
2025-04-04,360.5825339787073,370.94062085342546,355.97784180916346,356.3343200683594,49209900,MSFT
2025-04-07,347.4616469003483,367.3856281525139,341.43098078163547,354.3736267089844,50425000,MSFT
2025-04-08,364.6722850479048,370.0097579671702,346.83773543404493,351.1057434082031,35868900,MSFT
2025-04-09,350.0957251156184,389.39905670107095,349.66000929830324,386.68572998046875,50199700,MSFT
2025-04-10,378.33787067807094,380.1599412978202,364.21678559967916,377.6347961425781,38024400,MSFT
2025-04-11,376.9317086118959,386.25000705363004,375.1987576222842,384.6656188964844,23839200,MSFT
2025-04-14,389.3891275283392,390.80518876293,380.4668961292061,384.0318298339844,19251200,MSFT
2025-04-15,384.7250528209778,388.07212889209285,380.41742551182244,381.9721374511719,17199900,MSFT
2025-04-16,376.9614484928254,377.892263018399,364.4148689208335,367.98968505859375,21967800,MSFT
2025-04-17,370.10883089247193,370.6732850580017,363.31567729138493,364.1969909667969,21120200,MSFT
2025-04-21,359.2853342749941,360.9291658129438,352.20499720618693,355.6213684082031,20807300,MSFT
2025-04-22,359.83984897446516,364.1870645763753,356.3541225187108,363.246337890625,19485000,MSFT
2025-04-23,372.3963282706759,376.68416126561135,369.38593623911186,370.74261474609375,20545500,MSFT
2025-04-24,372.0398293104223,384.6656149627633,371.53478821384334,383.52679443359375,22232300,MSFT
2025-04-25,383.2297752805051,388.33950924401097,380.8531625631297,388.03253173828125,18973200,MSFT
2025-04-28,388.1414067328739,388.9138065441973,382.87325863987553,387.3492126464844,16579400,MSFT
2025-04-29,387.48784509297593,391.2508426713115,386.5768248872523,390.201171875,14974000,MSFT
2025-04-30,386.4976013857663,392.7956566127169,380.6947052715702,391.4093017578125,36461100,MSFT
2025-05-01,426.90997818196183,432.73269823374693,420.7604863894309,421.255615234375,58938100,MSFT
2025-05-02,427.533877248033,435.1588741169636,425.80092616148227,431.0393981933594,30757400,MSFT
2025-05-05,428.652877068793,435.2182909345157,427.9002714913439,431.9207458496094,20136100,MSFT
2025-05-06,427.9894209087166,433.46554517602334,426.9694566129341,429.0885925292969,15104200,MSFT
2025-05-07,429.6134515274466,433.8517538131467,426.9100367836598,429.12823486328125,23295300,MSFT
2025-05-08,433.66356271096413,439.3476626606329,431.41568853142036,433.9012451171875,23491300,MSFT
2025-05-09,435.7133658474831,436.4461468377417,431.6335091661536,434.45574951171875,15324200,MSFT
2025-05-12,441.5955462250109,444.9921230759706,435.4955548202822,444.8832092285156,22821900,MSFT
2025-05-13,443.41763796979524,446.2794975271711,441.021200788799,444.764404296875,23618800,MSFT
2025-05-14,443.77414887416586,449.47801330220653,443.77414887416586,448.5273742675781,19902800,MSFT
2025-05-15,447.1979616790238,452.57502540604634,446.860659567107,449.5392761230469,21992300,MSFT
2025-05-16,448.4678177382938,450.7595102326154,445.17414935289,450.67022705078125,23849800,MSFT
2025-05-19,447.30711960117503,455.948090917999,447.22773658664954,455.2337951660156,21336500,MSFT
2025-05-20,451.9797648957129,454.70797307292094,450.71983965496236,454.5393371582031,15441800,MSFT
2025-05-21,450.967885651573,454.1524403651085,448.22974686474834,448.9837341308594,19216900,MSFT
2025-05-22,451.34489818162797,456.6028878213618,450.3032004241896,451.2555847167969,18025600,MSFT
2025-05-23,446.414273906322,450.0948666019555,445.3527455471655,446.6126708984375,16883500,MSFT
2025-05-27,452.86273735527834,457.29731705224054,452.5055743512772,457.03936767578125,20974300,MSFT
2025-05-28,457.56517641086623,458.8548627693229,453.3091629867606,453.7357482910156,17086300,MSFT
2025-05-29,457.8925405838875,458.0612067791374,451.7019977235154,455.0452880859375,13974800,MSFT
2025-05-30,456.07706236471586,458.0215223462663,451.9301930198663,456.71197509765625,34770500,MSFT
2025-06-02,453.5174918780263,458.44807895367734,453.2694729574846,458.3092041015625,16626500,MSFT
2025-06-03,457.8131864599202,460.4620419695056,457.20800452370844,459.3013000488281,15743800,MSFT
2025-06-04,460.3231580440434,461.99976852018625,459.3509128885598,460.1941833496094,14162700,MSFT
2025-06-05,461.2755213187348,465.92835889810493,460.35289815926444,463.9739685058594,20131700,MSFT
2025-06-06,466.3648774509946,469.58912358157227,465.0652606634985,466.652587890625,15285600,MSFT
2025-06-09,465.9779957450024,469.67841894667356,464.90653697170796,469.0038146972656,16469900,MSFT
2025-06-10,467.45617352695865,469.0534009468453,463.25968221899245,467.1883239746094,15375900,MSFT
2025-06-11,466.29544434484353,471.7022694228479,465.9383115986028,468.8748474121094,16399200,MSFT
2025-06-12,471.2557893550323,476.6130223697302,469.7676758011157,475.0752868652344,18950600,MSFT
2025-06-13,472.6348110082228,475.3828499324856,469.0137405811006,471.1962890625,16814500,MSFT
2025-06-16,471.44428961660435,476.8808754060361,471.23596219473825,475.3431701660156,15626100,MSFT
2025-06-17,471.63279762120845,474.9463269378011,470.3232503868908,474.25189208984375,15414100,MSFT
2025-06-18,474.21220825159133,477.1884355000323,470.70025162122124,476.4344482421875,17526500,MSFT
2025-06-20,478.4086860483398,479.62891980922967,473.09114443804276,473.616943359375,37576200,MSFT
2025-06-23,474.42052531416374,483.884936234588,468.76571183115124,482.1488037109375,24864000,MSFT
2025-06-24,485.07541514458467,487.9524285572733,482.9424282150726,486.2261962890625,22305600,MSFT
2025-06-25,488.1409520653471,490.64097201284227,485.5119574284625,488.3691101074219,17495100,MSFT
2025-06-26,489.07347716233096,494.09337765578726,488.9048109762518,493.508056640625,21578900,MSFT
2025-06-27,493.60723706055035,495.34336948151105,489.12306593539506,492.010009765625,34539200,MSFT
2025-06-30,493.101351114434,496.79187420420715,491.4048797426009,493.4684143066406,28369000,MSFT
2025-07-01,492.53583641461546,494.10330273882704,487.08935037246306,488.1508483886719,19945400,MSFT
2025-07-02,486.10716647659297,489.589361899926,484.82741061180644,487.1984558105469,16319600,MSFT
2025-07-03,489.8969147231798,496.1668406146565,489.5298515465148,494.8870544433594,13984800,MSFT
2025-07-07,493.4386378219278,494.7977767455099,491.3056810299541,493.77593994140625,13981600,MSFT
2025-07-08,493.29974399578276,494.2521585292929,490.19454200535324,492.6846618652344,11846600,MSFT
2025-07-09,496.33549554664154,502.76415743455226,495.77993553758444,499.52008056640625,18659500,MSFT
2025-07-10,499.06366987607214,500.4426696344743,493.8056807647675,497.5061340332031,16492100,MSFT
2025-07-11,494.51996982276876,501.0279839194423,493.85526578992295,499.33154296875,16459500,MSFT
2025-07-14,497.5458219138798,499.9764196247383,497.0597144820079,499.033935546875,12058800,MSFT
2025-07-15,499.033906939414,504.27206541624594,498.805748905247,501.8117370605469,14927200,MSFT
2025-07-16,501.17679603649344,502.70460109528983,497.9128887743687,501.6133117675781,15154400,MSFT
2025-07-17,501.6728265840105,509.30189104591364,501.6133044647972,507.6451416015625,17503100,MSFT
2025-07-18,510.4030974050004,510.5618634291492,503.40897568442307,506.0082092285156,21209700,MSFT
2025-07-21,502.69469811942383,508.03210080948105,501.54388660874696,506.0181579589844,14066800,MSFT
2025-07-22,506.92095727911294,507.1491456054249,501.26611328125,501.26611328125,13868600,MSFT
2025-07-23,502.7343595827018,502.77405108780124,496.7323137246232,501.861328125,16396600,MSFT
2025-07-24,504.73836945889843,509.59953458867506,503.28001689239056,506.8316650390625,16107000,MSFT
2025-07-25,508.4089964805577,514.1828842249572,506.3157313206406,509.63922119140625,19125700,MSFT
2025-07-28,510.0063394772861,510.91903225038106,506.0776975472671,508.4388427734375,14308000,MSFT
2025-07-29,511.4448055642593,513.5182098314434,507.50623361872493,508.50823974609375,16469200,MSFT
2025-07-30,511.08764202727673,511.86149016920456,505.4030674134904,509.1729431152344,26380400,MSFT
2025-07-31,550.8301860551579,551.0484742016899,527.6851029610986,529.2723999023438,51617300,MSFT
2025-08-01,530.7605061500977,531.5541546097426,516.7325410439772,519.956787109375,28977600,MSFT
2025-08-04,524.0839138486996,533.9848111754816,523.9450087012631,531.3955078125,25349000,MSFT
2025-08-05,532.9231983823397,533.0422426180032,523.0619638515897,523.5679321289062,19171600,MSFT
2025-08-06,526.6930052823053,527.4866537198485,519.8774501718309,520.7802124023438,21355700,MSFT
2025-08-07,522.6255013664995,523.9053178574718,513.4488005319126,516.7127685546875,16079100,MSFT
2025-08-08,518.4586971346826,520.5023704990598,515.2939734705193,517.9031372070312,15531000,MSFT
2025-08-11,518.1611446296885,523.4092640243366,515.6015722772428,517.6353759765625,20194400,MSFT
2025-08-12,519.5996565820958,526.7723446368122,518.5579891899393,525.046142578125,18667000,MSFT
2025-08-13,527.8934364066101,528.4787877679453,515.2544004746543,516.454833984375,19619200,MSFT
2025-08-14,518.4191046945965,521.7822560401938,516.0182983192124,518.3397216796875,20269100,MSFT
2025-08-15,518.6274679925785,521.9310366989816,514.9667059909838,516.0480346679688,25213300,MSFT
2025-08-18,517.4568516493948,518.6770855269226,509.94683045407294,513.0023803710938,23760600,MSFT
2025-08-19,510.9189744125155,511.0776798784135,504.5200741760794,505.73040771484375,21481000,MSFT
2025-08-20,505.829663283555,506.9507137373093,500.4426991689255,501.7125549316406,27723000,MSFT
2025-08-21,500.5200933584279,504.43529989468334,499.55619671725805,501.0666198730469,18443300,MSFT
2025-08-22,501.0765850227361,507.5158151187978,499.2481684011306,504.037841796875,24324200,MSFT
2025-08-25,503.44159720621536,504.9917771303553,500.9473838488724,501.0865173339844,21638600,MSFT
2025-08-26,501.18583887731603,501.8019624337255,495.37267961289456,498.8804626464844,30835700,MSFT
2025-08-27,498.8407434548062,504.09746017877256,496.75395340313815,503.5509033203125,17277900,MSFT
2025-08-28,503.89867767213724,507.87350408410515,502.3186878124423,506.4326477050781,18015600,MSFT
2025-08-29,505.4588240002719,506.39291066950057,501.3150539612025,503.501220703125,20961600,MSFT
2025-09-02,497.32034095368414,502.81553721257154,493.68337117589067,501.9410705566406,18128000,MSFT
2025-09-03,500.619436889999,504.59426313425837,499.158687032213,502.16961669921875,16345100,MSFT
2025-09-04,501.1262461318779,504.95202275876863,499.983489561643,504.7731628417969,15509500,MSFT
2025-09-05,505.86625611105876,508.7479993566889,489.27134277765646,491.8847961425781,31994800,MSFT
2025-09-08,494.975206462802,498.04578670760833,491.9146033142146,495.0646667480469,16771000,MSFT
2025-09-09,498.27429847652155,499.0891451753406,494.5677922273047,495.2733154296875,14410500,MSFT
2025-09-10,499.81456783685906,500.06299449245154,493.5939546766565,497.2209777832031,21611800,MSFT
2025-09-11,499.08915061774627,500.00337405269875,494.7466575341409,497.8569641113281,18881600,MSFT
2025-09-12,503.4614629424367,509.32432605160386,500.67909648146514,506.6910095214844,23624900,MSFT
2025-09-15,505.58800862213144,512.2259313574772,503.80926524972944,512.1166381835938,17143800,MSFT
2025-09-16,513.6270820344445,513.9748550906477,505.3991924428879,505.83642578125,19711900,MSFT
2025-09-17,507.4064717390096,508.07226852063866,502.74598524416496,506.81024169921875,15816600,MSFT
2025-09-18,508.270968235188,509.84104161182444,504.4650853819943,505.2501220703125,18913700,MSFT
2025-09-19,507.34685812925306,516.0318444319288,507.09843147001845,514.6704711914062,52474100,MSFT
2025-09-22,512.3452424901319,514.48167541423,509.3143886623668,511.21240234375,20009300,MSFT
2025-09-23,510.56645428814153,511.35152134239047,504.1173079645634,506.0252380371094,19799600,MSFT
2025-09-24,507.16798604562155,509.2547456727144,503.72976965544393,506.9394226074219,13533700,MSFT
2025-09-25,505.10107733704126,506.8003375404676,501.8616142840625,503.8390808105469,15786500,MSFT
2025-09-26,506.849997214163,510.70558375978015,503.4316440082871,508.2411804199219,16213100,MSFT
2025-09-29,508.2809533120173,513.5972596483151,505.677446731691,511.3614196777344,17617800,MSFT
2025-09-30,510.0099885223437,514.8990082310244,506.45253207823936,514.6903686523438,19728200,MSFT
2025-10-01,511.56013673304216,517.2342231556227,508.4697238165545,516.4392700195312,22632300,MSFT
2025-10-02,514.3823296081488,518.3173691617891,507.4661094259624,512.4942626953125,21222900,MSFT
2025-10-03,513.8456285403139,517.2143082734997,511.75886906280147,514.0940551757812,15112300,MSFT
2025-10-06,515.3461902238155,527.6880704621805,514.9387971845453,525.2435302734375,21388600,MSFT
2025-10-07,524.9652461341774,526.4657528279373,518.1583800775612,520.682373046875,14615200,MSFT
2025-10-08,519.9868698926625,523.6337564909833,519.798063194055,521.5469360351562,13363400,MSFT
2025-10-09,519.0527457511332,521.0302122328587,514.1438325922749,519.1123657226562,18343600,MSFT
2025-10-10,516.3697201998212,520.2849266906686,506.42270727517143,507.74432373046875,24133800,MSFT
2025-10-13,513.1600441163425,513.1600441163425,508.45983088995337,510.8149108886719,14284200,MSFT
2025-10-14,507.0189143190136,512.0371506947121,502.815524609146,510.337890625,14684300,MSFT
2025-10-15,511.7192223799748,513.9351689053381,506.79041532984223,510.1988220214844,14694700,MSFT
2025-10-16,509.3541552294708,513.597241245564,504.93214864922606,508.3902282714844,15559600,MSFT
2025-10-17,505.8364332653001,512.235876086287,504.1173098719632,510.3478698730469,19867800,MSFT
2025-10-20,511.3713853844849,515.4356724346321,510.1988187679518,513.5376586914062,14665600,MSFT
2025-10-21,514.2431942660954,515.4257076122852,509.81124074780416,514.4021606445312,15586200,MSFT
2025-10-22,517.870184130928,521.9244631183706,514.4518312300626,517.2639770507812,18962700,MSFT
2025-10-23,519.1720024577996,520.6526156742948,515.3461954332505,517.283935546875,14023500,MSFT
2025-10-24,519.4999115166443,522.0437982801024,517.4330452189278,520.3147583007812,15532400,MSFT
2025-10-27,528.4333612309177,531.2157277722118,525.6807743511338,528.1749877929688,18734700,MSFT
2025-10-28,546.5385938392855,550.2351530342114,537.3667019364588,538.6585083007812,29986700,MSFT
2025-10-29,541.5104645203966,542.8321112501552,533.3521116884923,538.1417846679688,36023000,MSFT
2025-10-30,527.1414993194383,531.6032326010347,518.834126044735,522.4512329101562,41023100,MSFT
2025-10-31,525.5515477587454,525.9887810857076,511.85824179468614,514.5512084960938,34006400,MSFT
2025-11-03,516.5385956979154,521.6562086548496,511.3514766558802,513.776123046875,22374700,MSFT
2025-11-04,508.53927600780713,512.3054020147877,504.64393297114844,511.0931091308594,20958700,MSFT
2025-11-05,510.06960470137113,511.5900049686576,503.39189488693165,503.96826171875,23024300,MSFT
2025-11-06,502.47768369906356,502.51744045426454,492.6896676102462,493.9715576171875,27406500,MSFT
2025-11-07,493.8225155697467,496.2372153715257,490.1457889557352,493.6933288574219,24019800,MSFT
2025-11-10,496.8930989278779,503.6602390221828,495.6608820179433,502.8155822753906,26101500,MSFT
2025-11-11,501.6230817360039,506.39289163210333,499.18851875070465,505.4786682128906,17980000,MSFT
2025-11-12,506.1543604609167,508.4498505213197,495.9788149582036,507.9231872558594,26574900,MSFT
2025-11-13,507.09842927280135,510.2683558569415,498.13520636364063,500.12261962890625,25273100,MSFT
2025-11-14,495.0944623167857,508.38031503091224,494.30942559248354,506.96923828125,28505700,MSFT
2025-11-17,505.2501533046029,508.8970396915909,501.73242330739504,504.2961730957031,19092800,MSFT
2025-11-18,492.2524466910109,499.8145698875434,483.71651040889276,490.6824035644531,33815100,MSFT
2025-11-19,487.0156390818261,492.0736023312663,479.79137227085766,484.05438232421875,23245300,MSFT
2025-11-20,490.5255566668064,491.3817596467919,473.39186588492817,476.3088684082031,26802500,MSFT
2025-11-21,476.3785437287191,476.796695003642,466.19388806310616,470.0268249511719,31769200,MSFT
2025-11-24,472.8940955697233,474.7856658755464,465.9450303435204,471.8985290527344,34421000,MSFT
2025-11-25,471.9681767111092,477.0256407210385,462.82888433135173,474.8752136230469,28019800,MSFT
2025-11-26,484.1539100429923,486.14504291080743,479.06658014921754,483.3475036621094,25709100,MSFT
2025-11-28,485.4382224868377,490.44592067381114,484.49242217644115,489.82867431640625,14386700,MSFT
2025-12-01,486.27447583839387,487.68816317334665,482.5012705124726,484.5820007324219,23964000,MSFT
2025-12-02,484.56211884124775,491.312058367048,484.16389832530854,487.82757568359375,19562700,MSFT
2025-12-03,474.2082166599713,482.09308589504883,473.0931871020635,475.6119689941406,34615100,MSFT
2025-12-04,477.6329620200481,479.186043226252,474.3774403367437,478.7081604003906,22318200,MSFT
2025-12-05,480.3807061976695,481.2568095233099,476.7568601661199,481.01788330078125,22608700,MSFT
2025-12-08,482.74025101921535,490.11737199051475,482.2325023858298,488.8430480957031,21965900,MSFT
2025-12-09,486.93155551686203,489.93815525049575,486.33420957194573,489.8385925292969,14696100,MSFT
2025-12-10,481.88401246545567,482.10303829287767,472.973680864489,476.4382629394531,35756200,MSFT
2025-12-11,474.51683677020293,483.8751552220924,473.750231167373,481.3265075683594,24669200,MSFT
2025-12-12,477.69270598810584,480.31105063829824,474.22812377070755,476.4084167480469,21248100,MSFT
2025-12-15,477.97146396596463,478.588710310573,470.42505317808707,472.7148742675781,23727700,MSFT
2025-12-16,469.8177748762136,475.7712732838117,468.79234263095657,474.2779235839844,20705600,MSFT
2025-12-17,474.79560024235434,477.8718969329872,472.8940646732686,474.00909423828125,24527200,MSFT
2025-12-18,476.06992080908344,487.4293375934554,475.7712630284666,481.8342590332031,28573500,MSFT
2025-12-19,485.1992432324443,485.68709144559693,480.35083955461556,483.7656555175781,70836100,MSFT
2025-12-22,483.9647726311972,486.5632169440421,480.5499868948874,482.7701110839844,16963000,MSFT
2025-12-23,482.829854335465,485.66719456773416,482.5908977144131,484.6915588378906,14683600,MSFT
2025-12-24,483.5267014178325,486.99128356758627,482.680463867149,485.8563232421875,5855900,MSFT
2025-12-26,484.5521629916047,485.95591540329985,483.8054881161676,485.5477294921875,8842200,MSFT
2025-12-29,482.71034015280554,486.1848877649252,482.0333622504328,484.9404296875,10893400,MSFT
2025-12-30,483.77560983811236,487.5089841188462,483.3475235456682,485.3187561035156,13944500,MSFT
2025-12-31,485.6771523949816,485.97584057107747,481.15727202744546,481.4758605957031,15601600,MSFT
2026-01-02,482.24244872265706,482.5112407273309,468.07552715971417,470.84320068359375,25571600,MSFT
2026-01-05,471.95822796941724,473.95932625248497,467.41844739653146,470.75360107421875,25250300,MSFT
2026-01-06,471.69937935780575,476.617480129593,467.6673473241013,476.3885192871094,23037700,MSFT
2026-01-07,477.63296458601815,487.5288974221053,475.83099176167434,481.3265075683594,25564200,MSFT
2026-01-08,479.10639276886474,480.5201105081445,473.7502403609407,475.9902648925781,18162600,MSFT
2026-01-09,471.9582322108041,477.6927047258898,470.106493184136,477.15509033203125,18491000,MSFT
2026-01-12,474.5566738594685,478.85749783991434,473.57104241242143,475.06439208984375,23519900,MSFT
2026-01-13,472.57548334410274,473.6706125344443,463.88420753037366,468.5832824707031,28545800,MSFT
2026-01-14,464.3919508718589,466.12425727832346,455.14315976714454,457.3433532714844,28184300,MSFT
2026-01-15,462.06232415810086,462.191752665677,453.8787662235596,454.6354064941406,23225800,MSFT
2026-01-16,455.8001987238622,461.13645097900303,454.4562082505655,457.8211975097656,34246700,MSFT
2026-01-20,449.2194951600843,454.77474258752966,447.28809381488645,452.5048522949219,26130000,MSFT
2026-01-21,450.5933708341933,450.6829681667298,436.73507280530305,442.1409912109375,37980500,MSFT
2026-01-22,445.6354487179439,450.8323067932568,442.7284117030413,449.1398620605469,25349400,MSFT
2026-01-23,449.8665935761158,469.01134678020316,448.5325382185013,463.8841857910156,38000200,MSFT
2026-01-26,463.2470104625561,472.14737672642065,459.9516880286902,468.1949768066406,29291200,MSFT
2026-01-27,471.59986874099184,480.72919663912324,471.06225431764057,478.4493408203125,29213900,MSFT
2026-01-28,481.0676409982362,481.59528998521284,475.8807484603396,479.4946594238281,36875400,MSFT
2026-01-29,438.0392806211351,440.5381621786467,419.1533835040837,431.57806396484375,128855300,MSFT
2026-01-30,437.2229285851671,437.65101486434605,424.55932220203715,428.3822937011719,58566800,MSFT
2026-02-02,428.33251789753194,428.8303011436502,420.37795134689077,421.49298095703125,42219900,MSFT
2026-02-03,420.1390072256922,420.178808008447,406.7486263222299,409.3868713378906,61424100,MSFT
2026-02-04,409.17783910585314,417.93881231579195,407.4256323109538,412.35369873046875,45012400,MSFT
2026-02-05,405.6335909812077,406.4897635323938,390.5806313349955,391.9246520996094,66289200,MSFT
2026-02-06,397.4002746193236,400.0086538663787,391.17798428483076,399.3615417480469,53515300,MSFT
2026-02-09,403.0550898097971,413.05058563481117,399.0927243377603,411.76629638671875,45480500,MSFT
2026-02-10,417.75959730190846,421.80159473973595,410.8702943432265,411.437744140625,44857900,MSFT
2026-02-11,414.33481566901673,414.61357304478975,399.2320904458023,402.5771789550781,42491000,MSFT
2026-02-12,403.20440420967,404.3990960787573,396.24540458526855,400.05841064453125,40802400,MSFT
2026-02-13,402.65686886295305,403.7420326637702,396.2852191820681,399.5407409667969,34091600,MSFT
2026-02-17,397.45004705087115,398.7442713079252,392.78083787972264,395.1004943847656,32078800,MSFT
2026-02-18,396.3648548030424,400.77520665339193,394.56288205367116,397.8283386230469,23223400,MSFT
2026-02-19,399.82403795970674,403.55594539020564,395.8127368785549,397.5988464355469,28234000,MSFT
2026-02-20,395.2539159508346,399.2552593187824,394.3059873534157,396.37152099609375,34015200,MSFT
2026-02-23,394.14630950985264,394.50551684604494,382.27203437696886,383.6390686035156,43238300,MSFT
2026-02-24,383.30981969967445,388.5185091169527,380.88504821898124,388.1593017578125,33884700,MSFT
2026-02-25,389.68597856263057,400.60233728073825,389.31678308531696,399.7342224121094,43625500,MSFT
2026-02-26,403.8353349281015,406.6093255926281,397.8782360341113,400.851806640625,34405900,MSFT
2026-02-27,390.03523926255787,395.9624042352165,389.0374004516944,391.8912048339844,51367200,MSFT
2026-03-02,392.01092411942045,400.32293811697235,389.78576315389057,397.6886291503906,35474900,MSFT
2026-03-03,392.2903484387299,405.82103971635513,391.82136299902305,403.0570068359375,38199200,MSFT
2026-03-04,400.4027502952161,410.14166638677375,399.44483360720756,404.32427978515625,35808000,MSFT
2026-03-05,403.54596943015656,410.72040218284053,403.525993165685,409.79241943359375,39001300,MSFT
2026-03-06,408.31564337314285,412.1572983375802,407.6271321747383,408.0761413574219,31123900,MSFT
2026-03-09,404.044890641513,409.3234358422322,402.62794618065146,408.5251770019531,30131900,MSFT
2026-03-10,409.1438479339772,409.31349393117443,402.05918625996463,404.8830871582031,31706400,MSFT
2026-03-11,404.6934855668013,408.1260534422115,400.7220762180728,404.0049743652344,25512100,MSFT
2026-03-12,403.7555185610488,405.2422886286942,400.84181586601125,400.9914855957031,27263900,MSFT
2026-03-13,400.13336309353434,403.9251383935716,393.3979511212616,394.69512939453125,26848000,MSFT
2026-03-16,397.209690545171,399.7641553863696,393.9367805641587,399.08563232421875,27733700,MSFT
2026-03-17,399.4049101655112,403.5259891234105,396.8903674487218,398.5467834472656,26228300,MSFT
2026-03-18,396.271723303423,397.13983817793417,390.1549666521916,390.9432678222656,25908500,MSFT
2026-03-19,389.2569126674818,391.6417315076428,386.2234742615233,388.1792297363281,25138800,MSFT
2026-03-20,385.95408868282834,386.16362631018524,379.29849030352204,381.0447082519531,50853200,MSFT
2026-03-23,383.07032058481127,386.3731646745857,380.85511716508233,382.1722717285156,29680100,MSFT
2026-03-24,381.53362193174286,381.6434000325674,371.04635704379217,371.9344177246094,42733600,MSFT
2026-03-25,376.10542586510894,376.2451074667104,368.831172255135,370.2381286621094,31181200,MSFT
2026-03-26,370.01860155518807,373.9101668945663,364.4007640805619,365.1790771484375,36836600,MSFT
2026-03-27,361.11784971721505,361.6666793192034,355.73951450811694,355.9989318847656,37883400,MSFT
2026-03-30,361.1178525849577,364.5703662773937,355.51000344849933,358.1842041015625,44797000,MSFT
2026-03-31,363.7621155862403,372.09407550142714,362.28533367877645,369.3699951171875,45244400,MSFT
2026-04-01,372.682807332766,373.1817267376728,367.4042619540212,368.57171630859375,29417200,MSFT
2026-04-02,366.41637016886637,372.83249667260446,363.3629859357669,372.6528625488281,24099100,MSFT
2026-04-06,372.682794233078,372.92229624611906,368.70142726638517,372.0741271972656,16146600,MSFT
2026-04-07,369.5396147715723,371.64507045865594,365.7677853538718,371.48541259765625,21443300,MSFT
2026-04-08,384.148004001906,384.167949815935,370.6073237610428,373.52099609375,33064800,MSFT
2026-04-09,371.6949574789129,372.6927962909368,366.2567237727329,372.26373291015625,30435300,MSFT
2026-04-10,372.17393720824543,374.8281921461914,369.23030048358606,370.0684814453125,28111100,MSFT
2026-04-13,372.8025510733858,383.70895264062807,370.2181521550117,383.539306640625,35745800,MSFT
2026-04-14,387.0816509997633,393.83700889302276,385.684652281273,392.2604064941406,37504500,MSFT
2026-04-15,397.1398382929036,413.47445440771634,395.8725939925935,410.3312683105469,45063400,MSFT
2026-04-16,418.95258572248235,419.9105328997013,411.2492993874727,419.35174560546875,41642400,MSFT
2026-04-17,423.9018933176335,430.64726300981,419.78081413338697,421.87628173828125,48568200,MSFT
2026-04-20,420.2398034863272,422.4150847565369,415.40027922801784,417.1664733886719,27582200,MSFT
2026-04-21,419.33177508554746,426.25677891783357,416.2983670043314,423.2433166503906,32048500,MSFT
2026-04-22,425.2689090952171,432.7626880248645,422.7543663498755,431.984375,29378200,MSFT
2026-04-23,418.9825380949446,422.7443793162959,410.5208543154444,414.8514709472656,38308000,MSFT
2026-04-24,416.0688403922519,424.0316048781353,414.9013556123021,423.7023010253906,27457400,MSFT
2026-04-27,421.46715688013995,426.1869149113369,416.1686352924954,423.9018859863281,30867300,MSFT
2026-04-28,423.6524179624475,428.99086152362304,420.9881750222059,428.3222961425781,30438100,MSFT
2026-04-29,423.6623688360089,425.8975483734993,419.38166246548025,423.5426330566406,38288300,MSFT
2026-04-30,409.92216255995794,413.5243765293071,397.1498378648014,406.8987121582031,70909400,MSFT
2026-05-01,411.9078412872606,416.2085240460113,409.5529563541748,413.5443115234375,31372400,MSFT
2026-05-04,410.6505829404435,419.87060358807366,409.91216153093814,412.72607421875,28066500,MSFT
2026-05-05,414.42242364358015,415.8792597859335,407.916495085617,410.4909362792969,25700900,MSFT
2026-05-06,407.11822745622237,417.51572107575487,404.23445872829495,413.0653381347656,30285900,MSFT
2026-05-07,419.2020489501835,427.05506598481406,417.8549909144547,419.8606262207031,34942400,MSFT
2026-05-08,416.48795292910256,417.7252633012779,413.105264767488,414.22283935546875,33383800,MSFT
2026-05-11,406.9885016374445,411.79809190456297,404.6236285818644,411.7681579589844,35657900,MSFT
2026-05-12,413.58422243338293,414.6020070114768,405.76117016707224,406.8887023925781,38594200,MSFT
2026-05-13,402.3286237155428,405.4318878236479,400.1633000811369,404.3342590332031,29667100,MSFT
2026-05-14,403.6058516736889,410.94993067744383,400.013625877668,408.5451354980469,27077500,MSFT
2026-05-15,413.3746572242232,427.24464052002446,412.01761111071977,421.0081481933594,50771200,MSFT
2026-05-18,415.71960624154525,424.2012362508279,414.7117792841577,422.6246643066406,32564100,MSFT
2026-05-19,428.9708919761278,431.7648588737268,415.58987007798993,416.51788330078125,33018700,MSFT
2026-05-20,413.2749005432513,421.18775475321456,410.4110776678385,420.1499938964844,27864000,MSFT
2026-05-21,424.75,426.3399963378906,415.7099914550781,419.0899963378906,31393500,MSFT
2026-05-22,419.5400085449219,424.3999938964844,416.3299865722656,418.57000732421875,22390300,MSFT
2026-05-26,416.42999267578125,419.7699890136719,413.0199890136719,416.0299987792969,30398000,MSFT
2026-05-27,411.010009765625,415.94000244140625,409.5799865722656,412.6700134277344,28901500,MSFT
2026-05-28,412.9800109863281,429.489990234375,412.6700134277344,426.989990234375,47250500,MSFT
2026-05-29,432.54998779296875,450.3299865722656,432.3599853515625,450.239990234375,79654400,MSFT
2026-06-01,464.8399963378906,466.32000732421875,458.2699890136719,460.5199890136719,53628900,MSFT
2026-06-02,446.8800048828125,453.5,440.42999267578125,441.30999755859375,37036800,MSFT
2026-06-03,438.45001220703125,440.3900146484375,424.25,427.3399963378906,39037000,MSFT
2026-06-04,435.80999755859375,436.1499938964844,426.4100036621094,428.04998779296875,26899500,MSFT
2026-06-05,428.3399963378906,429.4700012207031,414.3999938964844,416.6700134277344,34782200,MSFT
2026-06-08,414.1400146484375,417.1600036621094,408.55999755859375,411.739990234375,32086700,MSFT
2026-06-09,409.0299987792969,411.9800109863281,398.4800109863281,403.4100036621094,35317300,MSFT
2026-06-10,398.54998779296875,405.0400085449219,397.1600036621094,397.3599853515625,32576000,MSFT
2026-06-11,395.2099914550781,396.8500061035156,384.0,390.3399963378906,47224100,MSFT
2026-06-12,391.42999267578125,391.739990234375,382.2699890136719,390.739990234375,34865800,MSFT
2026-06-15,396.79998779296875,401.75,392.8500061035156,399.760009765625,32266400,MSFT
2026-06-16,395.7900085449219,396.8399963378906,390.69000244140625,393.8299865722656,31506800,MSFT
2026-06-17,390.25,390.3699951171875,377.32000732421875,378.9100036621094,41987800,MSFT
2026-06-18,377.82000732421875,381.3699951171875,373.2799987792969,379.3999938964844,59714200,MSFT
2023-06-22,42.17085058953678,43.34157039232683,42.151890331263004,42.94135284423828,417737000,NVDA
2023-06-23,42.38143932936339,42.725765968157205,41.9333109957247,42.12693405151367,358140000,NVDA
2023-06-26,42.378435975213705,42.68084821314237,40.02202672023089,40.55299377441406,594322000,NVDA
2023-06-27,40.71967665079335,41.85845711307234,40.36936115095312,41.79458236694336,462175000,NVDA
2023-06-28,40.58094756482351,41.763645026068765,40.439225350764865,41.03705978393555,582639000,NVDA
2023-06-29,41.47719909021722,41.51911724853508,40.52106150883683,40.74263000488281,380514000,NVDA
2023-06-30,41.598957222632954,42.4672645183677,41.4203044195064,42.21974563598633,501148000,NVDA
2023-07-03,42.43433377598921,42.81459352699216,42.11994759159172,42.330535888671875,198209000,NVDA
2023-07-05,42.053076792694064,43.09305068763653,42.00317476731274,42.23472595214844,323618000,NVDA
2023-07-06,41.76264574505463,42.096993500956245,41.2656128948708,42.021141052246094,303582000,NVDA
2023-07-07,42.239712723775206,43.129980526432945,42.097990517388034,42.42036056518555,355881000,NVDA
2023-07-10,42.57406572515449,42.727765640952,41.568022298100566,42.097991943359375,353908000,NVDA
2023-07-11,42.398400353937646,42.67486219078261,41.98520766702778,42.322547912597656,298244000,NVDA
2023-07-12,42.949329116868,43.84957572671799,42.69382635632928,43.8166389465332,481277000,NVDA
2023-07-13,44.43144099690916,46.06525525133524,44.405490576503716,45.887603759765625,478204000,NVDA
2023-07-14,46.492428621249765,47.99450350820883,44.972390985691305,45.38059616088867,772075000,NVDA
2023-07-17,46.19900003919172,46.40559448511717,45.17399644703976,46.370662689208984,510488000,NVDA
2023-07-18,46.6101959109385,47.80287207706954,45.64507706670889,47.40165328979492,569164000,NVDA
2023-07-19,47.37171073363014,47.7250225002053,46.65111448328101,46.9854621887207,427502000,NVDA
2023-07-20,46.41657614955658,46.99545027981004,44.974385975713794,45.431495666503906,537865000,NVDA
2023-07-21,45.698971418551594,45.776822685139486,44.01425371443011,44.22284698486328,963769000,NVDA
2023-07-24,44.644025212328465,45.02129240158318,43.95437069346409,44.5252571105957,382516000,NVDA
2023-07-25,44.85361925028961,46.09320109466631,44.83565269586211,45.59018325805664,348081000,NVDA
2023-07-26,45.93151847506049,45.96345774796509,44.54322423850326,45.363624572753906,364237000,NVDA
2023-07-27,46.42856035632444,47.30285671883618,45.661054414701624,45.81076431274414,455976000,NVDA
2023-07-28,46.577265904182916,46.93556908272483,46.2908251472219,46.65910720825195,331194000,NVDA
2023-07-31,46.66309836248381,47.038366761861774,46.41557944946755,46.638145446777344,251055000,NVDA
2023-08-01,46.36967069517526,46.80881767569898,45.93751388194452,46.41658020019531,237858000,NVDA
2023-08-02,45.74189331269121,45.75087468728102,43.302644871740895,44.18292999267578,530142000,NVDA
2023-08-03,43.71483401069051,45.030272068122756,43.71483401069051,44.428443908691406,324176000,NVDA
2023-08-04,44.89753933286693,45.553259657619556,44.306691262413594,44.59313201904297,362666000,NVDA
2023-08-07,45.02328860387296,45.451455331655026,44.47635377122551,45.32869338989258,322154000,NVDA
2023-08-08,44.76578774990283,45.154031311172126,43.970336566145846,44.57715606689453,353843000,NVDA
2023-08-09,44.18790919409857,44.22583731482129,42.05207094997095,42.471256256103516,586449000,NVDA
2023-08-10,42.07801903458831,43.48927095033714,41.75365024097548,42.30557632446289,492705000,NVDA
2023-08-11,41.669820039034846,41.93630299373014,40.55998266636193,40.77556228637695,533085000,NVDA
2023-08-14,40.40728777661957,43.71484392430669,40.23262877049562,43.66793441772461,690286000,NVDA
2023-08-15,44.473365790467945,45.17998944739272,43.62501611478745,43.85456848144531,676512000,NVDA
2023-08-16,44.43344502691715,44.58814245881994,43.32160863340614,43.40145492553711,527451000,NVDA
2023-08-17,43.88450979004493,43.97632996907339,42.91739206244817,43.259727478027344,452395000,NVDA
2023-08-18,42.552106546557646,43.49327393992906,41.57900368302175,43.21481704711914,583768000,NVDA
2023-08-21,44.407491420923556,46.97349186656967,44.13602090022551,46.87568283081055,692573000,NVDA
2023-08-22,48.041406896438666,48.09330773941367,45.24485683130546,45.57920455932617,755293000,NVDA
2023-08-23,45.77682161070316,47.10822748349232,45.12010004821166,47.024391174316406,779046000,NVDA
2023-08-24,50.11836604551162,50.16826807045973,47.06731047667301,47.0713005065918,1156044000,NVDA
2023-08-25,46.92059466008382,47.71205208326433,44.936457196698406,45.92852783203125,925341000,NVDA
2023-08-28,46.39162792536596,46.88866080793937,44.80072902830529,46.74394226074219,685192000,NVDA
2023-08-29,46.57526966972096,48.9855752028849,46.30080281747559,48.689151763916016,701397000,NVDA
2023-08-30,48.94863563426867,49.829918115562,48.33083976005429,49.168209075927734,735206000,NVDA
2023-08-31,49.28399374905417,49.64728445636799,48.86281334141854,49.25904083251953,528570000,NVDA
2023-09-01,49.6652424618298,49.7031667765697,48.04838969224288,48.414676666259766,463830000,NVDA
2023-09-05,48.129240595849275,48.75602175102256,47.76694740479326,48.453609466552734,382653000,NVDA
2023-09-06,48.350797071158595,48.45859385625443,46.49326248710991,46.973365783691406,468670000,NVDA
2023-09-07,45.440225686097044,46.25770080270002,45.067919183407476,46.15489196777344,433330000,NVDA
2023-09-08,45.856458279277405,46.519219579428515,45.186706235848995,45.487144470214844,473069000,NVDA
2023-09-11,46.06207096484273,46.0770424255395,44.22949106974816,45.09387969970703,473966000,NVDA
2023-09-12,44.654695251427476,45.58795561962286,44.44807996157311,44.78644943237305,349256000,NVDA
2023-09-13,44.51695245570367,45.84447779885845,44.4201329496468,45.400306701660156,398355000,NVDA
2023-09-14,45.864436629731664,45.90136648262812,45.04696145729557,45.496124267578125,370097000,NVDA
2023-09-15,45.256567267439614,45.514086250608685,43.7264210191702,43.81825256347656,506831000,NVDA
2023-09-18,42.668401863830084,44.15961943213608,41.92179358623107,43.884132385253906,500271000,NVDA
2023-09-19,43.75138559586022,43.88413737856735,42.921931591888146,43.438968658447266,373064000,NVDA
2023-09-20,43.51881278602881,43.82124998391259,42.14437793528599,42.16034698486328,367108000,NVDA
2023-09-21,41.50556449339025,42.02160003234205,40.90368675780257,40.940616607666016,450736000,NVDA
2023-09-22,41.49459666448502,42.03658874202382,41.15423196039798,41.532527923583984,479236000,NVDA
2023-09-25,41.513557426280826,42.45679753767784,41.10032682953403,42.14338302612305,419091000,NVDA
2023-09-26,41.92278696484624,42.74026210135053,41.577430601284675,41.83295440673828,402282000,NVDA
2023-09-27,42.2511801171412,42.79217068875673,41.55148521974545,42.388919830322266,444935000,NVDA
2023-09-28,42.38093579889095,43.36509986355093,42.03658080053992,43.008766174316406,424663000,NVDA
2023-09-29,43.74538375843628,44.06179477214428,43.22635166055895,43.41799545288086,397830000,NVDA
2023-10-02,43.94801356401108,45.09088199561907,43.77932952657343,44.69861602783203,433298000,NVDA
2023-10-03,44.72457077755565,45.04597365311147,43.16547878657146,43.43597412109375,470850000,NVDA
2023-10-04,43.660548982906214,44.06080325905543,43.21138616245394,43.95899200439453,361821000,NVDA
2023-10-05,43.967973455641534,44.816392949836604,43.80627636575413,44.60478591918945,393483000,NVDA
2023-10-06,44.110713380697035,45.70374229719828,43.944024517632684,45.67679214477539,434436000,NVDA
2023-10-09,44.75849682767498,45.52007649973999,44.28538045832398,45.18869400024414,409675000,NVDA
2023-10-10,45.225636261945006,46.17286677038151,45.00404949375793,45.71272659301758,368582000,NVDA
2023-10-11,46.109973069324404,46.77174044276166,45.964245041548175,46.71883773803711,378137000,NVDA
2023-10-12,46.68989566086201,47.52034710135052,46.24372943331202,46.857582092285156,481325000,NVDA
2023-10-13,46.87255194030723,47.02826348384449,45.195680068516225,45.3763427734375,474115000,NVDA
2023-10-16,44.97909066386404,46.13892572569301,44.82837085700402,46.00917053222656,375099000,NVDA
2023-10-17,43.918066921379186,44.670664500769895,42.40089687991119,43.85618209838867,812333000,NVDA
2023-10-18,42.51168506984707,43.13851774775219,41.74711270086322,42.1174201965332,627294000,NVDA
2023-10-19,42.731290656514126,43.21638582989178,41.80401951663401,42.022613525390625,501233000,NVDA
2023-10-20,41.81200599136215,42.39092793904431,41.00151754916403,41.30994415283203,477266000,NVDA
2023-10-23,41.152230295210934,43.1674718539468,40.86875871685224,42.89497756958008,478530000,NVDA
2023-10-24,42.99678817947999,43.615632642963874,42.61150915403504,43.581695556640625,401463000,NVDA
2023-10-25,43.317183162193714,43.56871659941446,41.47761668487891,41.70119857788086,398379000,NVDA
2023-10-26,41.775064849583806,42.17731428874224,39.80573926150373,40.25090789794922,541001000,NVDA
2023-10-27,41.053411354619094,41.1292700454015,39.94048596248548,40.424583435058594,416784000,NVDA
2023-10-30,41.01050230769855,41.688235129446234,40.405627810870904,41.0843620300293,388028000,NVDA
2023-10-31,40.37467609597359,40.80287807912132,39.15694672159714,40.70405960083008,517969000,NVDA
2023-11-01,40.807870455778854,42.30208459844571,40.79289899587781,42.24618911743164,437593000,NVDA
2023-11-02,43.247317846401735,43.802282272530825,42.814127888386025,43.42498779296875,409172000,NVDA
2023-11-03,43.9380370334196,45.22463462313267,43.641589151801824,44.92120361328125,424610000,NVDA
2023-11-06,45.20067395834923,45.849465106470674,44.815391150878824,45.66580581665039,400733000,NVDA
2023-11-07,45.63387372397261,46.13194133469671,45.07391747451028,45.86943435668945,343165000,NVDA
2023-11-08,46.01415398971753,46.779727832903724,45.8823998221808,46.487274169921875,346719000,NVDA
2023-11-09,47.3786111235174,48.14019083451283,46.662947187934414,46.86257553100586,540496000,NVDA
2023-11-10,47.41155087354873,48.38174104695151,47.194955890683396,48.2449951171875,421245000,NVDA
2023-11-13,48.23002031531456,49.02453947075824,48.009431181663935,48.52946090698242,384136000,NVDA
2023-11-14,49.58748734734276,49.74119990193618,48.94867974988804,49.56352996826172,416954000,NVDA
2023-11-15,49.8420139297863,49.86696509098912,48.11024418489581,48.79696273803711,475497000,NVDA
2023-11-16,48.58835975878918,49.43278516309001,48.24001057724096,49.38786697387695,339756000,NVDA
2023-11-17,49.43178822340236,49.62442966359735,48.91575254512535,49.20621109008789,325205000,NVDA
2023-11-20,49.22018224237135,50.45388089415767,49.08942564411514,50.31513977050781,414120000,NVDA
2023-11-21,50.03266205340574,50.422932832163035,49.130346021791986,49.85100173950195,565747000,NVDA
2023-11-22,49.759168450104845,50.24126692176278,47.60119189596065,48.625282287597656,899420000,NVDA
2023-11-24,48.37974638442562,48.829906801279186,47.656094105123046,47.68703842163086,294645000,NVDA
2023-11-27,47.7109937696309,48.43963402417859,47.56327053938668,48.15217208862305,395662000,NVDA
2023-11-28,48.14618466607588,48.23302446932741,47.3846048841161,47.731956481933594,401491000,NVDA
2023-11-29,48.288911166313994,48.67119737228817,47.77087663297862,48.05035400390625,382005000,NVDA
2023-11-30,47.934573676190574,48.02041588268528,46.335559349897565,46.68291091918945,526247000,NVDA
2023-12-01,46.43837031596677,47.11211268040661,46.10099843511436,46.677921295166016,369317000,NVDA
2023-12-04,45.99120035967438,45.99120035967438,44.926185864436995,45.425254821777344,437543000,NVDA
2023-12-05,45.385325095795785,46.51731180808335,45.19067140687653,46.483375549316406,371718000,NVDA
2023-12-06,47.13122044302318,47.302916124514056,45.33141833887503,45.42225646972656,380590000,NVDA
2023-12-07,45.6189146142351,46.54626712955494,45.52308427817849,46.51332473754883,350823000,NVDA
2023-12-08,46.5123243077979,47.65629078492983,46.467402174460815,47.42170715332031,359224000,NVDA
2023-12-11,47.40673492251671,47.446661054028745,45.74868283771919,46.54426574707031,509728000,NVDA
2023-12-12,45.96429952454466,47.58142400474077,45.96429952454466,47.57244110107422,372387000,NVDA
2023-12-13,47.54449269431196,48.50778063121328,47.52353004634861,48.00267791748047,447792000,NVDA
2023-12-14,48.30413587026834,48.58363781796952,47.33785498826681,48.26420593261719,391232000,NVDA
2023-12-15,48.10848142864337,49.316333405842656,48.034611429508175,48.803245544433594,479948000,NVDA
2023-12-18,49.3123545622575,50.343518919127504,49.062798119752,49.98815155029297,412587000,NVDA
2023-12-19,49.33630266590499,49.61181391094036,48.80824198487287,49.51598358154297,464444000,NVDA
2023-12-20,49.56688996732464,49.91028133379936,48.01265353097003,48.025630950927734,397894000,NVDA
2023-12-21,48.72438912714479,49.00788558509217,48.33308260166921,48.903072357177734,300425000,NVDA
2023-12-22,49.10770498591239,49.29537111268927,48.380996155276534,48.74335479736328,252507000,NVDA
2023-12-26,48.88111364335506,49.51199224313979,48.87312841671405,49.19156265258789,244200000,NVDA
2023-12-27,49.42315398247824,49.59185284551433,48.997907338293054,49.32931900024414,233648000,NVDA
2023-12-28,49.55491529927827,49.795484989479434,49.324322381717465,49.43412780761719,246587000,NVDA
2023-12-29,49.72461182444803,49.90828725509975,48.66449595698359,49.43412780761719,389293000,NVDA
2024-01-02,49.1566219566508,49.20753015338818,47.51054964423797,48.0825309753418,411254000,NVDA
2024-01-03,47.40074566328975,48.09850289557728,47.23603751691528,47.484596252441406,320896000,NVDA
2024-01-04,47.68224884044641,48.41395003873669,47.42370949212884,47.912841796875,306535000,NVDA
2024-01-05,48.37600851565981,49.459082326064205,48.22028328844258,49.00988006591797,415039000,NVDA
2024-01-08,49.42414836733732,52.18224626703925,49.391205977221674,52.160282135009766,642510000,NVDA
2024-01-09,52.30802809263291,54.22861420741035,51.598287244233845,53.04571533203125,773100000,NVDA
2024-01-10,53.52087170860792,54.50312317370562,53.39409433002728,54.25356674194336,533796000,NVDA
2024-01-11,54.90141170121365,55.24779611496442,53.46496584925973,54.72472381591797,596759000,NVDA
2024-01-12,54.523086018906326,54.87246729450568,54.23360346337735,54.6129264831543,352994000,NVDA
2024-01-16,54.92038130782368,56.73415487746208,54.80259064863885,56.281959533691406,449580000,NVDA
2024-01-17,56.24702551752996,56.370806056804064,54.64287831771136,55.953548431396484,474394000,NVDA
2024-01-18,57.15840086229008,57.497797746406825,56.00744677307047,57.005672454833984,491650000,NVDA
2024-01-19,57.88610325059809,59.39442372974931,57.12345894632279,59.385440826416016,543501000,NVDA
2024-01-22,59.94246019662586,60.22396136186126,58.96519705770333,59.548160552978516,452955000,NVDA
2024-01-23,59.46430561582059,59.803702511682395,58.48105267598879,59.76676940917969,294654000,NVDA
2024-01-24,60.19699904963291,62.73748144195341,59.83164734308872,61.25312042236328,560271000,NVDA
2024-01-25,62.23937252647403,62.607721109617174,60.742033936667,61.50767517089844,482777000,NVDA
2024-01-26,60.85183724757184,61.67337885004867,60.465526677085045,60.92271041870117,390309000,NVDA
2024-01-29,61.12335395532468,62.37812361839996,60.79893365210522,62.35416793823242,348733000,NVDA
2024-01-30,62.788396424260334,63.38034275629544,62.14952879417416,62.66261672973633,410735000,NVDA
2024-01-31,61.33098018068535,62.158511588509604,60.5922953608444,61.41782760620117,453795000,NVDA
2024-02-01,61.98981163068563,63.07887923181449,61.5406131324354,62.91516876220703,369146000,NVDA
2024-02-02,63.86049910404713,66.48183961937383,63.57700256861582,66.0426254272461,476578000,NVDA
2024-02-05,68.10394628020288,69.37369252800232,67.08575942583846,69.208984375,680078000,NVDA
2024-02-06,69.50646063248888,69.63024118166943,66.18237446253364,68.10195922851562,683111000,NVDA
2024-02-07,68.19777661316522,70.09540449820057,67.48005062301553,69.97461700439453,495575000,NVDA
2024-02-08,69.94966354395652,70.66838724943909,69.33176617612584,69.5174331665039,414422000,NVDA
2024-02-09,70.40784541342238,72.05691457870752,70.08741583954979,72.00501251220703,436637000,NVDA
2024-02-12,72.47116950777065,74.47860256491589,71.12356661094503,72.11979675292969,613710000,NVDA
2024-02-13,70.27508457037247,73.31966811582932,69.49646981196616,72.00001525878906,602580000,NVDA
2024-02-14,73.07211558631658,74.1042774694229,71.8103584587589,73.76887512207031,504917000,NVDA
2024-02-15,73.73795629479366,73.84376343270688,72.27156060131489,72.52909851074219,420122000,NVDA
2024-02-16,73.96851471281462,74.2699807907232,72.37235296886776,72.4841537475586,495327000,NVDA
2024-02-20,71.81934169951924,71.82832841143384,67.61381946264177,69.32877349853516,704833000,NVDA
2024-02-21,67.88533642606332,68.76577530674938,66.13045996080022,67.35228729248047,673755000,NVDA
2024-02-22,74.8918837924214,78.43558041658676,74.08831180865685,78.39865112304688,865100000,NVDA
2024-02-23,80.64664555528343,82.24779566972408,77.43235796782388,78.6771469116211,829388000,NVDA
2024-02-26,79.55858308487059,80.5029113343283,78.36570371037314,78.95166778564453,503973000,NVDA
2024-02-27,79.24015705268404,79.338988045559,77.02509990421383,78.56136322021484,391705000,NVDA
2024-02-28,77.48227691873889,78.7929431019633,76.98815248522881,77.52519989013672,393110000,NVDA
2024-02-29,78.95366810218512,79.84807446200602,78.2109848648127,78.97163391113281,507289000,NVDA
2024-03-01,79.85804776923267,82.15396968894088,79.29404786978826,82.13300323486328,479135000,NVDA
2024-03-04,83.98071640863849,87.5393930852347,83.57045019844777,85.08575439453125,615616000,NVDA
2024-03-05,85.12270452666515,85.94827947163024,83.2729084960246,85.81550598144531,520639000,NVDA
2024-03-06,87.86993807352297,89.56899358821315,86.87964744648528,88.54676055908203,582520000,NVDA
2024-03-07,90.00225477502153,92.60674904676837,89.44721547430589,92.50891876220703,608119000,NVDA
2024-03-08,94.97364703765751,97.23174040772027,86.35655527181379,87.37679290771484,1142269000,NVDA
2024-03-11,86.27969890435133,88.6436045203793,84.0206076407832,85.6258316040039,678364000,NVDA
2024-03-12,87.89689583589372,91.80113493638854,86.0011743538899,91.75421905517578,668075000,NVDA
2024-03-13,90.89770650975179,91.34592838246506,88.28222971094472,90.73099517822266,635713000,NVDA
2024-03-14,89.42226608746894,90.48941971581641,86.4504036300163,87.79208374023438,602318000,NVDA
2024-03-15,86.77983369344113,89.39131202190967,86.10799973550625,87.68526458740234,642086000,NVDA
2024-03-18,90.23185202169164,92.24536587684682,86.9345566695886,88.30219268798828,668976000,NVDA
2024-03-19,86.55022352343148,90.38758481674583,84.86314816147532,89.24356842041016,672171000,NVDA
2024-03-20,89.6418701073994,90.25381771221527,88.07059173697641,90.21588134765625,479063000,NVDA
2024-03-21,92.14054972284487,92.48794810720764,90.24881917443113,91.27703857421875,480372000,NVDA
2024-03-22,90.9835569272488,94.61427521165601,90.67708804781446,94.1261215209961,586719000,NVDA
2024-03-25,93.77872640232121,96.59884339661212,93.3484711637127,94.837890625,552136000,NVDA
2024-03-26,95.68540977780971,96.20850660908965,92.34219634403308,92.40109252929688,513648000,NVDA
2024-03-27,92.95114873658731,93.0789259717654,88.96904130951937,90.0940933227539,586067000,NVDA
2024-03-28,89.8445252112995,91.1422825108375,89.03892009399118,90.19991302490234,435212000,NVDA
2024-04-01,90.14300911365386,92.0656767674512,89.04989954343785,90.20689392089844,452441000,NVDA
2024-04-02,88.29520668047454,89.93836697964663,87.46864171818919,89.29747772216797,433064000,NVDA
2024-04-03,88.33113624719482,90.21787047492148,88.2472817311276,88.810302734375,370067000,NVDA
2024-04-04,90.24982348069041,90.47743406262694,85.73164109008061,85.75659942626953,434965000,NVDA
2024-04-05,86.71594667786945,88.32816244191248,85.7775755946387,87.8559799194336,399678000,NVDA
2024-04-08,88.546769676755,88.67654997902457,86.58217465386001,86.98248291015625,283220000,NVDA
2024-04-09,87.2909487172583,87.48361610941927,82.87858592167979,85.20655059814453,501700000,NVDA
2024-04-10,83.78102746556362,87.24902545092569,83.56439945092491,86.8886489868164,431929000,NVDA
2024-04-11,87.26897200773683,90.58223837088431,86.77582976459976,90.4594497680664,431637000,NVDA
2024-04-12,89.54403999734934,90.01922323878227,87.37878828439109,88.03365325927734,426805000,NVDA
2024-04-15,88.94406648002054,90.45644843108836,85.78054278674153,85.8524169921875,443077000,NVDA
2024-04-16,86.28369399477991,87.96578088273147,85.91533573267348,87.26399993896484,370453000,NVDA
2024-04-17,88.18738725935935,88.62164096734257,83.80497167986917,83.88983154296875,495400000,NVDA
2024-04-18,84.82319862169307,86.04109204732238,82.2596345610279,84.52471160888672,447260000,NVDA
2024-04-19,83.00637428065669,84.17834237736079,75.47540651529913,76.06837463378906,875198000,NVDA
2024-04-22,77.96907171420484,79.93467203595871,76.26802061217705,79.38063049316406,596341000,NVDA
2024-04-23,80.62946711947102,82.62601207910251,80.12534225900131,82.28060913085938,438559000,NVDA
2024-04-24,83.80496541021976,83.93674114541149,79.04620255838257,79.53935241699219,512208000,NVDA
2024-04-25,78.73174524823247,83.17905069622672,78.08786289005887,82.48925018310547,424641000,NVDA
2024-04-26,83.67321658546781,88.17842147858853,83.2429613231266,87.58345031738281,551011000,NVDA
2024-04-29,87.44367738781547,87.83998710672722,85.11869845127212,87.60540008544922,388971000,NVDA
2024-04-30,87.08928872900789,88.66556334587189,86.15091777999787,86.25273895263672,363709000,NVDA
2024-05-01,84.93003854132621,85.85144064643272,81.1146345805566,82.89755249023438,559863000,NVDA
2024-05-02,84.30310641773906,86.08801954331209,83.05626359727954,85.66874694824219,377898000,NVDA
2024-05-03,87.6373400551101,89.12675929539812,86.8896334546632,88.63561248779297,398341000,NVDA
2024-05-06,89.23558536447402,92.06069859527176,88.90116496394158,91.9808349609375,376203000,NVDA
2024-05-07,90.94062670307744,91.62244547206083,88.85723403089521,90.39756774902344,437342000,NVDA
2024-05-08,89.32842516703573,91.03646805439529,89.26553046184982,90.25582122802734,325721000,NVDA
2024-05-09,90.37261598217049,90.91467725150264,88.07858911055452,88.59369659423828,378013000,NVDA
2024-05-10,90.14898917811553,91.24309639621146,89.07284860877868,89.72272491455078,335325000,NVDA
2024-05-13,90.32169428450598,90.84080023922876,88.37606371894472,90.24283599853516,289680000,NVDA
2024-05-14,89.4442051895543,91.49266204448712,88.78035314892927,91.19817352294922,296507000,NVDA
2024-05-15,92.31226052004403,94.69813133508781,91.44076747625896,94.4665298461914,417735000,NVDA
2024-05-16,94.74604213563502,95.65346838301872,93.94042944222824,94.19599151611328,323952000,NVDA
2024-05-17,94.20597874528181,94.57633241179128,91.64740285082287,92.3192367553711,359691000,NVDA
2024-05-20,93.58805245494568,95.03554461976276,93.27859039868353,94.61627197265625,318764000,NVDA
2024-05-21,93.43729892728764,95.23519004733342,93.01902406434208,95.2212142944336,328946000,NVDA
2024-05-22,95.29409598809328,95.85412388547536,93.08791463591838,94.78597259521484,548648000,NVDA
2024-05-23,101.85176064066984,106.13634662239213,101.34463491102811,103.61970520019531,835065000,NVDA
2024-05-24,104.26856517672162,106.29106630104066,102.82207077624999,106.28507995605469,429494000,NVDA
2024-05-28,110.0535586136133,114.74044777454472,109.69318217417998,113.70423889160156,652728000,NVDA
2024-05-29,112.85471267036033,115.29248791517858,110.70942292973874,114.62664031982422,557442000,NVDA
2024-05-30,114.45194499585061,115.61892428256706,109.47356046717066,110.30911254882812,484553000,NVDA
2024-05-31,112.32561724375552,112.52228313915187,106.75526253688238,109.44361114501953,613263000,NVDA
2024-06-03,113.42472260342709,114.80133819580078,111.80951385006522,114.80133819580078,438392000,NVDA
2024-06-04,115.51610755402032,116.39857553569502,113.8479889155611,116.23585510253906,403324000,NVDA
2024-06-05,118.16652151115385,122.23747225440593,117.26508152569082,122.2284927368164,528402000,NVDA
2024-06-06,123.83370517037008,125.3700480295792,118.11560338652608,120.78897857666016,664696000,NVDA
2024-06-07,119.56310374577737,121.48178833918006,117.81812979264019,120.6791763305664,412386000,NVDA
2024-06-10,120.16206002224595,122.88733960177423,116.80786391189227,121.57960510253906,313434100,NVDA
2024-06-11,121.56962984389475,122.66782593913159,118.54461678500223,120.71105194091797,222551200,NVDA
2024-06-12,122.85750988511934,126.67122400488891,122.36831828276222,124.99398803710938,299595000,NVDA
2024-06-13,129.177104537848,129.58643359087407,126.95077798576432,129.39674377441406,260704500,NVDA
2024-06-14,129.7461405645556,132.62139078984768,128.1088400079036,131.66297912597656,309320400,NVDA
2024-06-17,132.77118307637525,133.5099557271365,129.3667902512595,130.7644805908203,288504400,NVDA
2024-06-18,130.9242214788469,136.10568428406987,130.474964956118,135.35691833496094,294335100,NVDA
2024-06-20,139.56994988249141,140.52836158741297,129.30686774302006,130.56478881835938,517768400,NVDA
2024-06-21,126.91081519572728,130.41504130352394,124.09545606742938,126.3617172241211,649445800,NVDA
2024-06-24,123.03719724453093,124.2551908621237,117.8457572795687,117.91564178466797,476060900,NVDA
2024-06-25,121.00056206941291,126.29184395373642,119.1236583558784,125.88251495361328,414192600,NVDA
2024-06-26,125.92244899462368,127.90917229563556,122.39825886605338,126.19200897216797,362975900,NVDA
2024-06-27,123.8957921998042,126.2019962793405,122.71773358253314,123.78597259521484,252571700,NVDA
2024-06-28,124.37501298465715,127.49986001719877,122.54802231076043,123.33672332763672,315516700,NVDA
2024-07-01,123.26683813440599,124.6345790000873,118.63447360818265,124.09547424316406,284885500,NVDA
2024-07-02,120.93068040128533,123.20693510758652,120.83084647254137,122.46814727783203,218374000,NVDA
2024-07-03,121.45983599496338,128.06893920898438,121.16032653936864,128.06893920898438,215749000,NVDA
2024-07-05,127.17038486367325,128.6379747149119,125.47318537524079,125.62294006347656,214176700,NVDA
2024-07-08,127.28021340661208,130.55482257335942,126.83095692716816,127.98904418945312,237677300,NVDA
2024-07-09,130.1355144487565,133.59980576329167,128.43829962119838,131.163818359375,285366600,NVDA
2024-07-10,133.8094467425138,134.87769332438475,132.20209545632153,134.68800354003906,248978600,NVDA
2024-07-11,135.52662745493282,135.92596317348227,126.84094609019272,127.19036865234375,374782700,NVDA
2024-07-12,128.04894535138322,131.70292655352904,127.01066335258953,129.02734375,252680500,NVDA
2024-07-15,130.34514408452472,131.1737800395054,126.97070905664152,128.2286376953125,208326200,NVDA
2024-07-16,128.22864817880884,128.82765170945768,124.37499938694933,126.15206909179688,214769500,NVDA
2024-07-17,121.15030890615485,121.64948612259293,116.52793062400055,117.79583740234375,390086200,NVDA
2024-07-18,121.64948329559192,122.19858126764932,116.36818755438776,120.89073181152344,320979500,NVDA
2024-07-19,120.15196272062997,121.39990584738524,117.176870571876,117.73594665527344,217223800,NVDA
2024-07-22,120.15196984200875,123.86585002604772,119.66277824004172,123.33672332763672,258068900,NVDA
2024-07-23,122.57796493987696,124.48482570104972,121.89908357161131,122.38827514648438,173911000,NVDA
2024-07-24,118.9739065074374,119.75262181556741,113.25333936427286,114.06200408935547,327776900,NVDA
2024-07-25,112.85398925547956,116.43807811661003,106.12508231687993,112.0952377319336,460067000,NVDA
2024-07-26,115.99880916186419,116.00878722251285,111.3963944118867,112.87395477294922,293399100,NVDA
2024-07-29,113.50293033164324,116.0886649396649,111.11686358531041,111.40637969970703,248152100,NVDA
2024-07-30,111.33647720819822,111.80570498592243,102.37125913301429,103.5593032836914,486833300,NVDA
2024-07-31,112.71421539482289,118.1452582531107,110.6975352036146,116.82743072509766,473174200,NVDA
2024-08-01,117.3365974252001,119.96227450650746,106.63423649015627,109.03028869628906,523462300,NVDA
2024-08-02,103.58926418951675,108.54110155423277,101.20319756374683,107.0934829711914,482027500,NVDA
2024-08-05,91.90851949250676,103.23984998207244,90.54077860317504,100.28471374511719,552842400,NVDA
2024-08-06,103.66912407688663,107.53275860175525,100.38454458708775,104.07845306396484,409012100,NVDA
2024-08-07,107.6325946135043,108.62097103799087,98.52760658313275,98.74724578857422,411440400,NVDA
2024-08-08,101.83215026963444,105.32639072006307,97.35951914167633,104.7972640991211,391910000,NVDA
2024-08-09,105.46616394434741,106.42458330646772,103.25980151433504,104.57762908935547,290844200,NVDA
2024-08-12,106.14505252549102,110.88723650727509,106.08515369153115,108.84060668945312,325559900,NVDA
2024-08-13,112.25498947976828,116.03875418683985,111.39640394640423,115.94889831542969,312646700,NVDA
2024-08-14,118.33496052966188,118.40484504167927,113.88230026594151,117.88570404052734,339246400,NVDA
2024-08-15,118.56457753138926,123.03720123653866,117.27669936691132,122.65782928466797,318086700,NVDA
2024-08-16,121.73935231230438,124.79431469874058,120.98060074622069,124.37500762939453,302589900,NVDA
2024-08-19,124.07548340044629,129.78607177734375,123.21689800857207,129.78607177734375,318333600,NVDA
2024-08-20,128.18870516059542,129.66628071339343,125.68284097768198,127.04060363769531,300087400,NVDA
2024-08-21,127.11051541152283,129.13718177592708,126.45160529458104,128.28857421875,257883600,NVDA
2024-08-22,129.80605728559254,130.5348518103843,122.89743830728821,123.53638458251953,376189100,NVDA
2024-08-23,125.6529157045682,129.38676754540884,125.0139693437825,129.15713500976562,323230300,NVDA
2024-08-26,129.3567902083498,131.04399639094717,124.16534262628207,126.25189971923828,331964700,NVDA
2024-08-27,124.84423039602758,128.98739538212007,123.6761498691349,128.08888244628906,303134600,NVDA
2024-08-28,127.90917706049713,128.118838213882,122.43819852070378,125.40331268310547,448101100,NVDA
2024-08-29,121.16030028839229,124.22524823697073,116.51795043355128,117.39649963378906,453023300,NVDA
2024-08-30,119.33330911013266,121.54965726206557,117.02711271158417,119.17357635498047,333751600,NVDA
2024-09-03,115.8191103772934,116.01877823521122,107.1134577156826,107.8222885131836,477155100,NVDA
2024-09-04,105.23656107081584,113.08362114689852,103.94868273468121,106.03524017333984,372470300,NVDA
2024-09-05,104.8172363950656,109.46957200218677,104.58761912643209,107.03358459472656,306850700,NVDA
2024-09-06,107.86222325429438,107.97204286084109,100.78388574677186,102.66079711914062,413638100,NVDA
2024-09-09,104.7074122640328,106.37466998895037,103.5193756446925,106.2947998046875,273912000,NVDA
2024-09-10,107.63258781478571,109.21997530676359,104.77729355808466,107.92211151123047,268283700,NVDA
2024-09-11,109.20999835891277,116.99716652085532,107.24323877137772,116.7176284790039,441422400,NVDA
2024-09-12,116.6577172050991,120.60155948017247,115.19999582839206,118.95413208007812,366052700,NVDA
2024-09-13,118.8942191250157,119.77284345041441,117.41652479583126,118.9141845703125,238358300,NVDA
2024-09-16,116.60779536966285,117.99562620382233,114.1815861384539,116.59780883789062,248772300,NVDA
2024-09-17,117.98564481894722,118.61466685067687,114.65085910577872,115.40966796875,231925900,NVDA
2024-09-18,115.70919560695407,117.51636932909096,113.04336298957726,113.19313049316406,310318900,NVDA
2024-09-19,117.16692604230532,119.47332749554481,117.06708357128667,117.68611907958984,293506400,NVDA
2024-09-20,116.87738233881377,118.43495389707196,115.2099893901744,115.81903839111328,382462400,NVDA
2024-09-23,116.36816938577523,116.80747774675662,114.68080357526898,116.07862091064453,206228500,NVDA
2024-09-24,116.33821493002908,121.60998405209612,115.19999404233639,120.68143463134766,354966800,NVDA
2024-09-25,121.82962567540989,124.74507579152808,121.42026930294443,123.31730651855469,284692900,NVDA
2024-09-26,126.60217747362803,127.47081527785902,121.6099781665842,123.84648132324219,302582900,NVDA
2024-09-27,123.77659196922,123.83649592385486,119.07394109309165,121.21060180664062,271009200,NVDA
2024-09-30,118.1254274144435,121.31045327548797,117.96568098439478,121.25054931640625,226553700,NVDA
2024-10-01,121.58002164337385,122.24898215671047,115.60935538711523,116.81746673583984,302094500,NVDA
2024-10-02,116.25834508658102,119.19375323018366,114.96037016184738,118.66458129882812,221845900,NVDA
2024-10-03,120.73135113827638,124.16598683922703,120.15225416683853,122.65834045410156,277118000,NVDA
2024-10-04,124.74507834860822,124.84492081095192,121.63992977952229,124.72510528564453,243678100,NVDA
2024-10-07,124.79500006476454,130.43618698242878,124.7550615549546,127.52074432373047,346250200,NVDA
2024-10-08,130.05679135695408,133.27176943610752,129.21810539760597,132.6826934814453,285722500,NVDA
2024-10-09,133.90079866653508,134.31016275245554,131.17506153574655,132.4430694580078,246191600,NVDA
2024-10-10,131.7042308718923,134.78940697514903,130.79564676847795,134.59970092773438,242311300,NVDA
2024-10-11,133.80093033986074,135.5681732923908,133.4514855032485,134.58970642089844,170209500,NVDA
2024-10-14,136.2570891265267,139.3822107684187,136.0873561782587,137.85459899902344,232347700,NVDA
2024-10-15,137.65489041774774,138.35381046607344,128.53914539910267,131.39468383789062,377831000,NVDA
2024-10-16,133.7709642153392,136.40684475827754,131.37471471629812,135.5082550048828,264879700,NVDA
2024-10-17,139.12262899690117,140.6702140778628,136.65648092397825,136.7163848876953,306435900,NVDA
2024-10-18,138.45366668655112,138.6833036103306,137.06583575895257,137.7847137451172,176090200,NVDA
2024-10-21,137.91451267760561,143.48580932617188,137.78471061125512,143.48580932617188,264554500,NVDA
2024-10-22,142.68705023422552,144.194689003585,141.55880826832362,143.36598205566406,226311600,NVDA
2024-10-23,141.80841766733155,142.20778753302577,137.24555525009052,139.34226989746094,285930000,NVDA
2024-10-24,140.6003124972593,141.12948441968888,138.2439937495604,140.19094848632812,172354900,NVDA
2024-10-25,140.71013437273555,143.90515439009727,140.5803475394567,141.31918334960938,205122100,NVDA
2024-10-28,142.77689244758375,142.91667341121004,139.83149806296922,140.30076599121094,173586700,NVDA
2024-10-29,140.0711235834401,142.0380513591214,138.68329276437913,141.02963256835938,157593600,NVDA
2024-10-30,139.32230457284558,140.11108066863528,136.59656776236113,139.12261962890625,179418100,NVDA
2024-10-31,137.38533225522045,137.39531116933003,131.90389188236236,132.55287170410156,270039600,NVDA
2024-11-01,134.48984636430032,137.09577501351765,134.36005954202903,135.18875122070312,207127800,NVDA
2024-11-04,136.99593186321135,138.7432015157854,135.3584911981984,135.83773803710938,187528200,NVDA
2024-11-05,137.23555788662173,140.151000495864,137.11574997671616,139.6917266845703,160537400,NVDA
2024-11-06,142.73698322061895,146.2614750565614,141.73854326176877,145.38284301757812,242043900,NVDA
2024-11-07,146.16161478672652,148.6976454021817,145.94195679227957,148.64773559570312,207323300,NVDA
2024-11-08,148.53787885494532,149.53631855776948,146.03178545046896,147.399658203125,175665800,NVDA
2024-11-11,148.44804913905642,148.61779734270107,143.3460354590936,145.03338623046875,182325600,NVDA
2024-11-12,146.55101593198214,149.4165337385062,145.7822128979203,148.05865478515625,198634700,NVDA
2024-11-13,148.83742831045777,149.0970171738845,145.67236073742527,146.0417938232422,191903300,NVDA
2024-11-14,147.40965302668107,148.76753177848803,145.32291747893564,146.53102111816406,194463300,NVDA
2024-11-15,144.64398997756967,145.0134231170618,139.86146934373124,141.7584991455078,250132900,NVDA
2024-11-18,139.28237084466085,141.3291757571169,136.93603090489682,139.9313507080078,221205300,NVDA
2024-11-19,141.09954425974988,146.90047806374457,140.77005724054902,146.78065490722656,227834900,NVDA
2024-11-20,147.18003223590216,147.32979212988033,142.50732548898966,145.6623992919922,309871700,NVDA
2024-11-21,149.11701974284432,152.65149063112756,140.4805046221909,146.44119262695312,400946600,NVDA
2024-11-22,145.7023485163706,146.93044074143577,140.87989650374584,141.7285614013672,236406200,NVDA
2024-11-25,141.76848775116036,141.82839170792872,135.60811535874635,135.80780029296875,344941900,NVDA
2024-11-26,137.48518763604767,139.08269776121745,135.45835561529256,136.70640563964844,190287700,NVDA
2024-11-27,134.7993734587721,137.00593247284488,131.59438972010054,135.1288604736328,226370900,NVDA
2024-11-29,136.56662423239774,139.13262238748922,135.837767286179,138.03433227539062,141863200,NVDA
2024-12-02,138.6134117376161,140.23087948399635,137.60499293345052,138.41372680664062,171682800,NVDA
2024-12-03,138.04430354930304,140.32074544201365,137.73478959893222,140.0411834716797,164414000,NVDA
2024-12-04,141.77842858862508,145.56250811305713,140.07109010434277,144.9135284423828,231224300,NVDA
2024-12-05,144.89360218968224,146.32146235801875,143.73532840807314,144.8436737060547,172621200,NVDA
2024-12-06,144.38436733563313,145.4827177885172,141.09926510716357,142.2275848388672,188505600,NVDA
2024-12-09,138.76276188244717,139.74129618907318,136.9255094433844,138.60299682617188,189308600,NVDA
2024-12-10,138.80270319338828,141.60852572754877,133.59048602384692,134.86859130859375,210020900,NVDA
2024-12-11,137.155160163518,139.96096726526153,135.00837248215075,139.1022491455078,184905200,NVDA
2024-12-12,136.8755708420711,138.23354324797214,135.59748095840345,137.1351776123047,159211400,NVDA
2024-12-13,138.73281333743972,139.3918327936691,132.34234795745746,134.0498046875,231514900,NVDA
2024-12-16,133.97990349214524,134.19957664706322,130.22551588851704,131.80316162109375,237951100,NVDA
2024-12-17,128.89749220508244,131.39376410572794,126.67082193579633,130.195556640625,259410300,NVDA
2024-12-18,133.6603731199009,136.49613412730267,128.08869283192976,128.71775817871094,277444500,NVDA
2024-12-19,131.56349862817564,133.8301176053825,129.3568029702355,130.485107421875,209719200,NVDA
2024-12-20,129.61640819653473,135.07825184796977,128.02878306565836,134.49911499023438,306528600,NVDA
2024-12-23,136.07677163513355,139.58153187306692,134.91849782504636,139.4617156982422,176053500,NVDA
2024-12-24,139.7912368716414,141.68839756334225,138.44324385025058,140.0109100341797,105157000,NVDA
2024-12-26,139.4916759779926,140.6399702368576,137.52461242783102,139.72132873535156,116205600,NVDA
2024-12-27,138.34337590905767,138.81267619141968,134.50910636621433,136.8056640625,170582600,NVDA
2024-12-30,134.628921256616,140.06081067569033,133.82013169900247,137.2849578857422,167734700,NVDA
2024-12-31,137.82416524884428,137.8641141320975,133.63043143330796,134.08973693847656,155659200,NVDA
2025-01-02,135.79717669922962,138.6728864930968,134.42922472124587,138.10372924804688,198247200,NVDA
2025-01-03,139.80120658589456,144.6839138332244,139.5216253508109,144.2545623779297,229322500,NVDA
2025-01-06,148.36840963752263,151.93309314343088,147.599568879649,149.2071533203125,265377400,NVDA
2025-01-07,152.80179213743568,152.90164910642062,139.80120400217487,139.93101501464844,351782200,NVDA
2025-01-08,142.36736432306787,143.7353162901366,137.35484666292894,139.9010467529297,227349900,NVDA
2025-01-10,137.24501786219508,139.71133557177419,134.0198390250661,135.7073211669922,207602500,NVDA
2025-01-13,129.79613768131526,133.29091776199226,129.31684258602223,133.0312957763672,204808900,NVDA
2025-01-14,135.84711813885167,136.1766278538369,129.85606565410438,131.56350708007812,195590500,NVDA
2025-01-15,133.45068552943664,136.2465130176968,131.09420431967888,136.03683471679688,185217300,NVDA
2025-01-16,138.4332346192246,138.54307117698642,133.2909213149963,133.3708038330078,209235600,NVDA
2025-01-17,136.4861555399997,138.29345383465838,135.25799411499426,137.504638671875,201188800,NVDA
2025-01-21,138.95245710585658,141.61847317570314,136.88553704004724,140.61996459960938,197749000,NVDA
2025-01-22,144.44426793757484,147.56958971587568,143.45573886876412,146.85067749023438,237651400,NVDA
2025-01-23,144.8337106624021,147.01045262591376,143.5056920734559,147.00047302246094,155915500,NVDA
2025-01-24,148.14874363197046,148.74785499769604,141.66843136501245,142.40731811523438,234657600,NVDA
2025-01-27,124.61389107098998,128.20851331467108,116.52596435964819,118.24340057373047,818830900,NVDA
2025-01-28,121.62835222502514,128.80763280108368,116.07664583818587,128.7976531982422,579666400,NVDA
2025-01-29,126.31135328562937,126.70077107762197,119.8709750783515,123.5155258178711,467120600,NVDA
2025-01-30,122.91641979157204,124.81358785050304,117.92387627755191,124.464111328125,392925500,NVDA
2025-01-31,123.59541198682592,127.65934229890306,119.01226047612725,119.89094543457031,388161100,NVDA
2025-02-03,114.57887527254843,118.39317826666118,112.84147223806173,116.48603057861328,371235700,NVDA
2025-02-04,116.78557092036435,121.01924546805154,116.52595653802958,118.47305297851562,256550000,NVDA
2025-02-05,121.57841571528579,124.81358161777388,120.5799070623436,124.64383697509766,262230800,NVDA
2025-02-06,127.22996749994309,128.57796024161053,125.02326434711814,128.4880828857422,251483600,NVDA
2025-02-07,129.0273069895586,130.17558600299384,124.81359867926386,129.64637756347656,228186300,NVDA
2025-02-10,129.89598286165247,134.79866384787866,129.76618710141213,133.3708038330078,216989100,NVDA
2025-02-11,132.38228609427233,134.27944654160947,130.82461495038982,132.60195922851562,178902400,NVDA
2025-02-12,129.8261026458349,132.04279313100764,128.88750205027108,130.94442749023438,160278600,NVDA
2025-02-13,131.36380821970238,136.29644386397356,130.9743904181038,135.08824157714844,197430000,NVDA
2025-02-14,136.2764682668825,139.04234173663804,135.29793396994222,138.6429443359375,195479600,NVDA
2025-02-18,141.05932980350207,143.226091877041,137.72429913092634,139.19210815429688,219176600,NVDA
2025-02-19,139.3019353271886,141.14918241151278,137.01535723812603,139.02235412597656,167536000,NVDA
2025-02-20,139.8211642330671,140.45022955446439,136.58599074078032,139.9010467529297,143903600,NVDA
2025-02-21,139.83114145453473,141.2490371129211,133.83011008980694,134.22950744628906,228217600,NVDA
2025-02-24,136.35634186179794,138.383313247837,129.88600993089565,130.08570861816406,251381100,NVDA
2025-02-25,129.78615711570163,130.00583024952502,124.25442559786755,126.44115447998047,271428700,NVDA
2025-02-26,129.79615892181477,133.53057192522448,128.29839578499454,131.084228515625,322553800,NVDA
2025-02-27,134.7986782828192,134.80865788512716,119.83103458283094,119.9708251953125,443175800,NVDA
2025-02-28,117.84399213493025,124.90344826210318,116.2264129341289,124.73370361328125,389091100,NVDA
2025-03-03,123.32581202011416,123.51552349340123,112.11255593535711,113.88990020751953,411381400,NVDA
2025-03-04,110.4849986041218,119.132080722439,109.94580294596078,115.81703186035156,398163300,NVDA
2025-03-05,117.40465751759531,118.10361057672029,114.3392360416895,117.12507629394531,284337900,NVDA
2025-03-06,113.3606904001891,115.17797591196373,110.05562907278994,110.40510559082031,321181900,NVDA
2025-03-07,111.08409477767312,113.31077256873955,107.39959517379882,112.5219497680664,341755500,NVDA
2025-03-10,109.73610085349598,111.6831896506324,105.30272006245755,106.8204574584961,366487400,NVDA
2025-03-11,106.83043665954975,112.0726069900584,104.61374627233778,108.5978012084961,354865700,NVDA
2025-03-12,113.9602977987337,116.5966026479449,112.72202762810602,115.5780258178711,323857500,NVDA
2025-03-13,116.86621875800482,117.59520049683546,113.63075517539951,115.41825103759766,299033100,NVDA
2025-03-14,118.44401014075397,121.70943054003341,117.98465480860956,121.49972534179688,277593500,NVDA
2025-03-17,122.56822336901756,122.71801496792263,117.86481592318836,119.36271667480469,255501500,NVDA
2025-03-18,117.83486627342975,118.85343549406599,114.37970924440411,115.26846313476562,299686900,NVDA
2025-03-19,117.10588726826337,120.28143743378797,115.51811599486,117.35553741455078,273426200,NVDA
2025-03-20,116.3868956857552,120.03178155242583,116.30700581426807,118.36412048339844,248829700,NVDA
2025-03-21,116.77634740953133,117.82487338576216,115.25847035053427,117.5352783203125,266498500,NVDA
2025-03-24,119.71223179694545,122.04896105750126,119.17298658297102,121.24009704589844,228452500,NVDA
2025-03-25,120.38129181712452,121.12025404464302,118.75356814650013,120.5210952758789,167447200,NVDA
2025-03-26,118.5638454632065,118.6736845133834,112.55226594608844,113.60079956054688,293463300,NVDA
2025-03-27,111.19417323533278,114.28983351449122,110.50514401476981,111.27406311035156,236902100,NVDA
2025-03-28,111.33397804410711,112.71205173921601,108.91736643615505,109.51652526855469,229872500,NVDA
2025-03-31,104.98287310192077,110.80471613819729,103.50494855407659,108.22832489013672,299212700,NVDA
2025-04-01,108.36813339033893,110.04578269736857,106.32100673854832,109.99585723876953,222614000,NVDA
2025-04-02,107.1398479774266,111.82328673498283,106.64054773013802,110.26546478271484,220601200,NVDA
2025-04-03,103.36515315702636,105.48218161280622,101.45782230020173,101.65754699707031,338769400,NVDA
2025-04-04,98.7715853475697,99.98987163475934,91.98109847139008,94.17801666259766,532273800,NVDA
2025-04-07,87.33758937851368,101.6075898958186,86.49876870613649,97.50334167480469,611041300,NVDA
2025-04-08,103.66472218207363,105.70186824827938,94.3278084260022,96.16523742675781,476243400,NVDA
2025-04-09,98.75161045127601,114.9389248904037,97.39351305704149,114.17000579833984,612918300,NVDA
2025-04-10,109.21694044618194,110.70485307181585,99.01124202201945,107.4194564819336,437812400,NVDA
2025-04-11,108.34816524857224,111.39390013023589,107.32959598741144,110.77476501464844,313417300,NVDA
2025-04-14,113.95031245540225,114.13006086401796,108.91736463288024,110.55506896972656,264705000,NVDA
2025-04-15,110.81470199440513,113.46099492172469,110.3453585264742,112.04297637939453,228966900,NVDA
2025-04-16,104.40368647017546,106.64054948152403,100.30941828019425,104.34376525878906,397016900,NVDA
2025-04-17,104.30381795694564,104.3237942331935,99.90998190333623,101.34796142578125,292517500,NVDA
2025-04-21,98.63178134580184,99.30084956133582,94.90700524452377,96.7743911743164,288501100,NVDA
2025-04-22,98.6417555090913,99.67031279819463,97.14385476914264,98.75160217285156,241004800,NVDA
2025-04-23,104.37371808015347,104.65333261230082,101.87721689778672,102.56625366210938,247526000,NVDA
2025-04-24,103.33518320501399,106.39089830035945,102.96569827687256,106.28105163574219,220815000,NVDA
2025-04-25,106.70047033928225,111.76337496991529,105.58204256681438,110.85465240478516,251064700,NVDA
2025-04-28,109.53649833991803,110.21554702841466,105.8716284785824,108.57784271240234,207708500,NVDA
2025-04-29,107.5193148494054,110.04577291521682,107.2896409990865,108.86742401123047,170444300,NVDA
2025-04-30,104.32379376082015,108.76756286621094,103.93434018163836,108.76756286621094,235044600,NVDA
2025-05-01,112.92174799120272,114.7791455573913,111.14424029465428,111.45380401611328,236121500,NVDA
2025-05-02,114.02021557227994,115.23850951002053,113.21135153306962,114.33976745605469,190194800,NVDA
2025-05-05,112.75199066583207,114.5095221313392,112.50234053074915,113.66071319580078,133163200,NVDA
2025-05-06,111.32399638135878,114.57942879752297,110.66491633937942,113.38111114501953,158525600,NVDA
2025-05-07,112.89179643623137,117.51531428959993,112.12286973799952,116.89617919921875,206758800,NVDA
2025-05-08,118.08451525459601,118.51391379663416,115.68787240644632,117.20574951171875,198428100,NVDA
2025-05-09,117.1857803819228,118.06455379711826,115.0487756801452,116.48676300048828,132972200,NVDA
2025-05-12,121.79930827024249,122.82786560058594,120.11167093091153,122.82786560058594,225023300,NVDA
2025-05-13,124.8051066300396,131.03637225526788,124.29581818961599,129.7481689453125,330430100,NVDA
2025-05-14,133.01359953083553,135.2504704050171,131.4957223220182,135.15060424804688,281180800,NVDA
2025-05-15,134.10205882491402,136.1092556474961,132.47435031815246,134.6413116455078,226632600,NVDA
2025-05-16,136.02937003025397,136.15919297953724,133.27323795943153,135.21051025390625,226542500,NVDA
2025-05-19,132.20473687113784,135.6798627990254,132.20473687113784,135.3802947998047,193154600,NVDA
2025-05-20,134.10203943343691,134.3916420789913,132.43437861355363,134.19192504882812,161514200,NVDA
2025-05-21,132.87380141479636,137.20772462329396,130.4072565649854,131.61557006835938,270608700,NVDA
2025-05-22,132.04495280891254,134.0621302833829,131.36591171623223,132.6441192626953,187344000,NVDA
2025-05-23,129.8180590665907,132.49430097030302,128.97923834191374,131.1062469482422,198821300,NVDA
2025-05-27,133.96224703921547,135.47014350181522,133.1234263008756,135.31036376953125,192953600,NVDA
2025-05-28,135.83964717915475,137.05794120889544,134.60137686964083,134.62135314941406,304021100,NVDA
2025-05-29,142.05090829751865,143.28917829117677,137.71698617586475,138.9951934814453,369241900,NVDA
2025-05-30,138.5258751739265,139.42460961066672,132.73398869983464,134.94090270996094,333170900,NVDA
2025-06-02,135.30038976970178,137.9266987725352,135.21050414256473,137.187744140625,197663100,NVDA
2025-06-03,138.58576663563605,141.80126124338923,137.7569264491721,141.02235412597656,225578800,NVDA
2025-06-04,141.99101618842522,142.19073325311263,139.34471555965237,141.7213897705078,167120800,NVDA
2025-06-05,141.97102431113476,143.79846496522654,138.63570246128648,139.79408264160156,231397900,NVDA
2025-06-06,142.31055518995854,143.0695013401578,141.31195466595716,141.52166748046875,153986200,NVDA
2025-06-09,142.98961854621228,144.7970831461155,141.74136782943543,142.43040466308594,185114500,NVDA
2025-06-10,142.4903028059026,144.08805440763362,141.33192260937975,143.75852966308594,155881900,NVDA
2025-06-11,144.4176611881815,144.79716064315863,141.6813000562032,142.64002990722656,167694000,NVDA
2025-06-12,141.78117540604916,144.80714416503906,141.66133988719625,144.80714416503906,162365000,NVDA
2025-06-13,142.2904745799642,143.38901749969733,140.6626531024409,141.78115844726562,180820600,NVDA
2025-06-16,143.15934450789308,145.98556707783933,143.00953487116647,144.49755859375,183133700,NVDA
2025-06-17,144.29781716982143,145.02684191909495,143.58875484653294,143.9282989501953,139108000,NVDA
2025-06-18,143.81843788371728,145.4562558084884,142.92962233744194,145.28648376464844,161494100,NVDA
2025-06-20,145.25653889927807,146.00554135001875,142.46026003548073,143.65867614746094,242956200,NVDA
2025-06-23,142.31046402404658,144.58743022935184,141.84108794116847,143.97824096679688,154308900,NVDA
2025-06-24,145.36637857516104,147.76319531946535,145.3064608232896,147.70326232910156,187566100,NVDA
2025-06-25,149.07147669890958,154.24458003760031,149.0614802461701,154.10476684570312,269146500,NVDA
2025-06-26,155.77252682686714,156.51154803915952,153.79516469048193,154.81381225585938,198145700,NVDA
2025-06-27,155.83242906789442,158.49889084686143,155.05346784206984,157.5401611328125,263234500,NVDA
2025-06-30,158.1893045239527,158.4489684480595,155.7525627920192,157.7798614501953,194580300,NVDA
2025-07-01,156.0820975676339,156.99089075003695,151.288494680634,153.09608459472656,213143600,NVDA
2025-07-02,152.77652287552658,157.3903883520798,152.76654166200262,157.0408477783203,171224100,NVDA
2025-07-03,158.15934077500395,160.76586971787668,157.56014800239086,159.1280517578125,143716100,NVDA
2025-07-07,157.98957042846925,159.09809459400483,157.1307137305003,158.02952575683594,140139000,NVDA
2025-07-08,159.11807865757584,160.0068942683196,158.1793265036118,159.7871856689453,138133000,NVDA
2025-07-09,161.0055497766517,164.2012901564699,160.9456320255445,162.66334533691406,183656400,NVDA
2025-07-10,164.10143771292147,164.28119097215313,161.3950357038234,163.88172912597656,167704100,NVDA
2025-07-11,163.50222183922534,167.6666731011634,163.2525543877531,164.70062255859375,193633300,NVDA
2025-07-14,165.1500194092157,165.26987014699793,161.80448473325933,163.8517608642578,136975800,NVDA
2025-07-15,170.96229989605533,172.17068192225182,168.97494134085255,170.4729461669922,230627400,NVDA
2025-07-16,170.83247408910898,171.52155877211666,168.67534340451815,171.14205932617188,158831500,NVDA
2025-07-17,171.79120519874627,173.92835823409905,170.60278554683865,172.7698974609375,160841100,NVDA
2025-07-18,173.40903901870553,174.01822826089457,171.03219980516573,172.18067932128906,146456400,NVDA
2025-07-21,172.52022673163836,173.1493936504508,170.77255439137573,171.1520538330078,123126100,NVDA
2025-07-22,171.1120956061046,171.1620321483939,164.3610926233022,166.80783081054688,193114300,NVDA
2025-07-23,169.30450383433347,171.03219846298632,167.74658125695927,170.55284118652344,154082200,NVDA
2025-07-24,172.21065238052367,173.5988030318276,171.07216922217725,173.50892639160156,128984600,NVDA
2025-07-25,173.3790956402227,174.4876199263022,172.7299662493585,173.2692413330078,122316800,NVDA
2025-07-28,173.78854323017163,176.7645753161742,173.73860668662087,176.51490783691406,140023500,NVDA
2025-07-29,177.72328828972238,179.14139760883538,174.7871965738649,175.2765350341797,154077500,NVDA
2025-07-30,176.27521653092245,179.65072563032518,175.80584046425426,179.03155517578125,174312200,NVDA
2025-07-31,182.6567315862202,183.0562087176856,175.69600066981488,177.6334228515625,221685400,NVDA
2025-08-01,173.85844036702034,176.3051785902702,170.66269971388826,173.4889373779297,204529000,NVDA
2025-08-04,174.9270307365029,179.9603205403546,174.28788258302183,179.76058959960938,148174600,NVDA
2025-08-05,179.38107983649965,180.0202279532499,175.6660266458598,178.02288818359375,156407600,NVDA
2025-08-06,176.09546439011424,179.66070799076476,176.01556896990587,179.1813507080078,137192300,NVDA
2025-08-07,181.32849521637667,183.63542017290519,178.56217541570945,180.52955627441406,151878400,NVDA
2025-08-08,181.30852119793246,183.05619350177665,180.16004168373897,182.4569854736328,123396700,NVDA
2025-08-11,181.80785936297346,183.59547178906817,180.01025048518693,181.81784057617188,138323200,NVDA
2025-08-12,182.7166509044063,184.234618174838,179.22130626788388,182.9163818359375,145485700,NVDA
2025-08-13,182.37709375214726,183.72530422356274,179.11145412417423,181.3484649658203,179871700,NVDA
2025-08-14,179.51090820642335,182.7765629312542,179.22130065055427,181.77789306640625,129554000,NVDA
2025-08-15,181.6380820439347,181.658044469753,177.8031781362909,180.20997619628906,156602200,NVDA
2025-08-18,180.359785616326,182.69666946783065,180.3497891649352,181.7678985595703,132008000,NVDA
2025-08-19,182.1873495042791,182.25726371442747,175.25659293377495,175.40638732910156,185229200,NVDA
2025-08-20,174.93701244991922,175.76591033294957,168.57548977611862,175.1667022705078,215142700,NVDA
2025-08-21,174.61742144674352,176.66468235557974,173.57879631630271,174.7472381591797,140040900,NVDA
2025-08-22,172.38040151215634,178.35244288234992,170.97227338198675,177.7532501220703,172789400,NVDA
2025-08-25,178.11278178635797,181.6680441727565,176.33515059315872,179.57083129882812,163012800,NVDA
2025-08-26,179.82049655621498,182.14739921043056,178.57215920342722,181.52822875976562,168688200,NVDA
2025-08-27,181.7379436715125,182.24727507184866,178.86178472902657,181.35845947265625,235518900,NVDA
2025-08-28,180.5794881684096,184.22462699678687,176.17535050737845,179.9303436279297,281787800,NVDA
2025-08-29,177.87308356836775,177.91302365652732,172.91967451951007,173.94830322265625,243257900,NVDA
2025-09-02,169.77387989783634,172.15071909272382,166.99757884564528,170.55284118652344,231164900,NVDA
2025-09-03,170.83246833565184,172.18067877773825,168.6553752976972,170.39305114746094,164424900,NVDA
2025-09-04,170.34310949484882,171.63138678951796,169.18464890773325,171.43165588378906,141670100,NVDA
2025-09-05,167.8065026792569,168.80517258283567,163.8517783946414,166.7978515625,224441400,NVDA
2025-09-08,167.32715219255022,170.73262035939155,167.12742125141602,168.0861358642578,163769100,NVDA
2025-09-09,168.86509051949957,170.75257602974241,166.51822538667548,170.53286743164062,157548400,NVDA
2025-09-10,176.40506201448144,179.05153132643002,175.23661998400823,177.09414672851562,226852000,NVDA
2025-09-11,179.4511179779685,180.050359799309,176.2551971559751,176.94432067871094,151159300,NVDA
2025-09-12,177.5435512454145,178.37249577533527,176.22522541777622,177.59349060058594,124911000,NVDA
2025-09-15,175.44623766911022,178.62219505337407,174.28771156721004,177.52359008789062,147061600,NVDA
2025-09-16,176.77455192141375,177.2739150624347,174.1578939390572,174.65725708007812,140737800,NVDA
2025-09-17,172.42008695754546,172.97937117956877,168.1954794867923,170.0730743408203,211843800,NVDA
2025-09-18,173.7583871307785,176.87442336525442,172.73969733735942,176.01551818847656,191763300,NVDA
2025-09-19,175.54609885389235,177.8531538116004,174.95683884616588,176.4449462890625,237182100,NVDA
2025-09-22,175.07671637070237,184.31493427279133,174.48747153493287,183.37612915039062,269637000,NVDA
2025-09-23,181.73821238324945,182.18763613663097,175.9855548133895,178.2027130126953,192559600,NVDA
2025-09-24,179.54100413716742,179.5509859124944,175.17656050171237,176.74456787109375,143564100,NVDA
2025-09-25,174.25773588995062,180.0303718676576,172.90946471941734,177.46365356445312,191586700,NVDA
2025-09-26,177.94304916264082,179.54101721374016,174.70717071687335,177.96302795410156,148573700,NVDA
2025-09-29,180.2001578366391,183.76561762390497,180.09031258631592,181.6183624267578,193063500,NVDA
2025-09-30,181.848063160254,187.11135435179565,181.2488213615314,186.3423309326172,236981000,NVDA
2025-10-01,185.00405809785752,187.9003581593927,183.665753326035,187.0015106201172,173844900,NVDA
2025-10-02,189.35850113919957,190.80665113886596,187.82045419605362,188.64939880371094,136805800,NVDA
2025-10-03,188.9490194719917,190.11752734214045,185.14387494216948,187.38101196289062,137596900,NVDA
2025-10-06,185.2637075602064,186.9914995955013,183.09647356463947,185.30364990234375,157678100,NVDA
2025-10-07,185.99279275388864,188.8191899838309,183.76563739379807,184.80430603027344,140088000,NVDA
2025-10-08,186.33235229407293,189.35849142592937,186.30237648821537,188.86911010742188,130168900,NVDA
2025-10-09,191.9851285494953,195.05122522476873,190.816620752273,192.32470703125,182997200,NVDA
2025-10-10,193.26350393527704,195.37081685366852,181.81811007166195,182.92669677734375,268774400,NVDA
2025-10-13,187.73056363822363,189.8678370807686,185.72312947730666,188.0801239013672,153482800,NVDA
2025-10-14,184.5346420566055,184.56460262310264,179.47109296765566,179.80067443847656,205641400,NVDA
2025-10-15,184.56460739230218,184.63451030281777,177.06416377208902,179.60093688964844,214450500,NVDA
2025-10-16,181.99786281424815,183.04652832403656,179.5410050089342,181.57839965820312,179723300,NVDA
2025-10-17,179.950466813544,183.8654866543178,179.52102189247293,182.98660278320312,173135200,NVDA
2025-10-20,182.89672994644732,184.96408521149223,181.4985041529273,182.4073486328125,128544700,NVDA
2025-10-21,182.55715836486127,182.55715836486127,179.5709767314294,180.9292449951172,124240200,NVDA
2025-10-22,180.9092744574391,183.2063479075077,176.53484855405173,180.0503692626953,162249600,NVDA
2025-10-23,180.19017423035882,182.7968501503985,179.5609718650331,181.92796325683594,111363700,NVDA
2025-10-24,183.60580497197222,187.23118563906056,183.26624175096782,186.02272033691406,131296700,NVDA
2025-10-27,189.74798924630224,191.75542334831323,188.18996363054165,191.24607849121094,153452700,NVDA
2025-10-28,192.8040950113927,202.8912204382634,191.66554775855593,200.77392578125,297986200,NVDA
2025-10-29,207.715080745974,211.9197249544373,204.51915980095313,206.77627563476562,308829600,NVDA
2025-10-30,204.88867704045037,205.89740027142088,201.1534507471854,202.63156127929688,178864400,NVDA
2025-10-31,206.18701808603035,207.70508615602077,201.81260775338424,202.23207092285156,179802200,NVDA
2025-11-03,207.81493866642379,211.07078042213968,205.29814450690722,206.61647033691406,180267300,NVDA
2025-11-04,202.7414122562426,203.71017785907821,197.67786326579136,198.43690490722656,188919300,NVDA
2025-11-05,198.51682788141107,202.66153586727006,194.40206522559174,194.96136474609375,171350300,NVDA
2025-11-06,196.16981228388872,197.3682807609907,186.14260723026618,187.84043884277344,223029800,NVDA
2025-11-07,184.66446402160466,188.08012095739036,178.68210397488247,187.9103240966797,264942300,NVDA
2025-11-10,194.8614791513322,199.68532876518447,193.5431531870904,198.7964630126953,198897100,NVDA
2025-11-11,194.91140808059743,195.17107140540628,191.05632435423007,192.91395568847656,176483300,NVDA
2025-11-12,195.4706988945922,195.64048052491762,190.88654915774768,193.5531463623047,154935300,NVDA
2025-11-13,190.8066439854392,191.1961465947379,183.61581837719615,186.62197875976562,207423100,NVDA
2025-11-14,182.62706393415107,190.76667594021126,180.34996953708986,189.92774963378906,186591900,NVDA
2025-11-17,185.73311754704963,188.75925679396335,184.08522536919267,186.36231994628906,173628900,NVDA
2025-11-18,183.14641371605563,184.5646030780414,179.42115405263684,181.1289825439453,213598900,NVDA
2025-11-19,184.5546024199349,187.62069907956393,182.5971076589588,186.28240966796875,247246400,NVDA
2025-11-20,195.70039225393623,195.7503316108911,179.62090987236718,180.40989685058594,343504800,NVDA
2025-11-21,181.00913979899244,184.32490281868388,172.70971237567008,178.6521453857422,346926200,NVDA
2025-11-24,179.2613745727385,183.26626122561635,176.25519889972114,182.31747436523438,256618300,NVDA
2025-11-25,174.68719385821646,177.93305383278917,169.33402110596253,177.59349060058594,320600300,NVDA
2025-11-26,181.3986455127995,182.67701383620675,178.01296428701193,180.03038024902344,183852000,NVDA
2025-11-28,178.7819702942556,179.0616124091028,176.27517303639212,176.7745361328125,121332800,NVDA
2025-12-01,174.5373804488289,180.07033197943204,173.45875435362808,179.69081115722656,188131000,NVDA
2025-12-02,181.52847225165078,185.4235136530611,179.7707195907086,181.22886657714844,182632200,NVDA
2025-12-03,180.8493441127912,182.21759414523953,178.88185225801445,179.36123657226562,165138000,NVDA
2025-12-04,181.3987504426599,184.2952268834804,179.74078419330877,183.1566162109375,167364900,NVDA
2025-12-05,183.66598269849337,184.43504894381925,180.6896172324408,182.1877899169922,143971100,NVDA
2025-12-08,182.41751577930148,187.7709870845105,182.17780264974235,185.323974609375,204378100,NVDA
2025-12-09,185.33395229946427,185.4937610485011,183.09669077375298,184.7446746826172,144719700,NVDA
2025-12-10,184.74467463147755,185.2540478736652,181.8182359713298,183.55612182617188,162785400,NVDA
2025-12-11,180.060377409269,181.09911899111663,176.40483245042134,180.70957946777344,182136600,NVDA
2025-12-12,180.88937065842447,182.59729422559735,174.40727135263347,174.80679321289062,204274900,NVDA
2025-12-15,177.7232402429772,178.20265125135413,174.8167814768023,176.0752410888672,164775600,NVDA
2025-12-16,176.0452813318811,178.27257580423,174.68693742218818,177.50350952148438,148588100,NVDA
2025-12-17,175.88548356566727,175.91544580087532,170.10252832729947,170.7317657470703,222775500,NVDA
2025-12-18,174.3173807251694,175.93540231223645,171.6106906687844,173.9278564453125,176096000,NVDA
2025-12-19,176.45477147838753,181.2289470656948,176.12517166919682,180.76951599121094,324925900,NVDA
2025-12-22,183.6959478478248,183.935660967629,182.1278683380167,183.4662322998047,129064400,NVDA
2025-12-23,182.7471036477755,189.099356383118,182.67718160782493,188.97950744628906,174873600,NVDA
2025-12-24,187.71105179508496,188.67987134928,186.36269028434322,188.38023376464844,65528500,NVDA
2025-12-26,189.68863982420257,192.45526970950266,187.7709805748158,190.2978973388672,139740300,NVDA
2025-12-29,187.4813341773615,188.53004285167208,185.68352392965699,187.99070739746094,120006100,NVDA
2025-12-30,188.01069817319677,188.75978454971104,186.70228116711607,187.31153869628906,97687300,NVDA
2025-12-31,189.33907943283364,190.32786369396138,186.26282955778902,186.27281188964844,120100500,NVDA
2026-01-02,189.60873357074172,192.69496568024334,188.03065649528438,188.6199493408203,148240500,NVDA
2026-01-05,191.52640398377517,193.39413642527967,185.9232371396652,187.89083862304688,183529700,NVDA
2026-01-06,190.2879203285983,191.935904267691,186.5924305704924,187.0119171142578,176862600,NVDA
2026-01-07,188.34028795646717,191.13686475404677,186.3327268208183,188.87962341308594,153543200,NVDA
2026-01-08,188.87963997886857,189.31910643994627,183.48622397884648,184.81459045410156,172457000,NVDA
2026-01-09,184.8545293482555,186.1129888751533,183.44624341374129,184.63479614257812,131327500,NVDA
2026-01-12,182.99680052530172,186.89204340473577,182.79704721562317,184.71470642089844,137968500,NVDA
2026-01-13,184.7746378408776,187.88084992986475,183.17658082293008,185.58364868164062,160128900,NVDA
2026-01-14,184.0954557419801,184.23528457453645,180.57973978602013,182.91688537597656,159586100,NVDA
2026-01-15,186.27281050248445,189.46890929684608,186.103019420931,186.8221435546875,206188600,NVDA
2026-01-16,188.84966224271636,190.20800608356458,185.85331687968656,186.0031280517578,187967200,NVDA
2026-01-20,181.67839380225757,182.1578200140757,177.39362681050815,177.8530731201172,223345300,NVDA
2026-01-21,178.8318922054109,185.15418310637224,178.18267486272933,183.09669494628906,200381000,NVDA
2026-01-22,184.52493568425237,185.94320399708803,183.70592730123704,184.6148223876953,139636600,NVDA
2026-01-23,187.27158465782284,189.3690325020707,186.59242035942677,187.44137573242188,142748100,NVDA
2026-01-26,186.93200550896393,188.88960930416175,185.76343263076708,186.2428436279297,124799600,NVDA
2026-01-27,187.01190478720812,189.76853699604698,185.47377232125424,188.29034423828125,143711600,NVDA
2026-01-28,191.03700193406064,192.1156881225865,189.60873601436586,191.2866973876953,148552700,NVDA
2026-01-29,191.10690928022157,193.244301759811,185.83334250366076,192.27548217773438,171764400,NVDA
2026-01-30,190.97707539362895,194.25307849059112,189.23918956869622,190.8971710205078,179489500,NVDA
2026-02-02,186.97195532434574,190.0681850900544,184.6547894061738,185.38389587402344,165794100,NVDA
2026-02-03,186.01312186532803,186.04308409913696,176.01530661894333,180.12030029296875,204019600,NVDA
2026-02-04,179.24138264216026,179.36123157735668,171.70057725198066,173.97779846191406,207014100,NVDA
2026-02-05,174.71688060291817,176.604592702014,170.82163795446576,171.6706085205078,206312900,NVDA
2026-02-06,176.47474973392875,186.77218713146127,174.3872995354016,185.1841278076172,231346200,NVDA
2026-02-09,184.03552934237337,193.42408742490235,183.7259094221984,189.80848693847656,196387400,NVDA
2026-02-10,191.1468699498802,192.24552080983682,187.89083145679504,188.31031799316406,136764800,NVDA
2026-02-11,192.2155516352278,193.0245624433192,188.54004197866425,189.8184814453125,144192700,NVDA
2026-02-12,192.79485804306626,193.3741533411549,186.28279615580217,186.7122802734375,189932500,NVDA
2026-02-13,187.25162028422807,187.27160018883805,181.36879569323744,182.58731079101562,161888000,NVDA
2026-02-17,181.5285959992061,186.92201173748992,178.9617194034806,184.7446746826172,162276900,NVDA
2026-02-18,188.52005804720127,190.13807962880853,186.53247684939709,187.75099182128906,164749100,NVDA
2026-02-19,186.8321237354349,188.20044994409497,185.43383529156333,187.6710968017578,126554500,NVDA
2026-02-20,186.342734664171,190.09814888521723,185.71349722992974,189.58877563476562,178422300,NVDA
2026-02-23,191.16683922839312,193.71373598373438,189.3490641935772,191.31666564941406,171584800,NVDA
2026-02-24,191.2567378902843,193.53395924081437,187.171708627792,192.61508178710938,175123600,NVDA
2026-02-25,194.2131137016724,197.38924768090467,193.5539140704845,195.32176208496094,250637100,NVDA
2026-02-26,194.03334246429932,194.0533071271398,184.09546670933034,184.66476440429688,360807900,NVDA
2026-02-27,181.0292033274304,182.36756729714082,176.1651407824763,176.97415161132812,311636500,NVDA
2026-03-02,174.79680413295333,183.2365228635074,174.42725972943845,182.25770568847656,209095300,NVDA
2026-03-03,178.27256086028186,180.67961330625172,176.70446619030554,179.83065795898438,178099400,NVDA
2026-03-04,180.22019302825058,184.47499807110998,179.84065106191534,182.8170166015625,177731200,NVDA
2026-03-05,180.94929874286032,183.83577756501342,177.6633132926684,183.1166534423828,198779700,NVDA
2026-03-06,179.6209064601764,182.5373473445644,176.60459654479845,177.60337829589844,189021900,NVDA
2026-03-09,176.61458806542097,182.68718325690133,175.34613090826778,182.427490234375,177213600,NVDA
2026-03-10,182.17779858894656,186.21288569214076,181.7882742872215,184.544921875,179118500,NVDA
2026-03-11,185.6935753620157,187.40157611978597,184.23526832414757,185.8134307861328,145280400,NVDA
2026-03-12,183.83574790315467,184.72471123223085,181.53842231669145,182.9268035888672,155762700,NVDA
2026-03-13,184.70472270189353,185.87335881208497,179.73052445930352,180.0401611328125,160988400,NVDA
2026-03-16,182.7570048934839,188.66012868968363,181.19882333613754,183.0067138671875,217307400,NVDA
2026-03-17,184.8445618023411,185.1841623368753,181.4684917186082,181.71820068359375,182497800,NVDA
2026-03-18,182.26756764801692,183.16652908726184,180.12007659614625,180.1899871826172,156683100,NVDA
2026-03-19,177.80276430906588,179.77047215436778,175.5853475010711,178.3521270751953,170968500,NVDA
2026-03-20,177.79278016290237,178.05247199547227,171.52009228430225,172.4989471435547,241323500,NVDA
2026-03-23,177.0536408486584,178.16234927411983,174.55655117338722,175.43553161621094,182836300,NVDA
2026-03-24,174.6264683383626,176.01484951930743,173.777451794472,174.99603271484375,147667800,NVDA
2026-03-25,176.89383761026875,181.00903649280792,176.64412864426953,178.47198486328125,162602100,NVDA
2026-03-26,175.86504388946904,176.30451888215924,170.9407749866337,171.04066467285156,186152200,NVDA
2026-03-27,169.80209026823204,170.77096223786808,166.81556566439232,167.32498168945312,196212700,NVDA
2026-03-30,168.58352034150624,169.25273855906806,164.07877596313077,164.97772216796875,185627000,NVDA
2026-03-31,166.77563225072552,174.41672082635512,166.7656493784466,174.1969757080078,226181300,NVDA
2026-04-01,175.79511913229018,177.16351944386196,174.54657425208924,175.54541015625,168132000,NVDA
2026-04-02,171.97954556798163,177.28337661769746,171.170490985778,177.18348693847656,143143200,NVDA
2026-04-06,176.953760088437,177.58301630024127,175.55538077559635,177.43319702148438,107564300,NVDA
2026-04-07,175.52541836668527,178.0225079733855,173.4578360976707,177.89266967773438,132534900,NVDA
2026-04-08,184.28522303450282,185.0443328296099,180.09011531444295,181.8680419921875,147732700,NVDA
2026-04-09,181.6283100364998,183.86570786090292,180.40972906189933,183.69590759277344,116428500,NVDA
2026-04-10,184.09543736125556,189.77881591864653,184.08545448929232,188.41041564941406,160459500,NVDA
2026-04-13,185.81343445538195,189.43921351677633,185.52377876103736,189.08961486816406,133648200,NVDA
2026-04-14,190.61783708872017,196.28123474121094,190.54792650193752,196.28123474121094,161307000,NVDA
2026-04-15,196.31119931453722,200.166706463506,195.5121427945441,198.63848876953125,185338400,NVDA
2026-04-16,197.20015246424893,199.6173486077875,195.58204328148997,198.1190948486328,134012900,NVDA
2026-04-17,199.66727910555997,201.46518667284232,199.03802288778024,201.44520568847656,160324400,NVDA
2026-04-20,199.7471876833392,201.9346406188145,197.6096795882359,201.82476806640625,119381400,NVDA
2026-04-21,201.89470437258373,202.51397775047528,198.76834314349978,199.64732360839844,107945300,NVDA
2026-04-22,200.75603026628932,202.26426696777344,198.76834136586132,202.26426696777344,107501000,NVDA
2026-04-23,202.22431724671497,203.59271751351986,196.99041179336916,199.4075927734375,113561800,NVDA
2026-04-24,199.72721882416832,210.70441481695215,199.57738430538978,208.0275421142578,214134400,NVDA
2026-04-27,209.4059296471886,216.5775789683675,207.13858324348888,216.3578338623047,187172400,NVDA
2026-04-28,209.24613572912838,214.4800260296235,207.95762889823203,212.92184448242188,180275400,NVDA
2026-04-29,212.4523894424142,212.47237042757808,207.33835459433345,209.00640869140625,123711800,NVDA
2026-04-30,209.68560172993963,210.05518135667162,198.46867945247158,199.33767700195312,225239200,NVDA
2026-05-01,201.0456862731779,202.76368521944246,196.89052532216473,198.21897888183594,128647000,NVDA
2026-05-04,199.26774870200734,201.49514834231712,194.51329562325486,198.24893188476562,125368100,NVDA
2026-05-05,199.06798360144137,200.00689171848026,195.80178617585554,196.271240234375,113406600,NVDA
2026-05-06,199.65729931010404,208.0275486883452,198.37879062945476,207.5880584716797,188362800,NVDA
2026-05-07,208.0974592073836,213.95063795079753,206.25960488465944,211.2537841796875,168307900,NVDA
2026-05-08,212.7820061205359,217.5464575316693,212.642169707093,214.94947814941406,136421400,NVDA
2026-05-11,213.79081709888328,222.04121091513153,213.64099781886503,219.18453979492188,160685800,NVDA
2026-05-12,218.29558003818886,223.48952345691538,214.6698009927987,220.52297973632812,159176600,NVDA
2026-05-13,224.6681467194947,227.57476278227756,221.3120728008497,225.56710815429688,150405400,NVDA
2026-05-14,229.58243343997336,236.26463268418732,229.03307065698914,235.465576171875,180782900,NVDA
2026-05-15,229.49252726355346,231.23050718880455,223.97896415639156,225.05770874023438,180977600,NVDA
2026-05-18,229.60240180074675,229.7322553439391,218.1157890335498,222.0612030029297,146280900,NVDA
2026-05-19,219.36432694236115,224.21866983705235,217.6563261548179,220.35317993164062,140948200,NVDA
2026-05-20,222.9201831873553,225.8667612103758,220.2433103590018,223.20985412597656,184201600,NVDA
2026-05-21,222.03121805596584,227.13526994336974,217.6762930684293,219.25445556640625,203381800,NVDA
2026-05-22,220.64283833374193,220.75271088945502,214.54994865072538,215.07933044433594,169275700,NVDA
2026-05-26,216.28791550863897,217.92600574795006,211.75320730356688,214.60987854003906,187202600,NVDA
2026-05-27,213.87072806866348,213.90069192498567,208.53694826896,212.35250854492188,167601200,NVDA
2026-05-28,211.03403615445995,215.2691056248748,210.97410844231206,214.00057983398438,143996000,NVDA
2026-05-29,214.33020874183248,217.6063892667686,210.88422794322287,210.8942108154297,289410600,NVDA
2026-06-01,215.47885750139108,224.60821672379726,215.44889364463796,224.09881591796875,212850700,NVDA
2026-06-02,226.91551751623658,232.00958636747916,221.09231801448135,222.56060791015625,193362900,NVDA
2026-06-03,221.46188713313538,222.56061267075634,214.2602739078757,214.5,160907000,NVDA
2026-06-04,213.91000366210938,221.60000610351562,210.97000122070312,218.66000366210938,169022200,NVDA
2026-06-05,214.52999877929688,214.8699951171875,204.3300018310547,205.10000610351562,219655500,NVDA
2026-06-08,210.17999267578125,210.47000122070312,206.0,208.63999938964844,138372800,NVDA
2026-06-09,210.6199951171875,211.39999389648438,199.33999633789062,208.19000244140625,180962500,NVDA
2026-06-10,204.42999267578125,207.22000122070312,199.9199981689453,200.4199981689453,161746600,NVDA
2026-06-11,201.49000549316406,205.66000366210938,199.5399932861328,204.8699951171875,158643200,NVDA
2026-06-12,204.86000061035156,207.07000732421875,203.44000244140625,205.19000244140625,112001800,NVDA
2026-06-15,208.9199981689453,212.7100067138672,208.33999633789062,212.4499969482422,149936700,NVDA
2026-06-16,211.17999267578125,211.49000549316406,207.2899932861328,207.41000366210938,125694100,NVDA
2026-06-17,208.52999877929688,209.2100067138672,203.0800018310547,204.64999389648438,128363500,NVDA
2026-06-18,207.3300018310547,211.38999938964844,206.5,210.69000244140625,241272000,NVDA
2023-06-22,250.77000427246094,265.0,248.25,264.6099853515625,166875900,TSLA
2023-06-23,259.2900085449219,262.45001220703125,252.8000030517578,256.6000061035156,177460800,TSLA
2023-06-26,250.07000732421875,258.3699951171875,240.6999969482422,241.0500030517578,179990600,TSLA
2023-06-27,243.24000549316406,250.38999938964844,240.85000610351562,250.2100067138672,164968200,TSLA
2023-06-28,249.6999969482422,259.8800048828125,248.88999938964844,256.239990234375,159770800,TSLA
2023-06-29,258.0299987792969,260.739990234375,253.61000061035156,257.5,131283400,TSLA
2023-06-30,260.6000061035156,264.45001220703125,259.8900146484375,261.7699890136719,112620800,TSLA
2023-07-03,276.489990234375,284.25,275.1099853515625,279.82000732421875,119685900,TSLA
2023-07-05,278.82000732421875,283.8500061035156,277.6000061035156,282.4800109863281,131530900,TSLA
2023-07-06,278.0899963378906,279.9700012207031,272.8800048828125,276.5400085449219,120332100,TSLA
2023-07-07,278.42999267578125,280.7799987792969,273.7699890136719,274.42999267578125,113879200,TSLA
2023-07-10,276.4700012207031,277.5199890136719,265.1000061035156,269.6099853515625,119425400,TSLA
2023-07-11,268.6499938964844,270.8999938964844,266.3699951171875,269.7900085449219,91972400,TSLA
2023-07-12,276.3299865722656,276.5199890136719,271.4599914550781,271.989990234375,95672100,TSLA
2023-07-13,274.5899963378906,279.45001220703125,270.6000061035156,277.8999938964844,112681500,TSLA
2023-07-14,277.010009765625,285.29998779296875,276.30999755859375,281.3800048828125,120062400,TSLA
2023-07-17,286.6300048828125,292.2300109863281,283.57000732421875,290.3800048828125,131569600,TSLA
2023-07-18,290.1499938964844,295.260009765625,286.010009765625,293.3399963378906,112120300,TSLA
2023-07-19,296.0400085449219,299.2900085449219,289.5199890136719,291.260009765625,142355400,TSLA
2023-07-20,279.55999755859375,280.92999267578125,261.20001220703125,262.8999938964844,175158300,TSLA
2023-07-21,268.0,268.0,255.8000030517578,260.0199890136719,161796100,TSLA
2023-07-24,255.85000610351562,269.8500061035156,254.1199951171875,269.05999755859375,136508500,TSLA
2023-07-25,272.3800048828125,272.8999938964844,265.0,265.2799987792969,112757300,TSLA
2023-07-26,263.25,268.0400085449219,261.75,264.3500061035156,95856200,TSLA
2023-07-27,268.30999755859375,269.1300048828125,255.3000030517578,255.7100067138672,103697300,TSLA
2023-07-28,259.8599853515625,267.25,258.2300109863281,266.44000244140625,111446000,TSLA
2023-07-31,267.4800109863281,269.0799865722656,263.7799987792969,267.42999267578125,84582200,TSLA
2023-08-01,266.260009765625,266.4700012207031,260.25,261.07000732421875,83166000,TSLA
2023-08-02,255.57000732421875,259.5199890136719,250.49000549316406,254.11000061035156,101752900,TSLA
2023-08-03,252.0399932861328,260.489990234375,252.0,259.32000732421875,97569100,TSLA
2023-08-04,260.9700012207031,264.7699890136719,253.11000061035156,253.86000061035156,99539900,TSLA
2023-08-07,251.4499969482422,253.64999389648438,242.75999450683594,251.4499969482422,111097900,TSLA
2023-08-08,247.4499969482422,250.9199981689453,245.00999450683594,249.6999969482422,96642200,TSLA
2023-08-09,250.8699951171875,251.10000610351562,241.89999389648438,242.19000244140625,101596300,TSLA
2023-08-10,245.39999389648438,251.8000030517578,243.0,245.33999633789062,109498600,TSLA
2023-08-11,241.77000427246094,243.7899932861328,238.02000427246094,242.64999389648438,99038600,TSLA
2023-08-14,235.6999969482422,240.66000366210938,233.75,239.75999450683594,98595300,TSLA
2023-08-15,238.72999572753906,240.5,232.61000061035156,232.9600067138672,88197600,TSLA
2023-08-16,228.02000427246094,233.97000122070312,225.3800048828125,225.60000610351562,112484500,TSLA
2023-08-17,226.05999755859375,226.74000549316406,218.8300018310547,219.22000122070312,120718400,TSLA
2023-08-18,214.1199951171875,217.5800018310547,212.36000061035156,215.49000549316406,136276600,TSLA
2023-08-21,221.5500030517578,232.1300048828125,220.5800018310547,231.27999877929688,135702700,TSLA
2023-08-22,240.25,240.82000732421875,229.5500030517578,233.19000244140625,130442800,TSLA
2023-08-23,229.33999633789062,238.97999572753906,229.2899932861328,236.86000061035156,101077600,TSLA
2023-08-24,238.66000366210938,238.9199981689453,228.17999267578125,230.0399932861328,99777400,TSLA
2023-08-25,231.30999755859375,239.0,230.35000610351562,238.58999633789062,106612200,TSLA
2023-08-28,242.5800018310547,244.3800048828125,235.35000610351562,238.82000732421875,107673700,TSLA
2023-08-29,238.5800018310547,257.4800109863281,237.77000427246094,257.17999267578125,134047600,TSLA
2023-08-30,254.1999969482422,260.510009765625,250.58999633789062,256.8999938964844,121988400,TSLA
2023-08-31,255.97999572753906,261.17999267578125,255.0500030517578,258.0799865722656,108861700,TSLA
2023-09-01,257.260009765625,259.0799865722656,242.00999450683594,245.00999450683594,132541600,TSLA
2023-09-05,245.0,258.0,244.86000061035156,256.489990234375,129469600,TSLA
2023-09-06,255.13999938964844,255.38999938964844,245.05999755859375,251.9199981689453,116959800,TSLA
2023-09-07,245.07000732421875,252.80999755859375,243.27000427246094,251.49000549316406,115312900,TSLA
2023-09-08,251.22000122070312,256.5199890136719,246.6699981689453,248.5,118367700,TSLA
2023-09-11,264.2699890136719,274.8500061035156,260.6099853515625,273.5799865722656,174667900,TSLA
2023-09-12,270.760009765625,278.3900146484375,266.6000061035156,267.4800109863281,135999900,TSLA
2023-09-13,270.07000732421875,274.9800109863281,268.1000061035156,271.29998779296875,111673700,TSLA
2023-09-14,271.32000732421875,276.7099914550781,270.4200134277344,276.0400085449219,107709800,TSLA
2023-09-15,277.54998779296875,278.9800109863281,271.0,274.3900146484375,133692300,TSLA
2023-09-18,271.1600036621094,271.44000244140625,263.760009765625,265.2799987792969,101543300,TSLA
2023-09-19,264.3500061035156,267.8500061035156,261.20001220703125,266.5,103704000,TSLA
2023-09-20,267.0400085449219,273.92999267578125,262.4599914550781,262.5899963378906,122514600,TSLA
2023-09-21,257.8500061035156,260.8599853515625,254.2100067138672,255.6999969482422,119951500,TSLA
2023-09-22,257.3999938964844,257.7900085449219,244.47999572753906,244.8800048828125,127524100,TSLA
2023-09-25,243.3800048828125,247.10000610351562,238.30999755859375,246.99000549316406,104636600,TSLA
2023-09-26,242.97999572753906,249.5500030517578,241.66000366210938,244.1199951171875,101993600,TSLA
2023-09-27,244.25999450683594,245.3300018310547,234.5800018310547,240.5,136597200,TSLA
2023-09-28,240.02000427246094,247.5500030517578,238.64999389648438,246.3800048828125,117058900,TSLA
2023-09-29,250.0,254.77000427246094,246.35000610351562,250.22000122070312,128522700,TSLA
2023-10-02,244.80999755859375,254.27999877929688,242.6199951171875,251.60000610351562,123810400,TSLA
2023-10-03,248.61000061035156,250.02000427246094,244.4499969482422,246.52999877929688,101985300,TSLA
2023-10-04,248.13999938964844,261.8599853515625,247.60000610351562,261.1600036621094,129721600,TSLA
2023-10-05,260.0,263.6000061035156,256.25,260.04998779296875,119159200,TSLA
2023-10-06,253.97999572753906,261.6499938964844,250.64999389648438,260.5299987792969,118121800,TSLA
2023-10-09,255.30999755859375,261.3599853515625,252.0500030517578,259.6700134277344,101377900,TSLA
2023-10-10,257.75,268.94000244140625,257.6499938964844,263.6199951171875,122656000,TSLA
2023-10-11,266.20001220703125,268.6000061035156,260.8999938964844,262.989990234375,103706300,TSLA
2023-10-12,262.9200134277344,265.4100036621094,256.6300048828125,258.8699951171875,111508100,TSLA
2023-10-13,258.8999938964844,259.6000061035156,250.22000122070312,251.1199951171875,102073800,TSLA
2023-10-16,250.0500030517578,255.39999389648438,248.47999572753906,253.9199981689453,88917200,TSLA
2023-10-17,250.10000610351562,257.17999267578125,247.0800018310547,254.85000610351562,93562900,TSLA
2023-10-18,252.6999969482422,254.6300048828125,242.0800018310547,242.67999267578125,125147800,TSLA
2023-10-19,225.9499969482422,230.61000061035156,216.77999877929688,220.11000061035156,170772700,TSLA
2023-10-20,217.00999450683594,218.86000061035156,210.4199981689453,211.99000549316406,138010100,TSLA
2023-10-23,210.0,216.97999572753906,202.50999450683594,212.0800018310547,150683400,TSLA
2023-10-24,216.5,222.0500030517578,214.11000061035156,216.52000427246094,118231100,TSLA
2023-10-25,215.8800048828125,220.10000610351562,212.1999969482422,212.4199981689453,107065100,TSLA
2023-10-26,211.32000732421875,214.8000030517578,204.8800048828125,205.75999450683594,115112600,TSLA
2023-10-27,210.60000610351562,212.41000366210938,205.77000427246094,207.3000030517578,94881200,TSLA
2023-10-30,209.27999877929688,210.8800048828125,194.6699981689453,197.36000061035156,136448200,TSLA
2023-10-31,196.1199951171875,202.8000030517578,194.07000732421875,200.83999633789062,118068300,TSLA
2023-11-01,204.0399932861328,205.99000549316406,197.85000610351562,205.66000366210938,121661700,TSLA
2023-11-02,212.97000122070312,219.1999969482422,211.4499969482422,218.50999450683594,125987600,TSLA
2023-11-03,221.14999389648438,226.3699951171875,218.39999389648438,219.9600067138672,119534800,TSLA
2023-11-06,223.97999572753906,226.32000732421875,215.0,219.27000427246094,117335800,TSLA
2023-11-07,219.97999572753906,223.1199951171875,215.72000122070312,222.17999267578125,116900100,TSLA
2023-11-08,223.14999389648438,224.14999389648438,217.63999938964844,222.11000061035156,106584800,TSLA
2023-11-09,219.75,220.8000030517578,206.67999267578125,209.97999572753906,142110500,TSLA
2023-11-10,210.02999877929688,215.3800048828125,205.69000244140625,214.64999389648438,130994000,TSLA
2023-11-13,215.60000610351562,225.39999389648438,211.61000061035156,223.7100067138672,140447600,TSLA
2023-11-14,235.02999877929688,238.13999938964844,230.72000122070312,237.41000366210938,149771600,TSLA
2023-11-15,239.2899932861328,246.6999969482422,236.4499969482422,242.83999633789062,150354000,TSLA
2023-11-16,239.49000549316406,240.8800048828125,230.9600067138672,233.58999633789062,136816800,TSLA
2023-11-17,232.0,237.38999938964844,226.5399932861328,234.3000030517578,142532800,TSLA
2023-11-20,234.0399932861328,237.10000610351562,231.02000427246094,235.60000610351562,116320100,TSLA
2023-11-21,235.0399932861328,243.6199951171875,233.33999633789062,241.1999969482422,122288000,TSLA
2023-11-22,242.0399932861328,244.00999450683594,231.39999389648438,234.2100067138672,117950600,TSLA
2023-11-24,233.75,238.75,232.3300018310547,235.4499969482422,65125200,TSLA
2023-11-27,236.88999938964844,238.3300018310547,232.10000610351562,236.0800018310547,112031800,TSLA
2023-11-28,236.67999267578125,247.0,234.00999450683594,246.72000122070312,148549900,TSLA
2023-11-29,249.2100067138672,252.75,242.75999450683594,244.13999938964844,135401300,TSLA
2023-11-30,245.13999938964844,245.22000122070312,236.91000366210938,240.0800018310547,132353200,TSLA
2023-12-01,233.13999938964844,240.19000244140625,231.89999389648438,238.8300018310547,121331700,TSLA
2023-12-04,235.75,239.3699951171875,233.2899932861328,235.5800018310547,104099800,TSLA
2023-12-05,233.8699951171875,246.66000366210938,233.6999969482422,238.72000122070312,137971100,TSLA
2023-12-06,242.9199981689453,246.57000732421875,239.1699981689453,239.3699951171875,126436200,TSLA
2023-12-07,241.5500030517578,244.0800018310547,236.97999572753906,242.63999938964844,107142300,TSLA
2023-12-08,240.27000427246094,245.27000427246094,239.27000427246094,243.83999633789062,103126800,TSLA
2023-12-11,242.74000549316406,243.44000244140625,237.4499969482422,239.74000549316406,97913900,TSLA
2023-12-12,238.5500030517578,238.99000549316406,233.8699951171875,237.00999450683594,95328300,TSLA
2023-12-13,234.19000244140625,240.3000030517578,228.1999969482422,239.2899932861328,146286300,TSLA
2023-12-14,241.22000122070312,253.8800048828125,240.7899932861328,251.0500030517578,160829200,TSLA
2023-12-15,251.2100067138672,254.1300048828125,248.3000030517578,253.5,135932800,TSLA
2023-12-18,253.77999877929688,258.739990234375,251.36000061035156,252.0800018310547,116416500,TSLA
2023-12-19,253.47999572753906,258.3399963378906,253.00999450683594,257.2200012207031,106737400,TSLA
2023-12-20,256.4100036621094,259.8399963378906,247.0,247.13999938964844,125097000,TSLA
2023-12-21,251.89999389648438,254.8000030517578,248.5500030517578,254.5,109594200,TSLA
2023-12-22,256.760009765625,258.2200012207031,251.3699951171875,252.5399932861328,93370100,TSLA
2023-12-26,254.49000549316406,257.9700012207031,252.91000366210938,256.6099853515625,86892400,TSLA
2023-12-27,258.3500061035156,263.3399963378906,257.5199890136719,261.44000244140625,106494400,TSLA
2023-12-28,263.6600036621094,265.1300048828125,252.7100067138672,253.17999267578125,113619900,TSLA
2023-12-29,255.10000610351562,255.19000244140625,247.42999267578125,248.47999572753906,100891600,TSLA
2024-01-02,250.0800018310547,251.25,244.41000366210938,248.4199981689453,104654200,TSLA
2024-01-03,244.97999572753906,245.67999267578125,236.32000732421875,238.4499969482422,121082600,TSLA
2024-01-04,239.25,242.6999969482422,237.72999572753906,237.92999267578125,102629300,TSLA
2024-01-05,236.86000061035156,240.1199951171875,234.89999389648438,237.49000549316406,92488900,TSLA
2024-01-08,236.13999938964844,241.25,235.3000030517578,240.4499969482422,85166600,TSLA
2024-01-09,238.11000061035156,238.9600067138672,232.0399932861328,234.9600067138672,96705700,TSLA
2024-01-10,235.10000610351562,235.5,231.2899932861328,233.94000244140625,91628500,TSLA
2024-01-11,230.57000732421875,230.92999267578125,225.3699951171875,227.22000122070312,105873600,TSLA
2024-01-12,220.0800018310547,225.33999633789062,217.14999389648438,218.88999938964844,123043800,TSLA
2024-01-16,215.10000610351562,223.49000549316406,212.17999267578125,219.91000366210938,115355000,TSLA
2024-01-17,214.86000061035156,215.6699981689453,212.00999450683594,215.5500030517578,103164400,TSLA
2024-01-18,216.8800048828125,217.4499969482422,208.74000549316406,211.8800048828125,108595400,TSLA
2024-01-19,209.99000549316406,213.19000244140625,207.55999755859375,212.19000244140625,102260300,TSLA
2024-01-22,212.25999450683594,217.8000030517578,206.27000427246094,208.8000030517578,117952500,TSLA
2024-01-23,211.3000030517578,215.64999389648438,207.75,209.13999938964844,106605900,TSLA
2024-01-24,211.8800048828125,212.72999572753906,206.77000427246094,207.8300018310547,123369900,TSLA
2024-01-25,189.6999969482422,193.0,180.05999755859375,182.6300048828125,198076800,TSLA
2024-01-26,185.5,186.77999877929688,182.10000610351562,183.25,107343200,TSLA
2024-01-29,185.6300048828125,191.47999572753906,183.6699981689453,190.92999267578125,125013100,TSLA
2024-01-30,195.3300018310547,196.36000061035156,190.61000061035156,191.58999633789062,109982300,TSLA
2024-01-31,187.0,193.97000122070312,185.85000610351562,187.2899932861328,103221400,TSLA
2024-02-01,188.5,189.8800048828125,184.27999877929688,188.86000061035156,91843300,TSLA
2024-02-02,185.0399932861328,188.69000244140625,182.0,187.91000366210938,110612700,TSLA
2024-02-05,184.25999450683594,184.67999267578125,175.00999450683594,181.05999755859375,134294400,TSLA
2024-02-06,177.2100067138672,186.49000549316406,177.11000061035156,185.10000610351562,122676000,TSLA
2024-02-07,188.17999267578125,189.7899932861328,182.67999267578125,187.5800018310547,111535200,TSLA
2024-02-08,189.0,191.6199951171875,185.5800018310547,189.55999755859375,83034000,TSLA
2024-02-09,190.17999267578125,194.1199951171875,189.47999572753906,193.57000732421875,84476300,TSLA
2024-02-12,192.11000061035156,194.72999572753906,187.27999877929688,188.1300048828125,95498600,TSLA
2024-02-13,183.99000549316406,187.25999450683594,182.11000061035156,184.02000427246094,86759500,TSLA
2024-02-14,185.3000030517578,188.88999938964844,183.35000610351562,188.7100067138672,81203000,TSLA
2024-02-15,189.16000366210938,200.8800048828125,188.86000061035156,200.4499969482422,120831800,TSLA
2024-02-16,202.05999755859375,203.1699981689453,197.39999389648438,199.9499969482422,111346700,TSLA
2024-02-20,196.1300048828125,198.60000610351562,189.1300048828125,193.75999450683594,104545800,TSLA
2024-02-21,193.36000061035156,199.44000244140625,191.9499969482422,194.77000427246094,103500300,TSLA
2024-02-22,194.0,198.32000732421875,191.36000061035156,197.41000366210938,92739500,TSLA
2024-02-23,195.30999755859375,197.57000732421875,191.5,191.97000122070312,78841900,TSLA
2024-02-26,192.2899932861328,201.77999877929688,192.0,199.39999389648438,111747100,TSLA
2024-02-27,204.0399932861328,205.60000610351562,198.25999450683594,199.72999572753906,108645400,TSLA
2024-02-28,200.4199981689453,205.3000030517578,198.44000244140625,202.0399932861328,99806200,TSLA
2024-02-29,204.17999267578125,205.27999877929688,198.4499969482422,201.8800048828125,85907000,TSLA
2024-03-01,200.52000427246094,204.52000427246094,198.5,202.63999938964844,82243100,TSLA
2024-03-04,198.72999572753906,199.75,186.72000122070312,188.13999938964844,134334900,TSLA
2024-03-05,183.0500030517578,184.58999633789062,177.57000732421875,180.74000549316406,119660800,TSLA
2024-03-06,179.99000549316406,181.5800018310547,173.6999969482422,176.5399932861328,107920900,TSLA
2024-03-07,174.35000610351562,180.0399932861328,173.6999969482422,178.64999389648438,102129000,TSLA
2024-03-08,181.5,182.72999572753906,174.6999969482422,175.33999633789062,85544600,TSLA
2024-03-11,175.4499969482422,182.8699951171875,174.8000030517578,177.77000427246094,85391500,TSLA
2024-03-12,177.77000427246094,179.42999267578125,172.41000366210938,177.5399932861328,87391700,TSLA
2024-03-13,173.0500030517578,176.0500030517578,169.14999389648438,169.47999572753906,106524500,TSLA
2024-03-14,167.77000427246094,171.1699981689453,160.50999450683594,162.5,126325700,TSLA
2024-03-15,163.16000366210938,165.17999267578125,160.75999450683594,163.57000732421875,97146800,TSLA
2024-03-18,170.02000427246094,174.72000122070312,165.89999389648438,173.8000030517578,108214400,TSLA
2024-03-19,172.36000061035156,172.82000732421875,167.4199981689453,171.32000732421875,77271400,TSLA
2024-03-20,173.0,176.25,170.82000732421875,175.66000366210938,83846700,TSLA
2024-03-21,176.38999938964844,178.17999267578125,171.8000030517578,172.82000732421875,73178000,TSLA
2024-03-22,166.69000244140625,171.1999969482422,166.3000030517578,170.8300018310547,75580600,TSLA
2024-03-25,168.75999450683594,175.24000549316406,168.72999572753906,172.6300048828125,74228600,TSLA
2024-03-26,178.5800018310547,184.25,177.3800048828125,177.6699981689453,113186200,TSLA
2024-03-27,181.41000366210938,181.91000366210938,176.0,179.8300018310547,81804000,TSLA
2024-03-28,177.4499969482422,179.57000732421875,175.3000030517578,175.7899932861328,77654800,TSLA
2024-04-01,176.1699981689453,176.75,170.2100067138672,175.22000122070312,81562100,TSLA
2024-04-02,164.75,167.69000244140625,163.42999267578125,166.6300048828125,116650600,TSLA
2024-04-03,164.02000427246094,168.82000732421875,163.27999877929688,168.3800048828125,82950100,TSLA
2024-04-04,170.07000732421875,177.19000244140625,168.00999450683594,171.11000061035156,123162000,TSLA
2024-04-05,169.0800018310547,170.86000061035156,160.50999450683594,164.89999389648438,143157600,TSLA
2024-04-08,169.33999633789062,174.5,167.7899932861328,172.97999572753906,104423300,TSLA
2024-04-09,172.91000366210938,179.22000122070312,171.9199981689453,176.8800048828125,102951700,TSLA
2024-04-10,173.0399932861328,174.92999267578125,170.00999450683594,171.75999450683594,84532400,TSLA
2024-04-11,172.5500030517578,175.8800048828125,168.50999450683594,174.60000610351562,94516000,TSLA
2024-04-12,172.33999633789062,173.80999755859375,170.36000061035156,171.0500030517578,64722700,TSLA
2024-04-15,170.24000549316406,170.69000244140625,161.3800048828125,161.47999572753906,100245300,TSLA
2024-04-16,156.74000549316406,158.19000244140625,153.75,157.11000061035156,97000000,TSLA
2024-04-17,157.63999938964844,158.3300018310547,153.77999877929688,155.4499969482422,82439700,TSLA
2024-04-18,151.25,152.1999969482422,148.6999969482422,149.92999267578125,96098800,TSLA
2024-04-19,148.97000122070312,150.94000244140625,146.22000122070312,147.0500030517578,87074500,TSLA
2024-04-22,140.55999755859375,144.44000244140625,138.8000030517578,142.0500030517578,107097600,TSLA
2024-04-23,143.3300018310547,147.25999450683594,141.11000061035156,144.67999267578125,124545100,TSLA
2024-04-24,162.83999633789062,167.97000122070312,157.50999450683594,162.1300048828125,181178000,TSLA
2024-04-25,158.9600067138672,170.8800048828125,158.36000061035156,170.17999267578125,126427500,TSLA
2024-04-26,168.85000610351562,172.1199951171875,166.3699951171875,168.2899932861328,109815700,TSLA
2024-04-29,188.4199981689453,198.8699951171875,184.5399932861328,194.0500030517578,243869700,TSLA
2024-04-30,186.97999572753906,190.9499969482422,182.83999633789062,183.27999877929688,127031800,TSLA
2024-05-01,182.0,185.86000061035156,179.00999450683594,179.99000549316406,92829700,TSLA
2024-05-02,182.86000061035156,184.60000610351562,176.02000427246094,180.00999450683594,89148000,TSLA
2024-05-03,182.10000610351562,184.77999877929688,178.4199981689453,181.19000244140625,75491500,TSLA
2024-05-06,183.8000030517578,187.55999755859375,182.1999969482422,184.75999450683594,84390300,TSLA
2024-05-07,182.39999389648438,183.25999450683594,177.39999389648438,177.80999755859375,75045900,TSLA
2024-05-08,171.58999633789062,176.05999755859375,170.14999389648438,174.72000122070312,79969500,TSLA
2024-05-09,175.00999450683594,175.6199951171875,171.3699951171875,171.97000122070312,65950300,TSLA
2024-05-10,173.0500030517578,173.05999755859375,167.75,168.47000122070312,72627200,TSLA
2024-05-13,170.0,175.39999389648438,169.0,171.88999938964844,67018900,TSLA
2024-05-14,174.5,179.49000549316406,174.07000732421875,177.5500030517578,86407400,TSLA
2024-05-15,179.89999389648438,180.0,173.11000061035156,173.99000549316406,79663000,TSLA
2024-05-16,174.10000610351562,175.7899932861328,171.42999267578125,174.83999633789062,59812200,TSLA
2024-05-17,173.5500030517578,179.6300048828125,172.75,177.4600067138672,77445800,TSLA
2024-05-20,177.55999755859375,177.75,173.52000427246094,174.9499969482422,61727400,TSLA
2024-05-21,175.50999450683594,186.8800048828125,174.7100067138672,186.60000610351562,115266500,TSLA
2024-05-22,182.85000610351562,183.8000030517578,178.1199951171875,180.11000061035156,88313500,TSLA
2024-05-23,181.8000030517578,181.89999389648438,173.25999450683594,173.74000549316406,71975500,TSLA
2024-05-24,174.83999633789062,180.0800018310547,173.72999572753906,179.24000549316406,65584500,TSLA
2024-05-28,176.39999389648438,178.25,173.16000366210938,176.75,59736600,TSLA
2024-05-29,174.19000244140625,178.14999389648438,173.92999267578125,176.19000244140625,54782600,TSLA
2024-05-30,178.5800018310547,182.6699981689453,175.3800048828125,178.7899932861328,77618400,TSLA
2024-05-31,178.5,180.32000732421875,173.82000732421875,178.0800018310547,67314600,TSLA
2024-06-03,178.1300048828125,182.63999938964844,174.49000549316406,176.2899932861328,68568900,TSLA
2024-06-04,174.77999877929688,177.75999450683594,174.0,174.77000427246094,60056300,TSLA
2024-06-05,175.35000610351562,176.14999389648438,172.1300048828125,175.0,57953800,TSLA
2024-06-06,174.60000610351562,179.72999572753906,172.72999572753906,177.94000244140625,69887000,TSLA
2024-06-07,176.1300048828125,179.35000610351562,175.5800018310547,177.47999572753906,56244900,TSLA
2024-06-10,176.05999755859375,178.57000732421875,173.1699981689453,173.7899932861328,50774600,TSLA
2024-06-11,173.9199981689453,174.75,167.41000366210938,170.66000366210938,64761900,TSLA
2024-06-12,171.1199951171875,180.5500030517578,169.8000030517578,177.2899932861328,90389400,TSLA
2024-06-13,188.38999938964844,191.0800018310547,181.22999572753906,182.47000122070312,118984100,TSLA
2024-06-14,185.8000030517578,186.0,176.9199981689453,178.00999450683594,82038200,TSLA
2024-06-17,177.9199981689453,188.80999755859375,177.0,187.44000244140625,109786100,TSLA
2024-06-18,186.55999755859375,187.1999969482422,182.3699951171875,184.86000061035156,68982300,TSLA
2024-06-20,184.67999267578125,185.2100067138672,179.66000366210938,181.57000732421875,55893100,TSLA
2024-06-21,182.3000030517578,183.9499969482422,180.69000244140625,183.00999450683594,61937300,TSLA
2024-06-24,184.97000122070312,188.8000030517578,182.5500030517578,182.5800018310547,61992100,TSLA
2024-06-25,184.39999389648438,187.97000122070312,182.00999450683594,187.35000610351562,62905700,TSLA
2024-06-26,186.5399932861328,197.75999450683594,186.36000061035156,196.3699951171875,95737100,TSLA
2024-06-27,195.1699981689453,198.72000122070312,194.0500030517578,197.4199981689453,72746500,TSLA
2024-06-28,199.5500030517578,203.1999969482422,195.25999450683594,197.8800048828125,95438100,TSLA
2024-07-01,201.02000427246094,213.22999572753906,200.85000610351562,209.86000061035156,135691400,TSLA
2024-07-02,218.88999938964844,231.3000030517578,218.05999755859375,231.25999450683594,205047900,TSLA
2024-07-03,234.55999755859375,248.35000610351562,234.25,246.38999938964844,166561500,TSLA
2024-07-05,249.80999755859375,252.3699951171875,242.4600067138672,251.52000427246094,154501200,TSLA
2024-07-08,247.7100067138672,259.44000244140625,244.57000732421875,252.94000244140625,157219600,TSLA
2024-07-09,251.0,265.6099853515625,250.3000030517578,262.3299865722656,160210900,TSLA
2024-07-10,262.79998779296875,267.5899963378906,257.8599853515625,263.260009765625,128519400,TSLA
2024-07-11,263.29998779296875,271.0,239.64999389648438,241.02999877929688,221707300,TSLA
2024-07-12,235.8000030517578,251.83999633789062,233.08999633789062,248.22999572753906,155955800,TSLA
2024-07-15,255.97000122070312,265.6000061035156,251.72999572753906,252.63999938964844,146912900,TSLA
2024-07-16,255.30999755859375,258.6199951171875,245.8000030517578,256.55999755859375,126332500,TSLA
2024-07-17,252.72999572753906,258.4700012207031,246.17999267578125,248.5,115584800,TSLA
2024-07-18,251.08999633789062,257.1400146484375,247.1999969482422,249.22999572753906,110869000,TSLA
2024-07-19,247.7899932861328,249.44000244140625,236.8300018310547,239.1999969482422,87403900,TSLA
2024-07-22,244.2100067138672,253.2100067138672,243.75,251.50999450683594,101225400,TSLA
2024-07-23,253.60000610351562,255.75999450683594,245.6300048828125,246.3800048828125,111928200,TSLA
2024-07-24,225.4199981689453,225.99000549316406,214.7100067138672,215.99000549316406,167942900,TSLA
2024-07-25,216.8000030517578,226.0,216.22999572753906,220.25,100636500,TSLA
2024-07-26,221.19000244140625,222.27999877929688,215.3300018310547,219.8000030517578,94604100,TSLA
2024-07-29,224.89999389648438,234.27000427246094,224.6999969482422,232.10000610351562,129201800,TSLA
2024-07-30,232.25,232.41000366210938,220.0,222.6199951171875,100560300,TSLA
2024-07-31,227.89999389648438,234.67999267578125,226.7899932861328,232.07000732421875,67497000,TSLA
2024-08-01,227.69000244140625,231.8699951171875,214.3300018310547,216.86000061035156,83861900,TSLA
2024-08-02,214.8800048828125,216.1300048828125,205.77999877929688,207.6699981689453,82880100,TSLA
2024-08-05,185.22000122070312,203.8800048828125,182.0,198.8800048828125,100308800,TSLA
2024-08-06,200.75,202.89999389648438,192.6699981689453,200.63999938964844,73783900,TSLA
2024-08-07,200.77000427246094,203.49000549316406,191.47999572753906,191.75999450683594,71159800,TSLA
2024-08-08,195.6999969482422,200.6999969482422,192.0399932861328,198.83999633789062,65033900,TSLA
2024-08-09,197.0500030517578,200.8800048828125,195.11000061035156,200.0,58648300,TSLA
2024-08-12,199.02000427246094,199.25999450683594,194.6699981689453,197.49000549316406,64044900,TSLA
2024-08-13,198.47000122070312,208.49000549316406,197.05999755859375,207.8300018310547,76247400,TSLA
2024-08-14,207.38999938964844,208.44000244140625,198.75,201.3800048828125,70250000,TSLA
2024-08-15,205.02000427246094,215.8800048828125,204.82000732421875,214.13999938964844,89848500,TSLA
2024-08-16,211.14999389648438,219.8000030517578,210.8000030517578,216.1199951171875,88765100,TSLA
2024-08-19,217.07000732421875,222.97999572753906,214.08999633789062,222.72000122070312,76435200,TSLA
2024-08-20,224.8800048828125,228.22000122070312,219.55999755859375,221.10000610351562,74001200,TSLA
2024-08-21,222.6699981689453,224.66000366210938,218.86000061035156,223.27000427246094,70146000,TSLA
2024-08-22,223.82000732421875,224.8000030517578,210.32000732421875,210.66000366210938,79514500,TSLA
2024-08-23,214.4600067138672,221.47999572753906,214.2100067138672,220.32000732421875,81525200,TSLA
2024-08-26,218.75,219.08999633789062,211.00999450683594,213.2100067138672,59301200,TSLA
2024-08-27,213.25,215.66000366210938,206.94000244140625,209.2100067138672,62821400,TSLA
2024-08-28,209.72000122070312,211.83999633789062,202.58999633789062,205.75,64116400,TSLA
2024-08-29,209.8000030517578,214.88999938964844,205.97000122070312,206.27999877929688,62308800,TSLA
2024-08-30,208.6300048828125,214.57000732421875,207.02999877929688,214.11000061035156,63370600,TSLA
2024-09-03,215.25999450683594,219.89999389648438,209.63999938964844,210.60000610351562,76714200,TSLA
2024-09-04,210.58999633789062,222.22000122070312,210.57000732421875,219.41000366210938,80651800,TSLA
2024-09-05,223.49000549316406,235.0,222.25,230.1699981689453,119355000,TSLA
2024-09-06,232.60000610351562,233.60000610351562,210.50999450683594,210.72999572753906,112177000,TSLA
2024-09-09,216.1999969482422,219.8699951171875,213.6699981689453,216.27000427246094,67443500,TSLA
2024-09-10,220.07000732421875,226.39999389648438,218.63999938964844,226.1699981689453,78891100,TSLA
2024-09-11,224.5500030517578,228.47000122070312,216.8000030517578,228.1300048828125,83548600,TSLA
2024-09-12,224.66000366210938,231.4499969482422,223.8300018310547,229.80999755859375,71894900,TSLA
2024-09-13,228.0,232.6699981689453,226.32000732421875,230.2899932861328,59515100,TSLA
2024-09-16,229.3000030517578,229.9600067138672,223.52999877929688,226.77999877929688,54323000,TSLA
2024-09-17,229.4499969482422,234.57000732421875,226.5500030517578,227.8699951171875,66761600,TSLA
2024-09-18,230.08999633789062,235.67999267578125,226.8800048828125,227.1999969482422,78010200,TSLA
2024-09-19,234.0,244.24000549316406,232.1300048828125,243.9199981689453,102694600,TSLA
2024-09-20,241.52000427246094,243.99000549316406,235.9199981689453,238.25,99879100,TSLA
2024-09-23,242.61000061035156,250.0,241.9199981689453,250.0,86927200,TSLA
2024-09-24,254.0800018310547,257.19000244140625,249.0500030517578,254.27000427246094,88491000,TSLA
2024-09-25,252.5399932861328,257.04998779296875,252.27999877929688,257.0199890136719,65034300,TSLA
2024-09-26,260.6000061035156,261.75,251.52999877929688,254.22000122070312,67142200,TSLA
2024-09-27,257.3800048828125,260.70001220703125,254.1199951171875,260.4599914550781,70988100,TSLA
2024-09-30,259.0400085449219,264.8599853515625,255.77000427246094,261.6300048828125,80705700,TSLA
2024-10-01,262.6700134277344,263.9800109863281,248.52999877929688,258.0199890136719,87397600,TSLA
2024-10-02,247.5500030517578,251.16000366210938,241.5,249.02000427246094,93983900,TSLA
2024-10-03,244.47999572753906,249.7899932861328,237.80999755859375,240.66000366210938,80729200,TSLA
2024-10-04,246.69000244140625,250.9600067138672,244.5800018310547,250.0800018310547,86573200,TSLA
2024-10-07,249.0,249.8300018310547,240.6999969482422,240.8300018310547,68113300,TSLA
2024-10-08,243.55999755859375,246.2100067138672,240.55999755859375,244.5,56303200,TSLA
2024-10-09,243.82000732421875,247.42999267578125,239.50999450683594,241.0500030517578,66289500,TSLA
2024-10-10,241.80999755859375,242.7899932861328,232.33999633789062,238.77000427246094,83087100,TSLA
2024-10-11,220.1300048828125,223.33999633789062,214.3800048828125,217.8000030517578,142628900,TSLA
2024-10-14,220.1300048828125,221.91000366210938,213.74000549316406,219.16000366210938,86291900,TSLA
2024-10-15,220.00999450683594,224.25999450683594,217.1199951171875,219.57000732421875,62988800,TSLA
2024-10-16,221.39999389648438,222.82000732421875,218.92999267578125,221.3300018310547,49632800,TSLA
2024-10-17,221.58999633789062,222.0800018310547,217.89999389648438,220.88999938964844,50791800,TSLA
2024-10-18,220.7100067138672,222.27999877929688,219.22999572753906,220.6999969482422,49611900,TSLA
2024-10-21,218.89999389648438,220.47999572753906,215.72999572753906,218.85000610351562,47329000,TSLA
2024-10-22,217.30999755859375,218.22000122070312,215.25999450683594,217.97000122070312,43268700,TSLA
2024-10-23,217.1300048828125,218.72000122070312,212.11000061035156,213.64999389648438,80938900,TSLA
2024-10-24,244.67999267578125,262.1199951171875,242.64999389648438,260.4800109863281,204491900,TSLA
2024-10-25,256.010009765625,269.489990234375,255.32000732421875,269.19000244140625,161611900,TSLA
2024-10-28,270.0,273.5400085449219,262.239990234375,262.510009765625,107653600,TSLA
2024-10-29,264.510009765625,264.9800109863281,255.50999450683594,259.5199890136719,80521800,TSLA
2024-10-30,258.0400085449219,263.3500061035156,255.82000732421875,257.54998779296875,53993600,TSLA
2024-10-31,257.989990234375,259.75,249.25,249.85000610351562,66575300,TSLA
2024-11-01,252.0399932861328,254.0,246.6300048828125,248.97999572753906,57544800,TSLA
2024-11-04,244.55999755859375,248.89999389648438,238.8800048828125,242.83999633789062,68802400,TSLA
2024-11-05,247.33999633789062,255.27999877929688,246.2100067138672,251.44000244140625,69282500,TSLA
2024-11-06,284.6700134277344,289.5899963378906,275.6199951171875,288.5299987792969,165228700,TSLA
2024-11-07,288.8900146484375,299.75,285.5199890136719,296.9100036621094,117309200,TSLA
2024-11-08,299.1400146484375,328.7099914550781,297.6600036621094,321.2200012207031,204782800,TSLA
2024-11-11,346.29998779296875,358.6400146484375,336.0,350.0,210521600,TSLA
2024-11-12,342.739990234375,345.8399963378906,323.30999755859375,328.489990234375,155726000,TSLA
2024-11-13,335.8500061035156,344.6000061035156,322.5,330.239990234375,125405600,TSLA
2024-11-14,327.69000244140625,329.9800109863281,310.3699951171875,311.17999267578125,120726100,TSLA
2024-11-15,310.57000732421875,324.67999267578125,309.2200012207031,320.7200012207031,114440300,TSLA
2024-11-18,340.7300109863281,348.54998779296875,330.010009765625,338.739990234375,126085600,TSLA
2024-11-19,335.760009765625,347.3800048828125,332.75,346.0,88852500,TSLA
2024-11-20,345.0,346.6000061035156,334.29998779296875,342.0299987792969,66340700,TSLA
2024-11-21,343.80999755859375,347.989990234375,335.2799987792969,339.6400146484375,58011700,TSLA
2024-11-22,341.0899963378906,361.5299987792969,337.70001220703125,352.55999755859375,89140700,TSLA
2024-11-25,360.1400146484375,361.92999267578125,338.20001220703125,338.5899963378906,95890900,TSLA
2024-11-26,341.0,346.9599914550781,335.6600036621094,338.2300109863281,62295900,TSLA
2024-11-27,341.79998779296875,342.54998779296875,326.5899963378906,332.8900146484375,57896400,TSLA
2024-11-29,336.0799865722656,345.45001220703125,334.6499938964844,345.1600036621094,37167600,TSLA
2024-12-02,352.3800048828125,360.0,351.1499938964844,357.0899963378906,77986500,TSLA
2024-12-03,351.79998779296875,355.69000244140625,348.20001220703125,351.4200134277344,58267200,TSLA
2024-12-04,353.0,358.1000061035156,348.6000061035156,357.92999267578125,50810900,TSLA
2024-12-05,359.8699951171875,375.42999267578125,359.5,369.489990234375,81403600,TSLA
2024-12-06,377.4200134277344,389.489990234375,370.79998779296875,389.2200012207031,81455800,TSLA
2024-12-09,397.6099853515625,404.79998779296875,378.010009765625,389.7900085449219,96359200,TSLA
2024-12-10,392.67999267578125,409.7300109863281,390.8500061035156,400.989990234375,97563600,TSLA
2024-12-11,409.70001220703125,424.8800048828125,402.3800048828125,424.7699890136719,104287600,TSLA
2024-12-12,424.8399963378906,429.29998779296875,415.0,418.1000061035156,87752200,TSLA
2024-12-13,420.0,436.29998779296875,415.7099914550781,436.2300109863281,89000200,TSLA
2024-12-16,441.0899963378906,463.19000244140625,436.1499938964844,463.0199890136719,114083800,TSLA
2024-12-17,475.8999938964844,483.989990234375,457.510009765625,479.8599853515625,131223000,TSLA
2024-12-18,466.5,488.5400085449219,427.010009765625,440.1300048828125,149340800,TSLA
2024-12-19,451.8800048828125,456.3599853515625,420.0199890136719,436.1700134277344,118566100,TSLA
2024-12-20,425.510009765625,447.0799865722656,417.6400146484375,421.05999755859375,132216200,TSLA
2024-12-23,431.0,434.510009765625,415.4100036621094,430.6000061035156,72698100,TSLA
2024-12-24,435.8999938964844,462.7799987792969,435.1400146484375,462.2799987792969,59551800,TSLA
2024-12-26,465.1600036621094,465.3299865722656,451.0199890136719,454.1300048828125,76366400,TSLA
2024-12-27,449.5199890136719,450.0,426.5,431.6600036621094,82666800,TSLA
2024-12-30,419.3999938964844,427.0,415.75,417.4100036621094,64941000,TSLA
2024-12-31,423.7900085449219,427.92999267578125,402.5400085449219,403.8399963378906,76825100,TSLA
2025-01-02,390.1000061035156,392.7300109863281,373.0400085449219,379.2799987792969,109710700,TSLA
2025-01-03,381.4800109863281,411.8800048828125,379.45001220703125,410.44000244140625,95423300,TSLA
2025-01-06,423.20001220703125,426.42999267578125,401.70001220703125,411.04998779296875,85516500,TSLA
2025-01-07,405.8299865722656,414.3299865722656,390.0,394.3599853515625,75699500,TSLA
2025-01-08,392.95001220703125,402.5,387.3999938964844,394.94000244140625,73038800,TSLA
2025-01-10,391.3999938964844,399.2799987792969,377.2900085449219,394.739990234375,62287300,TSLA
2025-01-13,383.2099914550781,403.7900085449219,380.07000732421875,403.30999755859375,67580500,TSLA
2025-01-14,414.3399963378906,422.6400146484375,394.5400085449219,396.3599853515625,84565000,TSLA
2025-01-15,409.8999938964844,429.79998779296875,405.6600036621094,428.2200012207031,81375500,TSLA
2025-01-16,423.489990234375,424.0,409.1300048828125,413.82000732421875,68335200,TSLA
2025-01-17,421.5,439.739990234375,419.75,426.5,94991400,TSLA
2025-01-21,432.6400146484375,433.20001220703125,406.30999755859375,424.07000732421875,87320900,TSLA
2025-01-22,416.80999755859375,428.0,414.5899963378906,415.1099853515625,60963300,TSLA
2025-01-23,416.05999755859375,420.7300109863281,408.95001220703125,412.3800048828125,50690600,TSLA
2025-01-24,414.45001220703125,418.8800048828125,405.7799987792969,406.5799865722656,56427100,TSLA
2025-01-27,394.79998779296875,406.69000244140625,389.0,397.1499938964844,58125500,TSLA
2025-01-28,396.9100036621094,400.5899963378906,386.5,398.0899963378906,48910700,TSLA
2025-01-29,395.2099914550781,398.5899963378906,384.4800109863281,389.1000061035156,68033600,TSLA
2025-01-30,410.7799987792969,412.5,384.4100036621094,400.2799987792969,98092900,TSLA
2025-01-31,401.5299987792969,419.989990234375,401.3399963378906,404.6000061035156,83283600,TSLA
2025-02-03,386.67999267578125,389.1700134277344,374.3599853515625,383.67999267578125,93732100,TSLA
2025-02-04,382.6300048828125,394.0,381.3999938964844,392.2099914550781,57072200,TSLA
2025-02-05,387.510009765625,388.3900146484375,375.5299987792969,378.1700134277344,57223300,TSLA
2025-02-06,373.0299987792969,375.3999938964844,363.17999267578125,374.32000732421875,77918200,TSLA
2025-02-07,370.19000244140625,380.54998779296875,360.3399963378906,361.6199951171875,70298300,TSLA
2025-02-10,356.2099914550781,362.70001220703125,350.510009765625,350.7300109863281,77514900,TSLA
2025-02-11,345.79998779296875,349.3699951171875,325.1000061035156,328.5,118543400,TSLA
2025-02-12,329.94000244140625,346.3999938964844,329.1199951171875,336.510009765625,105382700,TSLA
2025-02-13,345.0,358.69000244140625,342.8500061035156,355.94000244140625,89441500,TSLA
2025-02-14,360.6199951171875,362.0,347.5,355.8399963378906,68277300,TSLA
2025-02-18,355.010009765625,359.1000061035156,350.0199890136719,354.1099853515625,51631700,TSLA
2025-02-19,354.0,367.3399963378906,353.6700134277344,360.55999755859375,67094400,TSLA
2025-02-20,361.510009765625,362.29998779296875,348.0,354.3999938964844,45965400,TSLA
2025-02-21,353.44000244140625,354.9800109863281,334.4200134277344,337.79998779296875,74058600,TSLA
2025-02-24,338.1400146484375,342.3999938964844,324.70001220703125,330.5299987792969,76052300,TSLA
2025-02-25,327.0199890136719,328.8900146484375,297.25,302.79998779296875,134228800,TSLA
2025-02-26,303.7099914550781,309.0,288.0400085449219,290.79998779296875,100118300,TSLA
2025-02-27,291.1600036621094,297.2300109863281,280.8800048828125,281.95001220703125,101748200,TSLA
2025-02-28,279.5,293.8800048828125,273.6000061035156,292.9800109863281,115697000,TSLA
2025-03-03,300.3399963378906,303.94000244140625,277.29998779296875,284.6499938964844,115551400,TSLA
2025-03-04,270.92999267578125,284.3500061035156,261.8399963378906,272.0400085449219,126706600,TSLA
2025-03-05,272.9200134277344,279.54998779296875,267.7099914550781,279.1000061035156,94042900,TSLA
2025-03-06,272.05999755859375,272.6499938964844,260.0199890136719,263.45001220703125,98451600,TSLA
2025-03-07,259.32000732421875,266.25,250.72999572753906,262.6700134277344,102369600,TSLA
2025-03-10,252.5399932861328,253.3699951171875,220.0,222.14999389648438,189076900,TSLA
2025-03-11,225.30999755859375,237.05999755859375,217.02000427246094,230.5800018310547,174896400,TSLA
2025-03-12,247.22000122070312,251.83999633789062,241.10000610351562,248.08999633789062,142215700,TSLA
2025-03-13,248.1300048828125,248.2899932861328,232.60000610351562,240.67999267578125,114813500,TSLA
2025-03-14,247.30999755859375,251.5800018310547,240.72999572753906,249.97999572753906,100242300,TSLA
2025-03-17,245.05999755859375,245.39999389648438,232.8000030517578,238.00999450683594,111900600,TSLA
2025-03-18,228.16000366210938,230.10000610351562,222.27999877929688,225.30999755859375,111477600,TSLA
2025-03-19,231.61000061035156,241.41000366210938,229.1999969482422,235.86000061035156,111993800,TSLA
2025-03-20,233.35000610351562,238.0,230.0500030517578,236.25999450683594,99028300,TSLA
2025-03-21,234.99000549316406,249.52000427246094,234.5500030517578,248.7100067138672,132728700,TSLA
2025-03-24,258.0799865722656,278.6400146484375,256.3299865722656,278.3900146484375,169079900,TSLA
2025-03-25,283.6000061035156,288.20001220703125,271.2799987792969,288.1400146484375,150361500,TSLA
2025-03-26,282.6600036621094,284.8999938964844,266.510009765625,272.05999755859375,153629800,TSLA
2025-03-27,272.4800109863281,291.8500061035156,271.82000732421875,273.1300048828125,162572100,TSLA
2025-03-28,275.5799865722656,276.1000061035156,260.57000732421875,263.54998779296875,123809400,TSLA
2025-03-31,249.30999755859375,260.55999755859375,243.36000061035156,259.1600036621094,134008900,TSLA
2025-04-01,263.79998779296875,277.45001220703125,259.25,268.4599914550781,146486900,TSLA
2025-04-02,254.60000610351562,284.989990234375,251.27000427246094,282.760009765625,212787800,TSLA
2025-04-03,265.2900085449219,276.29998779296875,261.510009765625,267.2799987792969,136174300,TSLA
2025-04-04,255.3800048828125,261.0,236.0,239.42999267578125,181229400,TSLA
2025-04-07,223.77999877929688,252.0,214.25,233.2899932861328,183453800,TSLA
2025-04-08,245.0,250.44000244140625,217.8000030517578,221.86000061035156,171603500,TSLA
2025-04-09,224.69000244140625,274.69000244140625,223.8800048828125,272.20001220703125,219433400,TSLA
2025-04-10,260.0,262.489990234375,239.3300018310547,252.39999389648438,181722600,TSLA
2025-04-11,251.83999633789062,257.739990234375,241.36000061035156,252.30999755859375,128948100,TSLA
2025-04-14,258.3599853515625,261.79998779296875,245.92999267578125,252.35000610351562,100135200,TSLA
2025-04-15,249.91000366210938,258.75,247.5399932861328,254.11000061035156,79594300,TSLA
2025-04-16,247.61000061035156,251.97000122070312,233.88999938964844,241.5500030517578,112378700,TSLA
2025-04-17,243.47000122070312,244.33999633789062,237.67999267578125,241.3699951171875,83404800,TSLA
2025-04-21,230.25999450683594,232.2100067138672,222.7899932861328,227.5,97768000,TSLA
2025-04-22,230.9600067138672,242.7899932861328,229.85000610351562,237.97000122070312,120858500,TSLA
2025-04-23,254.86000061035156,259.45001220703125,244.42999267578125,250.74000549316406,150381900,TSLA
2025-04-24,250.5,259.5400085449219,249.1999969482422,259.510009765625,94464200,TSLA
2025-04-25,261.69000244140625,286.8500061035156,259.6300048828125,284.95001220703125,167560700,TSLA
2025-04-28,288.9800109863281,294.8599853515625,272.4200134277344,285.8800048828125,151731800,TSLA
2025-04-29,285.5,293.32000732421875,279.4700012207031,292.0299987792969,108906600,TSLA
2025-04-30,279.8999938964844,284.45001220703125,270.7799987792969,282.1600036621094,128961100,TSLA
2025-05-01,280.010009765625,290.8699951171875,279.80999755859375,280.5199890136719,99659000,TSLA
2025-05-02,284.8999938964844,294.7799987792969,279.80999755859375,287.2099914550781,114454700,TSLA
2025-05-05,284.57000732421875,284.8500061035156,274.3999938964844,280.260009765625,94618900,TSLA
2025-05-06,273.1099853515625,277.7300109863281,271.3500061035156,275.3500061035156,76715800,TSLA
2025-05-07,276.8800048828125,277.9200134277344,271.0,276.2200012207031,71592600,TSLA
2025-05-08,279.6300048828125,289.79998779296875,279.4100036621094,284.82000732421875,97539400,TSLA
2025-05-09,290.2099914550781,307.0400085449219,290.0,298.260009765625,132387800,TSLA
2025-05-12,321.989990234375,322.2099914550781,311.5,318.3800048828125,112826700,TSLA
2025-05-13,320.0,337.5899963378906,316.79998779296875,334.07000732421875,136992600,TSLA
2025-05-14,342.5,350.0,337.0,347.67999267578125,136997300,TSLA
2025-05-15,340.3399963378906,346.1400146484375,334.7200012207031,342.82000732421875,97882600,TSLA
2025-05-16,346.239990234375,351.6199951171875,342.3299865722656,349.9800109863281,95895700,TSLA
2025-05-19,336.29998779296875,343.0,333.3699951171875,342.0899963378906,88869900,TSLA
2025-05-20,347.8699951171875,354.989990234375,341.6300048828125,343.82000732421875,131715500,TSLA
2025-05-21,344.42999267578125,347.3500061035156,332.20001220703125,334.6199951171875,102354800,TSLA
2025-05-22,331.8999938964844,347.2699890136719,331.3900146484375,341.0400085449219,97113400,TSLA
2025-05-23,337.9200134277344,343.17999267578125,333.2099914550781,339.3399963378906,84654800,TSLA
2025-05-27,347.3500061035156,363.7900085449219,347.32000732421875,362.8900146484375,120146400,TSLA
2025-05-28,364.8399963378906,365.0,355.9100036621094,356.8999938964844,91404300,TSLA
2025-05-29,365.2900085449219,367.7099914550781,356.0,358.42999267578125,88087800,TSLA
2025-05-30,355.5199890136719,363.67999267578125,345.2900085449219,346.4599914550781,123474900,TSLA
2025-06-02,343.5,348.0199890136719,333.3299865722656,342.69000244140625,81873800,TSLA
2025-06-03,346.6000061035156,355.3999938964844,343.0400085449219,344.2699890136719,99324500,TSLA
2025-06-04,345.1000061035156,345.6000061035156,327.3299865722656,332.04998779296875,98912100,TSLA
2025-06-05,322.489990234375,324.54998779296875,273.2099914550781,284.70001220703125,287499800,TSLA
2025-06-06,298.8299865722656,305.5,291.1400146484375,295.1400146484375,164747700,TSLA
2025-06-09,285.9599914550781,309.8299865722656,281.8500061035156,308.5799865722656,140908900,TSLA
2025-06-10,314.94000244140625,327.8299865722656,310.6700134277344,326.0899963378906,151256500,TSLA
2025-06-11,334.3999938964844,335.5,322.5,326.42999267578125,122611400,TSLA
2025-06-12,323.0799865722656,332.55999755859375,316.8599853515625,319.1099853515625,105127500,TSLA
2025-06-13,313.9700012207031,332.989990234375,313.29998779296875,325.30999755859375,128964300,TSLA
2025-06-16,331.2900085449219,332.04998779296875,326.4100036621094,329.1300048828125,83925900,TSLA
2025-06-17,326.0899963378906,327.260009765625,314.739990234375,316.3500061035156,88282700,TSLA
2025-06-18,317.30999755859375,329.32000732421875,315.45001220703125,322.04998779296875,95137700,TSLA
2025-06-20,327.95001220703125,332.3599853515625,317.7799987792969,322.1600036621094,108688000,TSLA
2025-06-23,327.5400085449219,357.5400085449219,327.4800109863281,348.67999267578125,190716800,TSLA
2025-06-24,356.1700134277344,356.260009765625,340.44000244140625,340.4700012207031,114736200,TSLA
2025-06-25,342.70001220703125,343.0,320.3999938964844,327.54998779296875,119845100,TSLA
2025-06-26,324.6099853515625,331.04998779296875,323.6099853515625,325.7799987792969,80440900,TSLA
2025-06-27,324.510009765625,329.3399963378906,317.5,323.6300048828125,89067000,TSLA
2025-06-30,319.8999938964844,325.5799865722656,316.6000061035156,317.6600036621094,76695100,TSLA
2025-07-01,298.4599914550781,305.8900146484375,293.2099914550781,300.7099914550781,145085700,TSLA
2025-07-02,312.6300048828125,316.8299865722656,303.82000732421875,315.6499938964844,119483700,TSLA
2025-07-03,317.989990234375,318.45001220703125,312.760009765625,315.3500061035156,58042300,TSLA
2025-07-07,291.3699951171875,296.1499938964844,288.7699890136719,293.94000244140625,131177900,TSLA
2025-07-08,297.0,304.04998779296875,294.3500061035156,297.80999755859375,103246700,TSLA
2025-07-09,297.54998779296875,300.1499938964844,293.54998779296875,295.8800048828125,75586800,TSLA
2025-07-10,300.04998779296875,310.4800109863281,300.0,309.8699951171875,104365300,TSLA
2025-07-11,307.8900146484375,314.0899963378906,305.6499938964844,313.510009765625,79236400,TSLA
2025-07-14,317.7300109863281,322.6000061035156,312.6700134277344,316.8999938964844,78043400,TSLA
2025-07-15,319.67999267578125,321.20001220703125,310.5,310.7799987792969,77556300,TSLA
2025-07-16,312.79998779296875,323.5,312.6199951171875,321.6700134277344,97284800,TSLA
2025-07-17,323.1499938964844,324.3399963378906,317.05999755859375,319.4100036621094,73922900,TSLA
2025-07-18,321.6600036621094,330.8999938964844,321.4200134277344,329.6499938964844,94255000,TSLA
2025-07-21,334.3999938964844,338.0,326.8800048828125,328.489990234375,75768800,TSLA
2025-07-22,329.739990234375,335.4100036621094,321.54998779296875,332.1099853515625,77370400,TSLA
2025-07-23,330.8999938964844,336.20001220703125,328.6700134277344,332.55999755859375,92553800,TSLA
2025-07-24,310.0,310.1499938964844,300.4100036621094,305.29998779296875,156966000,TSLA
2025-07-25,308.739990234375,323.6300048828125,308.010009765625,316.05999755859375,148227000,TSLA
2025-07-28,318.45001220703125,330.489990234375,315.69000244140625,325.5899963378906,112673800,TSLA
2025-07-29,325.54998779296875,326.25,318.25,321.20001220703125,87358900,TSLA
2025-07-30,322.17999267578125,324.45001220703125,311.6199951171875,319.0400085449219,83931900,TSLA
2025-07-31,319.6099853515625,321.3699951171875,306.1000061035156,308.2699890136719,85270900,TSLA
2025-08-01,306.2099914550781,309.30999755859375,297.82000732421875,302.6300048828125,89121400,TSLA
2025-08-04,309.0799865722656,312.1199951171875,303.0,309.260009765625,78683900,TSLA
2025-08-05,308.95001220703125,312.45001220703125,305.5,308.7200012207031,57961300,TSLA
2025-08-06,307.8900146484375,320.4700012207031,306.92999267578125,319.9100036621094,78523600,TSLA
2025-08-07,319.7900085449219,322.3999938964844,316.1600036621094,322.2699890136719,66658700,TSLA
2025-08-08,321.42999267578125,335.1499938964844,320.9800109863281,329.6499938964844,91200300,TSLA
2025-08-11,335.0,346.6400146484375,334.1499938964844,339.0299987792969,105320200,TSLA
2025-08-12,345.0,345.260009765625,332.94000244140625,340.8399963378906,80522100,TSLA
2025-08-13,341.5,348.9800109863281,338.20001220703125,339.3800048828125,67838900,TSLA
2025-08-14,335.760009765625,340.4700012207031,330.3999938964844,335.5799865722656,75000700,TSLA
2025-08-15,337.6600036621094,339.29998779296875,327.0199890136719,330.55999755859375,74319800,TSLA
2025-08-18,329.6199951171875,336.2699890136719,329.5899963378906,335.1600036621094,56956600,TSLA
2025-08-19,335.7900085449219,340.54998779296875,327.8500061035156,329.30999755859375,75956000,TSLA
2025-08-20,329.2200012207031,331.3699951171875,314.6000061035156,323.8999938964844,77481800,TSLA
2025-08-21,322.0799865722656,324.8999938964844,318.67999267578125,320.1099853515625,55744400,TSLA
2025-08-22,321.6600036621094,340.25,319.69000244140625,340.010009765625,94016300,TSLA
2025-08-25,338.8999938964844,349.5299987792969,335.0299987792969,346.6000061035156,86670000,TSLA
2025-08-26,344.92999267578125,351.8999938964844,343.7200012207031,351.6700134277344,76651600,TSLA
2025-08-27,351.94000244140625,355.3900146484375,349.1600036621094,349.6000061035156,65519000,TSLA
2025-08-28,350.9100036621094,353.54998779296875,340.260009765625,345.9800109863281,67903200,TSLA
2025-08-29,347.2300109863281,348.75,331.70001220703125,333.8699951171875,81145700,TSLA
2025-09-02,328.2300109863281,333.3299865722656,325.6000061035156,329.3599853515625,58392000,TSLA
2025-09-03,335.20001220703125,343.3299865722656,328.510009765625,334.0899963378906,88733300,TSLA
2025-09-04,336.1499938964844,338.8900146484375,331.4800109863281,338.5299987792969,60711000,TSLA
2025-09-05,348.0,355.8699951171875,344.67999267578125,350.8399963378906,108989800,TSLA
2025-09-08,354.6400146484375,358.44000244140625,344.8399963378906,346.3999938964844,75208300,TSLA
2025-09-09,348.44000244140625,350.7699890136719,343.82000732421875,346.9700012207031,53816000,TSLA
2025-09-10,350.54998779296875,356.3299865722656,346.07000732421875,347.7900085449219,72121700,TSLA
2025-09-11,350.1700134277344,368.989990234375,347.6000061035156,368.80999755859375,103756000,TSLA
2025-09-12,370.94000244140625,396.69000244140625,370.239990234375,395.94000244140625,168156400,TSLA
2025-09-15,423.1300048828125,425.70001220703125,402.42999267578125,410.0400085449219,163823700,TSLA
2025-09-16,414.5,423.25,411.42999267578125,421.6199951171875,104285700,TSLA
2025-09-17,415.75,428.30999755859375,409.6700134277344,425.8599853515625,106133500,TSLA
2025-09-18,428.8699951171875,432.2200012207031,416.55999755859375,416.8500061035156,90454500,TSLA
2025-09-19,421.82000732421875,429.4700012207031,421.7200012207031,426.07000732421875,93131000,TSLA
2025-09-22,431.1099853515625,444.9800109863281,429.1300048828125,434.2099914550781,97108800,TSLA
2025-09-23,439.8800048828125,440.9700012207031,423.7200012207031,425.8500061035156,83422700,TSLA
2025-09-24,429.8299865722656,444.2099914550781,429.0299987792969,442.7900085449219,93133600,TSLA
2025-09-25,435.239990234375,435.3500061035156,419.0799865722656,423.3900146484375,96746400,TSLA
2025-09-26,428.29998779296875,440.4700012207031,421.0199890136719,440.3999938964844,101628200,TSLA
2025-09-29,444.3500061035156,450.9800109863281,439.5,443.2099914550781,79491500,TSLA
2025-09-30,441.5199890136719,445.0,433.1199951171875,444.7200012207031,74358000,TSLA
2025-10-01,443.79998779296875,462.2900085449219,440.75,459.4599914550781,98122300,TSLA
2025-10-02,470.5400085449219,470.75,435.57000732421875,436.0,137009000,TSLA
2025-10-03,443.2900085449219,446.7699890136719,416.5799865722656,429.8299865722656,133188200,TSLA
2025-10-06,440.75,453.54998779296875,436.69000244140625,453.25,85324900,TSLA
2025-10-07,447.82000732421875,452.67999267578125,432.45001220703125,433.0899963378906,102296100,TSLA
2025-10-08,437.57000732421875,441.3299865722656,425.2300109863281,438.69000244140625,71192100,TSLA
2025-10-09,431.80999755859375,436.3500061035156,426.17999267578125,435.5400085449219,69339900,TSLA
2025-10-10,436.5400085449219,443.1300048828125,411.45001220703125,413.489990234375,112107900,TSLA
2025-10-13,423.5299987792969,436.8900146484375,419.70001220703125,435.8999938964844,79552800,TSLA
2025-10-14,426.7900085449219,434.20001220703125,417.8599853515625,429.239990234375,72669400,TSLA
2025-10-15,434.8999938964844,440.510009765625,426.3299865722656,435.1499938964844,71558200,TSLA
2025-10-16,434.7300109863281,439.3500061035156,421.30999755859375,428.75,77189900,TSLA
2025-10-17,425.5,441.4599914550781,423.6000061035156,439.30999755859375,89331600,TSLA
2025-10-20,443.8699951171875,449.79998779296875,440.6099853515625,447.42999267578125,63719000,TSLA
2025-10-21,445.760009765625,449.29998779296875,442.04998779296875,442.6000061035156,54412200,TSLA
2025-10-22,443.45001220703125,445.5400085449219,429.0,438.9700012207031,84023500,TSLA
2025-10-23,420.0,449.3999938964844,413.8999938964844,448.9800109863281,126709800,TSLA
2025-10-24,446.8299865722656,451.67999267578125,430.1700134277344,433.7200012207031,94727800,TSLA
2025-10-27,439.9800109863281,460.1600036621094,438.69000244140625,452.4200134277344,105867500,TSLA
2025-10-28,454.7799987792969,467.0,451.6000061035156,460.54998779296875,80185700,TSLA
2025-10-29,462.5,465.70001220703125,452.6499938964844,461.510009765625,67983500,TSLA
2025-10-30,451.04998779296875,455.05999755859375,439.6099853515625,440.1000061035156,72447900,TSLA
2025-10-31,446.75,458.0,443.69000244140625,456.55999755859375,83135800,TSLA
2025-11-03,455.989990234375,474.07000732421875,453.79998779296875,468.3699951171875,84595200,TSLA
2025-11-04,454.4599914550781,460.2200012207031,443.6000061035156,444.260009765625,87756600,TSLA
2025-11-05,452.04998779296875,466.3299865722656,440.7099914550781,462.07000732421875,85573000,TSLA
2025-11-06,461.9599914550781,467.45001220703125,435.0899963378906,445.9100036621094,109622900,TSLA
2025-11-07,437.9200134277344,439.3599853515625,421.8800048828125,429.5199890136719,103471500,TSLA
2025-11-10,439.6000061035156,449.6700134277344,433.3599853515625,445.2300109863281,76515900,TSLA
2025-11-11,439.3999938964844,442.489990234375,432.3599853515625,439.6199951171875,60533200,TSLA
2025-11-12,442.1499938964844,442.3299865722656,426.55999755859375,430.6000061035156,58513500,TSLA
2025-11-13,423.1300048828125,424.5,396.3399963378906,401.989990234375,118948000,TSLA
2025-11-14,386.29998779296875,412.19000244140625,382.7799987792969,404.3500061035156,105506700,TSLA
2025-11-17,398.739990234375,423.9599914550781,398.739990234375,408.9200134277344,102214300,TSLA
2025-11-18,405.3800048828125,408.8999938964844,393.7099914550781,401.25,80688600,TSLA
2025-11-19,406.17999267578125,411.7799987792969,398.5,403.989990234375,72047700,TSLA
2025-11-20,414.6300048828125,428.94000244140625,394.739990234375,395.2300109863281,113548800,TSLA
2025-11-21,402.32000732421875,402.79998779296875,383.760009765625,391.0899963378906,100460600,TSLA
2025-11-24,402.1700134277344,421.7200012207031,401.0899963378906,417.7799987792969,96806400,TSLA
2025-11-25,414.4200134277344,420.4800109863281,405.95001220703125,419.3999938964844,71915600,TSLA
2025-11-26,423.95001220703125,426.94000244140625,416.8900146484375,426.5799865722656,63463000,TSLA
2025-11-28,426.5899963378906,432.92999267578125,426.20001220703125,430.1700134277344,36252900,TSLA
2025-12-01,425.32000732421875,433.6600036621094,425.2900085449219,430.1400146484375,57463600,TSLA
2025-12-02,430.80999755859375,436.79998779296875,422.1199951171875,429.239990234375,69336600,TSLA
2025-12-03,432.1000061035156,447.9200134277344,431.1099853515625,446.739990234375,87483000,TSLA
2025-12-04,449.94000244140625,454.6300048828125,445.3900146484375,454.5299987792969,71906500,TSLA
2025-12-05,453.0299987792969,458.8699951171875,451.6600036621094,455.0,56427500,TSLA
2025-12-08,447.45001220703125,449.75,435.25,439.5799865722656,69165800,TSLA
2025-12-09,437.5400085449219,452.3900146484375,435.70001220703125,445.1700134277344,62367400,TSLA
2025-12-10,446.07000732421875,456.8800048828125,443.6099853515625,451.45001220703125,63257500,TSLA
2025-12-11,448.95001220703125,449.2699890136719,440.3299865722656,446.8900146484375,55979500,TSLA
2025-12-12,448.0899963378906,463.010009765625,441.6700134277344,458.9599914550781,95656700,TSLA
2025-12-15,469.44000244140625,481.7699890136719,467.6600036621094,475.30999755859375,114542200,TSLA
2025-12-16,472.2099914550781,491.5,465.8299865722656,489.8800048828125,107608100,TSLA
2025-12-17,488.2200012207031,495.2799987792969,466.20001220703125,467.260009765625,106490400,TSLA
2025-12-18,478.1600036621094,490.8599853515625,473.1199951171875,483.3699951171875,95168400,TSLA
2025-12-19,488.1199951171875,490.489990234375,474.7200012207031,481.20001220703125,103305400,TSLA
2025-12-22,489.8800048828125,498.8299865722656,485.3299865722656,488.7300109863281,86916100,TSLA
2025-12-23,489.3999938964844,491.9700012207031,482.8399963378906,485.55999755859375,58223600,TSLA
2025-12-24,488.4800109863281,490.8999938964844,476.79998779296875,485.3999938964844,41285400,TSLA
2025-12-26,485.2300109863281,489.0899963378906,473.82000732421875,475.19000244140625,58780700,TSLA
2025-12-29,469.0,469.3999938964844,459.0,459.6400146484375,66263000,TSLA
2025-12-30,461.0899963378906,463.1199951171875,453.8299865722656,454.42999267578125,59238500,TSLA
2025-12-31,456.1000061035156,456.54998779296875,449.29998779296875,449.7200012207031,49078000,TSLA
2026-01-02,457.79998779296875,458.3399963378906,435.29998779296875,438.07000732421875,85535400,TSLA
2026-01-05,447.989990234375,457.54998779296875,444.57000732421875,451.6700134277344,67940800,TSLA
2026-01-06,446.3800048828125,448.25,428.7799987792969,432.9599914550781,89093800,TSLA
2026-01-07,435.8999938964844,438.3699951171875,431.2900085449219,431.4100036621094,59828800,TSLA
2026-01-08,427.8900146484375,436.8900146484375,424.3699951171875,435.79998779296875,57041100,TSLA
2026-01-09,435.95001220703125,449.04998779296875,430.3900146484375,445.010009765625,67331500,TSLA
2026-01-12,441.2300109863281,454.29998779296875,438.0,448.9599914550781,61649600,TSLA
2026-01-13,450.20001220703125,451.80999755859375,443.95001220703125,447.20001220703125,53719200,TSLA
2026-01-14,442.80999755859375,443.9100036621094,434.2200012207031,439.20001220703125,57259500,TSLA
2026-01-15,441.1300048828125,445.3599853515625,437.6499938964844,438.57000732421875,49465800,TSLA
2026-01-16,439.5,447.25,435.260009765625,437.5,60220600,TSLA
2026-01-20,429.3599853515625,430.7300109863281,417.44000244140625,419.25,63187300,TSLA
2026-01-21,421.6600036621094,438.20001220703125,419.6199951171875,431.44000244140625,68124000,TSLA
2026-01-22,435.1600036621094,449.5,432.6300048828125,449.3599853515625,71546700,TSLA
2026-01-23,447.42999267578125,452.42999267578125,444.0400085449219,449.05999755859375,56771400,TSLA
2026-01-26,445.0,445.0400085449219,434.2799987792969,435.20001220703125,49397400,TSLA
2026-01-27,437.4100036621094,437.5199890136719,430.69000244140625,430.8999938964844,37733100,TSLA
2026-01-28,431.9100036621094,438.260009765625,430.1000061035156,431.4599914550781,54857400,TSLA
2026-01-29,437.79998779296875,440.2300109863281,414.6199951171875,416.55999755859375,81686100,TSLA
2026-01-30,425.3500061035156,439.8800048828125,422.70001220703125,430.4100036621094,82626100,TSLA
2026-02-02,421.2900085449219,427.1499938964844,414.5,421.80999755859375,58739500,TSLA
2026-02-03,424.2699890136719,428.55999755859375,413.69000244140625,421.9599914550781,56886500,TSLA
2026-02-04,420.4599914550781,423.8999938964844,399.17999267578125,406.010009765625,74606900,TSLA
2026-02-05,397.0199890136719,402.1000061035156,387.5299987792969,397.2099914550781,72819800,TSLA
2026-02-06,400.8699951171875,414.54998779296875,397.75,411.1099853515625,62677100,TSLA
2026-02-09,409.9100036621094,421.25,407.2900085449219,417.32000732421875,54484300,TSLA
2026-02-10,418.0799865722656,427.25,417.0,425.2099914550781,64450200,TSLA
2026-02-11,427.9599914550781,436.3500061035156,420.0299987792969,428.2699890136719,57362000,TSLA
2026-02-12,430.29998779296875,436.2300109863281,414.0,417.07000732421875,61933400,TSLA
2026-02-13,414.30999755859375,424.05999755859375,410.8800048828125,417.44000244140625,51434100,TSLA
2026-02-17,412.3599853515625,413.7200012207031,400.510009765625,410.6300048828125,59678800,TSLA
2026-02-18,411.1099853515625,416.8999938964844,409.5799865722656,411.32000732421875,45921400,TSLA
2026-02-19,407.25,415.25,404.1099853515625,411.7099914550781,51019600,TSLA
2026-02-20,408.29998779296875,414.70001220703125,405.5,411.82000732421875,57912200,TSLA
2026-02-23,407.2900085449219,407.70001220703125,394.0400085449219,399.8299865722656,69680000,TSLA
2026-02-24,399.5,410.82000732421875,397.6400146484375,409.3800048828125,58579500,TSLA
2026-02-25,412.1499938964844,420.3399963378906,412.1499938964844,417.3999938964844,54809700,TSLA
2026-02-26,414.4200134277344,416.80999755859375,403.6600036621094,408.5799865722656,53602500,TSLA
2026-02-27,402.94000244140625,407.1199951171875,398.1099853515625,402.510009765625,56890100,TSLA
2026-03-02,390.6000061035156,404.5400085449219,388.25,403.32000732421875,55088300,TSLA
2026-03-03,395.0899963378906,396.3399963378906,385.3900146484375,392.42999267578125,62617300,TSLA
2026-03-04,397.8500061035156,408.3299865722656,394.5799865722656,405.94000244140625,68305500,TSLA
2026-03-05,401.57000732421875,408.6199951171875,399.4200134277344,405.54998779296875,51925900,TSLA
2026-03-06,398.0899963378906,402.3500061035156,394.2099914550781,396.7300109863281,64054600,TSLA
2026-03-09,390.04998779296875,401.5899963378906,381.3999938964844,398.67999267578125,67018900,TSLA
2026-03-10,402.2200012207031,406.5899963378906,398.19000244140625,399.239990234375,59258700,TSLA
2026-03-11,402.2799987792969,416.3800048828125,402.1499938964844,407.82000732421875,62559900,TSLA
2026-03-12,405.17999267578125,406.5,394.6499938964844,395.010009765625,60973800,TSLA
2026-03-13,399.1700134277344,400.20001220703125,389.95001220703125,391.20001220703125,58504100,TSLA
2026-03-16,396.2200012207031,403.7300109863281,394.4200134277344,395.55999755859375,58068300,TSLA
2026-03-17,395.69000244140625,400.1199951171875,393.0,399.2699890136719,46890500,TSLA
2026-03-18,399.0,403.07000732421875,392.30999755859375,392.7799987792969,50853100,TSLA
2026-03-19,387.2699890136719,387.2699890136719,378.7300109863281,380.29998779296875,67078300,TSLA
2026-03-20,379.8500061035156,379.8900146484375,364.4599914550781,367.9599914550781,78628600,TSLA
2026-03-23,373.0899963378906,385.3299865722656,372.7300109863281,380.8500061035156,74606000,TSLA
2026-03-24,376.55999755859375,387.4800109863281,376.30999755859375,383.0299987792969,60004900,TSLA
2026-03-25,389.989990234375,396.2300109863281,385.010009765625,385.95001220703125,55157300,TSLA
2026-03-26,381.6000061035156,384.44000244140625,371.8699951171875,372.1099853515625,55522900,TSLA
2026-03-27,369.69000244140625,369.8599853515625,359.4700012207031,361.8299865722656,62065700,TSLA
2026-03-30,365.8599853515625,367.2900085449219,352.1400146484375,355.2799987792969,67954400,TSLA
2026-03-31,361.510009765625,373.3299865722656,361.0,371.75,75534900,TSLA
2026-04-01,378.6300048828125,383.1400146484375,374.0799865722656,381.260009765625,58683800,TSLA
2026-04-02,364.20001220703125,370.2799987792969,359.0299987792969,360.5899963378906,83031200,TSLA
2026-04-06,362.5899963378906,367.7200012207031,346.6400146484375,352.82000732421875,77697600,TSLA
2026-04-07,346.44000244140625,348.0199890136719,337.239990234375,346.6499938964844,74515400,TSLA
2026-04-08,363.7900085449219,364.5,339.6700134277344,343.25,78838600,TSLA
2026-04-09,343.1499938964844,348.8800048828125,337.25,345.6199951171875,62164000,TSLA
2026-04-10,346.2900085449219,350.3599853515625,342.739990234375,348.95001220703125,51336000,TSLA
2026-04-13,350.07000732421875,356.3500061035156,348.57000732421875,352.4200134277344,53617500,TSLA
2026-04-14,357.6700134277344,367.6300048828125,354.7699890136719,364.20001220703125,59979600,TSLA
2026-04-15,366.8299865722656,394.6499938964844,362.5,391.95001220703125,113810400,TSLA
2026-04-16,393.80999755859375,394.05999755859375,381.79998779296875,388.8999938964844,63515100,TSLA
2026-04-17,395.9200134277344,409.2799987792969,391.6499938964844,400.6199951171875,90640000,TSLA
2026-04-20,402.5799865722656,406.79998779296875,388.3299865722656,392.5,64603900,TSLA
2026-04-21,393.0,393.95001220703125,385.2200012207031,386.4200134277344,50530600,TSLA
2026-04-22,387.57000732421875,393.010009765625,385.29998779296875,387.510009765625,62362800,TSLA
2026-04-23,375.2799987792969,386.0,368.3900146484375,373.7200012207031,93969500,TSLA
2026-04-24,373.5,382.760009765625,370.7300109863281,376.29998779296875,62893300,TSLA
2026-04-27,372.0899963378906,380.7799987792969,364.0199890136719,378.6700134277344,66735800,TSLA
2026-04-28,374.67999267578125,382.2900085449219,372.5400085449219,376.0199890136719,50864400,TSLA
2026-04-29,375.3999938964844,376.3999938964844,370.0400085449219,372.79998779296875,45384800,TSLA
2026-04-30,372.75,384.75,368.1700134277344,381.6300048828125,51076000,TSLA
2026-05-01,382.489990234375,397.82000732421875,378.79998779296875,390.82000732421875,65338300,TSLA
2026-05-04,390.2300109863281,394.6400146484375,384.79998779296875,392.510009765625,48765100,TSLA
2026-05-05,395.19000244140625,402.1199951171875,389.0,389.3699951171875,47780600,TSLA
2026-05-06,386.25,401.67999267578125,384.0199890136719,398.7300109863281,53465400,TSLA
2026-05-07,407.4800109863281,415.8299865722656,402.1199951171875,411.7900085449219,64294200,TSLA
2026-05-08,416.4800109863281,431.20001220703125,416.3900146484375,428.3500061035156,65050000,TSLA
2026-05-11,422.1600036621094,449.1600036621094,416.79998779296875,445.0,78376100,TSLA
2026-05-12,441.4100036621094,447.79998779296875,422.260009765625,433.45001220703125,60569300,TSLA
2026-05-13,436.6700134277344,453.3999938964844,430.2099914550781,445.2699890136719,68283200,TSLA
2026-05-14,446.489990234375,451.9800109863281,441.1600036621094,443.29998779296875,46070400,TSLA
2026-05-15,433.9800109863281,434.6600036621094,422.0,422.239990234375,52688700,TSLA
2026-05-18,419.2699890136719,421.1300048828125,405.3299865722656,409.989990234375,52474200,TSLA
2026-05-19,403.1600036621094,405.6300048828125,393.6300048828125,404.1099853515625,46500600,TSLA
2026-05-20,407.6000061035156,417.4599914550781,406.3900146484375,417.260009765625,45294700,TSLA
2026-05-21,422.17999267578125,426.95001220703125,412.8999938964844,417.8500061035156,42636900,TSLA
2026-05-22,422.6700134277344,431.510009765625,420.510009765625,426.010009765625,46104700,TSLA
2026-05-26,430.260009765625,435.20001220703125,426.1199951171875,433.5899963378906,45658900,TSLA
2026-05-27,442.8900146484375,445.6000061035156,435.5199890136719,440.3599853515625,44656500,TSLA
2026-05-28,437.6199951171875,443.9599914550781,436.29998779296875,442.1000061035156,32435000,TSLA
2026-05-29,439.8500061035156,441.07000732421875,428.1400146484375,435.7900085449219,45176800,TSLA
2026-06-01,427.489990234375,429.6000061035156,415.42999267578125,415.8800048828125,44937900,TSLA
2026-06-02,418.2200012207031,424.4200134277344,413.6499938964844,423.739990234375,37596000,TSLA
2026-06-03,418.70001220703125,433.6000061035156,416.0,423.70001220703125,44500700,TSLA
2026-06-04,419.8399963378906,426.3500061035156,417.1600036621094,418.45001220703125,35323300,TSLA
2026-06-05,420.5,424.67999267578125,388.5899963378906,391.0,63420200,TSLA
2026-06-08,396.3299865722656,412.94000244140625,394.7200012207031,408.95001220703125,50328800,TSLA
2026-06-09,411.0299987792969,418.5,384.239990234375,396.67999267578125,59940200,TSLA
2026-06-10,391.5400085449219,397.0899963378906,380.1499938964844,381.5899963378906,49695600,TSLA
2026-06-11,388.2799987792969,399.5400085449219,380.6600036621094,399.1499938964844,45324300,TSLA
2026-06-12,399.489990234375,406.67999267578125,386.760009765625,406.42999267578125,63514500,TSLA
2026-06-15,412.3699951171875,416.0,407.1000061035156,411.1499938964844,45620500,TSLA
2026-06-16,404.1099853515625,412.4200134277344,400.5400085449219,404.6600036621094,40255500,TSLA
2026-06-17,401.5299987792969,405.94000244140625,393.760009765625,396.3800048828125,43534300,TSLA
2026-06-18,398.1000061035156,402.5199890136719,384.70001220703125,400.489990234375,58384700,TSLA
